user_id,customer_segment,recence_jours,frequence,montant,score_r,score_f,score_m,score_rfm,segment_rfm
U11226,Budget,535,1,1.91,1,1,1,111,Perdus
U02432,Inconnu,200,1,3.73,3,1,1,311,Nouveaux
U11519,Budget,671,1,4.76,1,1,1,111,Perdus
U96839,Inconnu,289,1,5.3,2,1,1,211,Perdus
U08945,Standard,62,1,5.63,4,1,1,411,Nouveaux
U05530,Budget,86,1,5.7,4,1,1,411,Nouveaux
U11015,Budget,23,1,5.7,5,1,1,511,Nouveaux
U00512,Budget,367,1,5.86,2,1,1,211,Perdus
U07686,Standard,214,1,6.32,3,1,1,311,Nouveaux
U08265,Budget,24,1,6.7,5,1,1,511,Nouveaux
U96339,Inconnu,402,1,8.8,1,1,1,111,Perdus
U95754,Inconnu,158,1,9.48,3,1,1,311,Nouveaux
U07084,Budget,376,1,11.65,2,1,1,211,Perdus
U91407,Inconnu,474,1,11.72,1,1,1,111,Perdus
U98792,Inconnu,404,1,11.8,1,1,1,111,Perdus
U91833,Inconnu,680,1,11.87,1,1,1,111,Perdus
U00697,Budget,116,1,11.91,4,1,1,411,Nouveaux
U06773,Standard,528,2,12.13,1,1,1,111,Perdus
U90569,Inconnu,187,1,12.65,3,1,1,311,Nouveaux
U06810,Budget,22,1,12.66,5,1,1,511,Nouveaux
U93886,Inconnu,502,1,13.26,1,1,1,111,Perdus
U11276,Budget,79,1,13.53,4,1,1,411,Nouveaux
U99531,Inconnu,106,1,13.61,4,1,1,411,Nouveaux
U91219,Inconnu,336,1,13.73,2,1,1,211,Perdus
U96797,Inconnu,377,1,13.76,2,1,1,211,Perdus
U91873,Inconnu,236,1,13.79,3,1,1,311,Nouveaux
U91042,Inconnu,196,1,14.31,3,1,1,311,Nouveaux
U10865,Budget,307,1,14.55,2,1,1,211,Perdus
U09431,Standard,5,1,14.94,5,1,1,511,Nouveaux
U11057,Budget,553,1,14.97,1,1,1,111,Perdus
U92280,Inconnu,249,1,15.27,2,1,1,211,Perdus
U02002,Standard,443,1,15.42,1,1,1,111,Perdus
U08851,Budget,66,1,16.09,4,1,1,411,Nouveaux
U05108,Budget,663,1,16.27,1,1,1,111,Perdus
U06908,Budget,545,1,16.5,1,1,1,111,Perdus
U97547,Inconnu,66,1,16.69,4,1,1,411,Nouveaux
U98163,Inconnu,231,1,16.71,3,1,1,311,Nouveaux
U99347,Inconnu,487,1,17.96,1,1,1,111,Perdus
U05595,Budget,207,1,18.64,3,1,1,311,Nouveaux
U04734,Budget,420,1,18.7,1,1,1,111,Perdus
U92216,Inconnu,134,1,18.76,3,1,1,311,Nouveaux
U08261,Budget,124,2,18.87,4,1,1,411,Nouveaux
U90895,Inconnu,183,1,18.98,3,1,1,311,Nouveaux
U11867,Budget,71,1,18.99,4,1,1,411,Nouveaux
U99137,Inconnu,32,1,19.01,5,1,1,511,Nouveaux
U93721,Inconnu,325,1,19.32,2,1,1,211,Perdus
U00032,Standard,325,1,19.46,2,1,1,211,Perdus
U99950,Inconnu,168,1,19.65,3,1,1,311,Nouveaux
U02530,Standard,157,1,20.05,3,1,1,311,Nouveaux
U02581,Budget,178,1,20.11,3,1,1,311,Nouveaux
U96622,Inconnu,500,1,20.32,1,1,1,111,Perdus
U11659,Standard,178,1,20.35,3,1,1,311,Nouveaux
U00898,Budget,110,1,20.51,4,1,1,411,Nouveaux
U96443,Inconnu,14,1,20.81,5,1,1,511,Nouveaux
U94218,Inconnu,664,1,20.91,1,1,1,111,Perdus
U02861,Budget,427,1,21.01,1,1,1,111,Perdus
U06417,Budget,132,1,21.15,3,1,1,311,Nouveaux
U08506,Budget,549,1,21.69,1,1,1,111,Perdus
U96246,Inconnu,255,1,22.38,2,1,1,211,Perdus
U06125,Budget,14,1,22.45,5,1,1,511,Nouveaux
U10876,Standard,232,1,22.58,3,1,1,311,Nouveaux
U00275,Standard,705,1,22.65,1,1,1,111,Perdus
U01732,Budget,298,1,22.85,2,1,1,211,Perdus
U96087,Inconnu,359,1,23.3,2,1,1,211,Perdus
U99213,Inconnu,607,1,23.66,1,1,1,111,Perdus
U91805,Inconnu,463,1,23.97,1,1,1,111,Perdus
U10573,Standard,393,1,24.26,1,1,1,111,Perdus
U03658,Standard,544,1,24.52,1,1,1,111,Perdus
U92691,Inconnu,166,1,24.95,3,1,1,311,Nouveaux
U01163,Standard,52,1,24.96,4,1,1,411,Nouveaux
U93209,Inconnu,463,1,25.17,1,1,1,111,Perdus
U07577,Budget,141,1,25.2,3,1,1,311,Nouveaux
U04261,Budget,7,1,25.52,5,1,1,511,Nouveaux
U01466,Standard,55,1,26.0,4,1,1,411,Nouveaux
U94352,Inconnu,602,1,26.47,1,1,1,111,Perdus
U93707,Inconnu,435,1,26.6,1,1,1,111,Perdus
U97855,Inconnu,461,1,26.61,1,1,1,111,Perdus
U04666,Budget,9,1,26.74,5,1,1,511,Nouveaux
U00700,Standard,34,2,26.79,5,1,1,511,Nouveaux
U02443,Budget,38,1,26.87,5,1,1,511,Nouveaux
U00764,Standard,32,1,27.2,5,1,1,511,Nouveaux
U08212,Budget,306,2,27.26,2,1,1,211,Perdus
U07658,Standard,239,1,27.61,3,1,1,311,Nouveaux
U04486,Budget,710,1,27.8,1,1,1,111,Perdus
U96967,Inconnu,107,1,27.88,4,1,1,411,Nouveaux
U01226,Budget,406,1,28.42,1,1,1,111,Perdus
U97067,Inconnu,616,1,29.11,1,1,1,111,Perdus
U94086,Inconnu,240,1,29.35,3,1,1,311,Nouveaux
U09188,Budget,638,1,29.51,1,1,1,111,Perdus
U92910,Inconnu,176,1,29.59,3,1,1,311,Nouveaux
U05409,Inconnu,243,1,29.92,3,1,1,311,Nouveaux
U93202,Inconnu,268,1,29.93,2,1,1,211,Perdus
U06254,Budget,469,1,30.22,1,1,1,111,Perdus
U97982,Inconnu,370,1,30.62,2,1,1,211,Perdus
U02708,Budget,551,1,31.07,1,1,1,111,Perdus
U91639,Inconnu,334,1,31.26,2,1,1,211,Perdus
U09409,Budget,64,1,31.47,4,1,1,411,Nouveaux
U95773,Inconnu,403,1,31.51,1,1,1,111,Perdus
U08724,Budget,465,1,32.23,1,1,1,111,Perdus
U05956,Budget,538,2,32.32,1,1,1,111,Perdus
U00121,Budget,465,1,32.42,1,1,1,111,Perdus
U99888,Inconnu,121,1,32.86,4,1,1,411,Nouveaux
U98817,Inconnu,677,1,33.18,1,1,1,111,Perdus
U10868,Budget,702,1,33.73,1,1,1,111,Perdus
U04867,Budget,98,1,33.74,4,1,1,411,Nouveaux
U07651,Budget,46,1,34.21,5,1,1,511,Nouveaux
U91711,Inconnu,555,1,34.89,1,1,1,111,Perdus
U91829,Inconnu,279,1,34.89,2,1,1,211,Perdus
U00966,Premium,619,1,34.99,1,1,1,111,Perdus
U92599,Inconnu,243,1,35.1,3,1,1,311,Nouveaux
U97865,Inconnu,149,1,35.72,3,1,1,311,Nouveaux
U08678,Budget,10,3,36.47,5,1,1,511,Nouveaux
U98673,Inconnu,302,1,37.03,2,1,1,211,Perdus
U02513,Budget,69,1,37.05,4,1,1,411,Nouveaux
U97843,Inconnu,719,1,37.19,1,1,1,111,Perdus
U00575,Budget,105,1,37.82,4,1,1,411,Nouveaux
U03266,Budget,363,1,37.84,2,1,1,211,Perdus
U03967,Budget,185,1,37.94,3,1,1,311,Nouveaux
U11899,Budget,48,1,38.34,4,1,1,411,Nouveaux
U06766,Budget,713,2,38.38,1,1,1,111,Perdus
U95341,Inconnu,165,1,38.81,3,1,1,311,Nouveaux
U93779,Inconnu,111,1,39.7,4,1,1,411,Nouveaux
U90604,Inconnu,179,1,40.13,3,1,1,311,Nouveaux
U91535,Inconnu,358,1,40.21,2,1,1,211,Perdus
U11452,Budget,643,1,41.19,1,1,1,111,Perdus
U91157,Inconnu,583,1,41.49,1,1,1,111,Perdus
U03804,Budget,53,1,41.52,4,1,1,411,Nouveaux
U11105,Budget,463,3,41.61,1,1,1,111,Perdus
U92329,Inconnu,82,1,41.77,4,1,1,411,Nouveaux
U01210,Budget,674,1,41.82,1,1,1,111,Perdus
U94524,Inconnu,260,1,41.97,2,1,1,211,Perdus
U95352,Inconnu,521,1,42.95,1,1,1,111,Perdus
U92888,Inconnu,471,1,42.97,1,1,1,111,Perdus
U02398,Budget,114,1,43.08,4,1,1,411,Nouveaux
U04968,Budget,133,2,43.14,3,1,1,311,Nouveaux
U06137,Standard,618,1,43.5,1,1,1,111,Perdus
U10067,Budget,238,1,43.95,3,1,1,311,Nouveaux
U03246,Standard,269,1,44.36,2,1,1,211,Perdus
U96860,Inconnu,302,1,44.47,2,1,1,211,Perdus
U02227,Budget,29,1,44.51,5,1,1,511,Nouveaux
U98327,Inconnu,258,1,44.69,2,1,1,211,Perdus
U94236,Inconnu,127,1,44.76,4,1,1,411,Nouveaux
U94273,Inconnu,665,1,46.08,1,1,1,111,Perdus
U00252,Budget,30,1,46.27,5,1,1,511,Nouveaux
U99566,Inconnu,710,1,46.27,1,1,1,111,Perdus
U96232,Inconnu,715,1,46.31,1,1,1,111,Perdus
U09122,Budget,200,1,46.42,3,1,1,311,Nouveaux
U94183,Inconnu,45,1,46.46,5,1,1,511,Nouveaux
U08792,Budget,26,1,46.72,5,1,1,511,Nouveaux
U06884,Standard,68,3,46.78,4,1,1,411,Nouveaux
U01166,Budget,89,1,46.79,4,1,1,411,Nouveaux
U96374,Inconnu,239,1,47.29,3,1,1,311,Nouveaux
U00599,Budget,201,1,47.59,3,1,1,311,Nouveaux
U06290,Budget,562,1,47.73,1,1,1,111,Perdus
U10626,Standard,29,1,47.79,5,1,1,511,Nouveaux
U01624,Budget,368,1,47.83,2,1,1,211,Perdus
U98175,Inconnu,195,1,48.25,3,1,1,311,Nouveaux
U94388,Inconnu,655,1,48.37,1,1,1,111,Perdus
U94063,Inconnu,360,1,48.86,2,1,1,211,Perdus
U96217,Inconnu,384,1,49.0,1,1,1,111,Perdus
U99967,Inconnu,267,1,49.28,2,1,1,211,Perdus
U03248,Budget,238,1,49.29,3,1,1,311,Nouveaux
U95038,Inconnu,471,1,49.82,1,1,1,111,Perdus
U05642,Budget,260,1,50.84,2,1,1,211,Perdus
U95953,Inconnu,173,1,50.85,3,1,1,311,Nouveaux
U00158,Standard,587,1,50.9,1,1,1,111,Perdus
U05617,Standard,93,1,51.04,4,1,1,411,Nouveaux
U05399,Standard,49,2,51.06,4,1,1,411,Nouveaux
U91465,Inconnu,670,1,51.29,1,1,1,111,Perdus
U00481,Budget,412,1,51.33,1,1,1,111,Perdus
U01462,Budget,74,2,51.4,4,1,1,411,Nouveaux
U07354,Budget,458,1,52.27,1,1,1,111,Perdus
U11505,Standard,81,2,52.87,4,1,1,411,Nouveaux
U93100,Inconnu,249,1,53.22,2,1,1,211,Perdus
U98751,Inconnu,545,1,53.28,1,1,1,111,Perdus
U08795,Standard,568,1,53.66,1,1,1,111,Perdus
U92354,Inconnu,550,1,54.63,1,1,1,111,Perdus
U92407,Inconnu,180,1,54.71,3,1,1,311,Nouveaux
U03209,Standard,129,2,55.22,3,1,1,311,Nouveaux
U95381,Inconnu,238,1,55.37,3,1,1,311,Nouveaux
U04394,Budget,566,1,55.38,1,1,1,111,Perdus
U03244,Budget,409,1,55.8,1,1,1,111,Perdus
U94076,Inconnu,548,1,55.9,1,1,1,111,Perdus
U91048,Inconnu,55,1,55.95,4,1,1,411,Nouveaux
U07050,Budget,617,1,56.03,1,1,1,111,Perdus
U09211,Inconnu,138,1,56.16,3,1,1,311,Nouveaux
U91163,Inconnu,507,1,56.8,1,1,1,111,Perdus
U96167,Inconnu,400,1,56.9,1,1,1,111,Perdus
U98916,Inconnu,316,1,57.22,2,1,1,211,Perdus
U92593,Inconnu,246,1,58.02,3,1,1,311,Nouveaux
U09159,Budget,298,1,58.19,2,1,1,211,Perdus
U02779,Budget,469,1,58.24,1,1,1,111,Perdus
U91678,Inconnu,490,1,58.52,1,1,1,111,Perdus
U97244,Inconnu,387,1,58.93,1,1,1,111,Perdus
U09410,Budget,488,1,59.46,1,1,1,111,Perdus
U02834,Budget,711,1,59.48,1,1,1,111,Perdus
U08395,Budget,395,2,59.7,1,1,1,111,Perdus
U05781,Budget,78,1,59.75,4,1,1,411,Nouveaux
U06801,Budget,256,1,60.09,2,1,1,211,Perdus
U08413,Budget,596,1,60.22,1,1,1,111,Perdus
U11681,Budget,401,1,60.27,1,1,1,111,Perdus
U97846,Inconnu,439,1,60.34,1,1,1,111,Perdus
U93863,Inconnu,605,1,60.6,1,1,1,111,Perdus
U97049,Inconnu,336,1,60.6,2,1,1,211,Perdus
U95926,Inconnu,44,1,60.85,5,1,1,511,Nouveaux
U96535,Inconnu,496,1,62.48,1,1,1,111,Perdus
U03519,Budget,49,1,62.63,4,1,1,411,Nouveaux
U99973,Inconnu,447,1,62.9,1,1,1,111,Perdus
U97832,Inconnu,721,1,63.07,1,1,1,111,Perdus
U91967,Inconnu,372,1,63.16,2,1,1,211,Perdus
U92213,Inconnu,327,1,63.29,2,1,1,211,Perdus
U92250,Inconnu,85,1,63.49,4,1,1,411,Nouveaux
U92228,Inconnu,144,1,63.55,3,1,1,311,Nouveaux
U95702,Inconnu,558,1,63.77,1,1,1,111,Perdus
U91930,Inconnu,426,1,64.57,1,1,1,111,Perdus
U93319,Inconnu,422,1,64.58,1,1,1,111,Perdus
U93467,Inconnu,261,1,64.71,2,1,1,211,Perdus
U95091,Inconnu,57,1,64.96,4,1,1,411,Nouveaux
U96719,Inconnu,479,1,65.24,1,1,1,111,Perdus
U04254,Standard,2,2,65.62,5,1,1,511,Nouveaux
U98303,Inconnu,354,1,66.89,2,1,1,211,Perdus
U09139,Budget,465,3,67.27,1,1,1,111,Perdus
U00841,Budget,660,1,67.36,1,1,1,111,Perdus
U92114,Inconnu,449,1,67.94,1,1,1,111,Perdus
U95057,Inconnu,242,1,68.73,3,1,1,311,Nouveaux
U95178,Inconnu,455,1,68.74,1,1,1,111,Perdus
U91112,Inconnu,171,1,68.98,3,1,1,311,Nouveaux
U04975,Budget,148,1,69.2,3,1,1,311,Nouveaux
U03464,Budget,126,1,69.31,4,1,1,411,Nouveaux
U01705,Budget,8,1,69.4,5,1,1,511,Nouveaux
U10389,Budget,178,1,69.52,3,1,1,311,Nouveaux
U92720,Inconnu,635,1,70.09,1,1,1,111,Perdus
U06665,Budget,346,2,70.27,2,1,1,211,Perdus
U90346,Inconnu,263,1,70.45,2,1,1,211,Perdus
U06895,Budget,414,2,70.46,1,1,1,111,Perdus
U07471,Budget,340,2,70.87,2,1,1,211,Perdus
U06348,Budget,11,2,70.91,5,1,1,511,Nouveaux
U04093,Standard,178,1,71.45,3,1,1,311,Nouveaux
U05081,Standard,6,1,71.85,5,1,1,511,Nouveaux
U01078,Standard,550,3,72.2,1,1,1,111,Perdus
U05652,Budget,501,2,72.8,1,1,1,111,Perdus
U96975,Inconnu,398,1,73.86,1,1,1,111,Perdus
U90688,Inconnu,371,1,74.38,2,1,1,211,Perdus
U01019,Premium,6,2,74.62,5,1,1,511,Nouveaux
U10558,Budget,398,2,74.81,1,1,1,111,Perdus
U96032,Inconnu,99,1,75.12,4,1,1,411,Nouveaux
U95470,Inconnu,584,1,75.2,1,1,1,111,Perdus
U11129,Budget,523,3,75.47,1,1,1,111,Perdus
U03072,Budget,16,1,75.67,5,1,1,511,Nouveaux
U01200,Standard,345,4,76.01,2,1,1,211,Perdus
U00733,Budget,704,1,76.1,1,1,1,111,Perdus
U00249,Budget,187,1,76.14,3,1,1,311,Nouveaux
U95840,Inconnu,237,1,76.19,3,1,1,311,Nouveaux
U97906,Inconnu,578,1,76.71,1,1,1,111,Perdus
U96907,Inconnu,244,1,76.95,3,1,1,311,Nouveaux
U05329,Standard,263,2,77.02,2,1,1,211,Perdus
U99062,Inconnu,298,1,77.53,2,1,1,211,Perdus
U06033,Budget,708,2,77.93,1,1,1,111,Perdus
U98189,Inconnu,203,1,78.0,3,1,1,311,Nouveaux
U05991,Standard,20,2,78.18,5,1,1,511,Nouveaux
U01237,Standard,93,1,79.04,4,1,1,411,Nouveaux
U03949,Budget,105,2,79.04,4,1,1,411,Nouveaux
U01310,Budget,59,3,79.18,4,1,1,411,Nouveaux
U10543,Budget,25,1,79.42,5,1,1,511,Nouveaux
U11992,Standard,77,2,79.86,4,1,1,411,Nouveaux
U07294,Budget,17,1,79.89,5,1,1,511,Nouveaux
U10392,Budget,634,2,80.02,1,1,1,111,Perdus
U06693,Budget,222,2,80.11,3,1,1,311,Nouveaux
U01740,Standard,284,2,80.25,2,1,1,211,Perdus
U99606,Inconnu,125,1,80.27,4,1,1,411,Nouveaux
U98436,Inconnu,203,1,80.7,3,1,1,311,Nouveaux
U03849,Standard,40,2,81.3,5,1,1,511,Nouveaux
U08385,Budget,74,1,82.41,4,1,1,411,Nouveaux
U09315,Budget,98,3,82.42,4,1,1,411,Nouveaux
U00027,Budget,638,1,82.75,1,1,1,111,Perdus
U04520,Budget,11,1,82.87,5,1,1,511,Nouveaux
U05576,Budget,37,1,82.88,5,1,1,511,Nouveaux
U90290,Inconnu,259,1,83.0,2,1,1,211,Perdus
U98241,Inconnu,276,1,83.04,2,1,1,211,Perdus
U99801,Inconnu,614,1,83.31,1,1,1,111,Perdus
U09913,Standard,283,1,83.61,2,1,1,211,Perdus
U09061,Standard,7,1,85.54,5,1,1,511,Nouveaux
U08539,Budget,497,3,85.55,1,1,1,111,Perdus
U90452,Inconnu,392,1,85.8,1,1,1,111,Perdus
U06782,Budget,672,2,86.16,1,1,1,111,Perdus
U08529,Budget,526,1,86.22,1,1,1,111,Perdus
U01841,Budget,596,2,86.87,1,1,1,111,Perdus
U92254,Inconnu,150,1,87.05,3,1,1,311,Nouveaux
U05692,Budget,529,3,87.56,1,1,1,111,Perdus
U07546,Standard,647,2,87.68,1,1,1,111,Perdus
U05229,Budget,397,2,87.73,1,1,1,111,Perdus
U04190,Standard,0,2,88.1,5,1,1,511,Nouveaux
U96206,Inconnu,348,1,88.15,2,1,1,211,Perdus
U11133,Standard,319,3,88.77,2,1,1,211,Perdus
U09603,Budget,225,2,88.83,3,1,1,311,Nouveaux
U99402,Inconnu,432,1,88.94,1,1,1,111,Perdus
U91750,Inconnu,47,1,89.43,5,1,1,511,Nouveaux
U07357,Standard,226,1,89.77,3,1,1,311,Nouveaux
U97495,Inconnu,501,1,90.61,1,1,1,111,Perdus
U94425,Inconnu,541,1,90.67,1,1,1,111,Perdus
U93148,Inconnu,659,1,90.79,1,1,1,111,Perdus
U99006,Inconnu,622,1,91.05,1,1,1,111,Perdus
U94495,Inconnu,646,1,91.96,1,1,1,111,Perdus
U08116,Budget,266,1,93.28,2,1,1,211,Perdus
U10746,Budget,0,2,93.62,5,1,1,511,Nouveaux
U09097,Budget,49,1,93.64,4,1,1,411,Nouveaux
U98506,Inconnu,100,1,94.07,4,1,1,411,Nouveaux
U09817,Budget,9,2,94.21,5,1,1,511,Nouveaux
U07844,Budget,188,1,94.35,3,1,1,311,Nouveaux
U02604,Inconnu,81,2,94.45,4,1,1,411,Nouveaux
U06040,Standard,1,2,94.76,5,1,1,511,Nouveaux
U02327,Budget,579,3,94.83,1,1,1,111,Perdus
U00981,Standard,17,1,94.86,5,1,1,511,Nouveaux
U00231,Budget,187,2,95.36,3,1,1,311,Nouveaux
U09320,Budget,3,1,96.02,5,1,1,511,Nouveaux
U10146,Standard,162,4,96.67,3,2,1,321,Nouveaux
U94363,Inconnu,544,1,96.97,1,1,1,111,Perdus
U93107,Inconnu,562,1,97.2,1,1,1,111,Perdus
U93981,Inconnu,309,1,97.22,2,1,1,211,Perdus
U03288,Budget,429,2,97.91,1,1,1,111,Perdus
U10235,Standard,7,2,98.28,5,1,1,511,Nouveaux
U02299,Budget,527,3,98.4,1,1,1,111,Perdus
U94720,Inconnu,350,1,98.41,2,1,1,211,Perdus
U93083,Inconnu,400,1,98.49,1,1,1,111,Perdus
U06956,Budget,64,1,99.57,4,1,1,411,Nouveaux
U11169,Budget,500,2,99.71,1,1,1,111,Perdus
U11584,Budget,642,2,99.98,1,1,1,111,Perdus
U09837,Standard,457,3,100.1,1,1,1,111,Perdus
U06535,Standard,421,1,100.28,1,1,1,111,Perdus
U00618,Standard,16,3,100.36,5,1,1,511,Nouveaux
U01330,Budget,342,2,100.49,2,1,1,211,Perdus
U08094,Premium,185,2,100.84,3,1,1,311,Nouveaux
U07507,Budget,55,1,100.93,4,1,1,411,Nouveaux
U01075,Standard,145,1,101.28,3,1,1,311,Nouveaux
U02552,Budget,319,1,101.59,2,1,1,211,Perdus
U92205,Inconnu,532,1,101.87,1,1,1,111,Perdus
U10255,Budget,566,1,101.97,1,1,1,111,Perdus
U98227,Inconnu,277,1,102.03,2,1,1,211,Perdus
U90076,Inconnu,556,1,102.06,1,1,1,111,Perdus
U10591,Budget,609,2,102.92,1,1,1,111,Perdus
U98677,Inconnu,2,1,103.15,5,1,1,511,Nouveaux
U94004,Inconnu,555,1,103.32,1,1,1,111,Perdus
U04067,Budget,101,2,103.91,4,1,1,411,Nouveaux
U11778,Budget,610,4,104.2,1,2,1,121,Perdus
U07418,Budget,459,2,105.05,1,1,1,111,Perdus
U10135,Budget,447,3,105.27,1,1,1,111,Perdus
U05412,Standard,289,1,105.46,2,1,1,211,Perdus
U06681,Budget,611,1,105.88,1,1,1,111,Perdus
U02331,Budget,170,2,105.93,3,1,1,311,Nouveaux
U98760,Inconnu,538,1,107.15,1,1,1,111,Perdus
U00726,Budget,214,2,107.42,3,1,1,311,Nouveaux
U08223,Budget,5,3,108.11,5,1,1,511,Nouveaux
U95558,Inconnu,624,1,108.17,1,1,1,111,Perdus
U91257,Inconnu,342,1,108.22,2,1,1,211,Perdus
U11092,Budget,627,2,108.45,1,1,1,111,Perdus
U01223,Budget,267,1,108.8,2,1,1,211,Perdus
U06346,Budget,8,4,109.61,5,1,1,511,Nouveaux
U02158,Standard,161,2,109.73,3,1,1,311,Nouveaux
U03438,Budget,563,2,109.95,1,1,1,111,Perdus
U08785,Budget,307,1,110.37,2,1,1,211,Perdus
U90296,Inconnu,38,1,110.39,5,1,1,511,Nouveaux
U98017,Inconnu,412,1,110.5,1,1,1,111,Perdus
U93246,Inconnu,522,1,111.13,1,1,1,111,Perdus
U08865,Inconnu,296,1,111.18,2,1,1,211,Perdus
U06138,Budget,684,3,111.76,1,1,1,111,Perdus
U95014,Inconnu,197,1,111.85,3,1,1,311,Nouveaux
U94445,Inconnu,80,1,111.98,4,1,1,411,Nouveaux
U06080,Budget,52,1,112.31,4,1,1,411,Nouveaux
U03837,Standard,256,2,112.63,2,1,1,211,Perdus
U94341,Inconnu,320,1,113.5,2,1,1,211,Perdus
U02180,Budget,173,2,114.22,3,1,1,311,Nouveaux
U02143,Standard,74,2,115.29,4,1,1,411,Nouveaux
U96030,Inconnu,124,1,115.67,4,1,1,411,Nouveaux
U00631,Budget,38,4,116.12,5,1,1,511,Nouveaux
U04723,Budget,124,3,116.44,4,1,1,411,Nouveaux
U02458,Standard,283,2,116.6,2,1,1,211,Perdus
U07342,Budget,363,3,116.92,2,1,1,211,Perdus
U99271,Inconnu,110,1,117.26,4,1,1,411,Nouveaux
U01046,Budget,251,4,117.53,2,1,1,211,Perdus
U11302,Standard,62,1,118.32,4,1,1,411,Nouveaux
U06860,Budget,102,2,118.42,4,1,1,411,Nouveaux
U06596,Budget,351,2,118.6,2,1,1,211,Perdus
U00343,Budget,48,1,118.88,4,1,1,411,Nouveaux
U02337,Standard,643,3,118.94,1,1,1,111,Perdus
U93678,Inconnu,265,1,119.15,2,1,1,211,Perdus
U01582,Budget,499,2,119.24,1,1,1,111,Perdus
U04302,Budget,353,3,119.5,2,1,1,211,Perdus
U95003,Inconnu,202,1,119.83,3,1,1,311,Nouveaux
U11797,Standard,518,3,119.99,1,1,1,111,Perdus
U01520,Standard,122,3,121.57,4,1,1,411,Nouveaux
U94738,Inconnu,686,1,122.26,1,1,1,111,Perdus
U00935,Budget,233,1,122.72,3,1,1,311,Nouveaux
U90918,Inconnu,398,1,123.23,1,1,1,111,Perdus
U08801,Budget,192,5,123.38,3,2,1,321,Nouveaux
U08062,Budget,26,3,123.4,5,1,1,511,Nouveaux
U07596,Inconnu,104,4,123.48,4,2,1,421,Nouveaux
U06197,Standard,22,1,123.6,5,1,1,511,Nouveaux
U02328,Budget,592,1,123.63,1,1,1,111,Perdus
U11614,Budget,581,2,123.65,1,1,1,111,Perdus
U94038,Inconnu,440,1,123.96,1,1,1,111,Perdus
U08774,Budget,401,2,124.9,1,1,1,111,Perdus
U00078,Budget,540,1,125.36,1,1,1,111,Perdus
U11345,Budget,159,2,125.59,3,1,1,311,Nouveaux
U93665,Inconnu,332,1,125.67,2,1,1,211,Perdus
U07040,Budget,2,1,125.96,5,1,1,511,Nouveaux
U11249,Standard,707,1,126.08,1,1,1,111,Perdus
U06841,Budget,5,2,126.57,5,1,1,511,Nouveaux
U08256,Standard,35,4,126.65,5,2,1,521,Nouveaux
U11822,Standard,70,1,126.83,4,1,1,411,Nouveaux
U10012,Budget,669,2,127.21,1,1,1,111,Perdus
U08112,Budget,449,1,127.57,1,1,1,111,Perdus
U98986,Inconnu,237,1,127.69,3,1,1,311,Nouveaux
U96429,Inconnu,341,1,127.83,2,1,1,211,Perdus
U99922,Inconnu,138,1,128.45,3,1,1,311,Nouveaux
U00823,Budget,55,3,128.52,4,1,1,411,Nouveaux
U00985,Budget,285,2,128.52,2,1,1,211,Perdus
U02764,Budget,290,2,128.61,2,1,1,211,Perdus
U03539,Budget,360,1,128.75,2,1,1,211,Perdus
U94311,Inconnu,684,1,128.85,1,1,1,111,Perdus
U01375,Budget,559,1,128.91,1,1,1,111,Perdus
U00845,Budget,511,1,128.96,1,1,1,111,Perdus
U10687,Budget,613,2,129.19,1,1,1,111,Perdus
U96618,Inconnu,55,1,129.69,4,1,1,411,Nouveaux
U11266,Inconnu,693,3,129.77,1,1,1,111,Perdus
U03375,Budget,54,1,129.9,4,1,1,411,Nouveaux
U09658,Premium,39,2,130.03,5,1,1,511,Nouveaux
U01306,Standard,337,3,130.45,2,1,1,211,Perdus
U02004,Budget,609,2,130.56,1,1,1,111,Perdus
U05736,Standard,7,3,130.88,5,1,1,511,Nouveaux
U92587,Inconnu,708,1,131.77,1,1,1,111,Perdus
U07868,Budget,65,2,132.02,4,1,1,411,Nouveaux
U10462,Budget,682,2,132.3,1,1,1,111,Perdus
U03690,Standard,577,1,132.51,1,1,1,111,Perdus
U90731,Inconnu,44,1,132.65,5,1,1,511,Nouveaux
U08634,Premium,406,2,132.75,1,1,1,111,Perdus
U03286,Budget,12,2,133.55,5,1,1,511,Nouveaux
U94287,Inconnu,216,1,133.67,3,1,1,311,Nouveaux
U04794,Budget,291,3,134.47,2,1,1,211,Perdus
U08178,Budget,112,1,134.9,4,1,1,411,Nouveaux
U04252,Budget,23,1,134.91,5,1,1,511,Nouveaux
U05765,Standard,46,2,135.25,5,1,1,511,Nouveaux
U91697,Inconnu,249,1,135.73,2,1,1,211,Perdus
U09162,Standard,95,5,135.8,4,2,1,421,Nouveaux
U02421,Budget,65,1,136.18,4,1,1,411,Nouveaux
U10351,Budget,25,3,136.62,5,1,1,511,Nouveaux
U01910,Budget,104,2,136.82,4,1,1,411,Nouveaux
U04213,Budget,2,3,137.24,5,1,1,511,Nouveaux
U97068,Inconnu,203,1,137.87,3,1,1,311,Nouveaux
U01802,Standard,27,2,138.19,5,1,1,511,Nouveaux
U05068,Standard,321,1,139.05,2,1,1,211,Perdus
U10956,Budget,247,3,139.1,2,1,1,211,Perdus
U95005,Inconnu,330,1,139.6,2,1,1,211,Perdus
U07638,Standard,50,1,140.06,4,1,1,411,Nouveaux
U01954,Standard,155,3,140.13,3,1,1,311,Nouveaux
U00041,Budget,158,2,140.17,3,1,1,311,Nouveaux
U97802,Inconnu,477,1,140.26,1,1,1,111,Perdus
U01070,Budget,264,2,140.29,2,1,1,211,Perdus
U95120,Inconnu,312,1,140.82,2,1,1,211,Perdus
U04355,Standard,89,2,141.45,4,1,1,411,Nouveaux
U05320,Budget,543,1,141.72,1,1,1,111,Perdus
U04177,Budget,623,1,141.96,1,1,1,111,Perdus
U07943,Standard,336,1,142.51,2,1,1,211,Perdus
U07468,Budget,493,4,142.77,1,2,1,121,Perdus
U02661,Budget,660,2,142.87,1,1,1,111,Perdus
U93829,Inconnu,114,1,143.08,4,1,1,411,Nouveaux
U01703,Budget,309,1,143.29,2,1,1,211,Perdus
U08134,Standard,144,1,143.35,3,1,1,311,Nouveaux
U09413,Inconnu,267,2,143.47,2,1,1,211,Perdus
U95289,Inconnu,177,1,143.57,3,1,1,311,Nouveaux
U02863,Standard,256,2,143.67,2,1,1,211,Perdus
U03140,Standard,551,2,144.38,1,1,1,111,Perdus
U09051,Budget,596,1,145.17,1,1,1,111,Perdus
U09187,Budget,312,2,145.17,2,1,1,211,Perdus
U01336,Budget,187,2,145.88,3,1,1,311,Nouveaux
U04736,Budget,679,3,145.88,1,1,1,111,Perdus
U03142,Standard,50,1,145.9,4,1,1,411,Nouveaux
U10256,Standard,165,3,145.91,3,1,1,311,Nouveaux
U11237,Budget,440,2,145.93,1,1,1,111,Perdus
U10014,Premium,50,4,146.09,4,2,1,421,Nouveaux
U07653,Budget,171,2,146.12,3,1,1,311,Nouveaux
U06340,Standard,526,2,146.44,1,1,1,111,Perdus
U94637,Inconnu,50,1,146.49,4,1,1,411,Nouveaux
U04198,Standard,611,3,147.01,1,1,1,111,Perdus
U07675,Standard,585,3,147.65,1,1,1,111,Perdus
U99971,Inconnu,596,1,147.69,1,1,1,111,Perdus
U01100,Budget,86,1,148.27,4,1,1,411,Nouveaux
U06756,Budget,441,3,148.79,1,1,1,111,Perdus
U95956,Inconnu,602,1,149.11,1,1,1,111,Perdus
U08293,Budget,501,2,149.32,1,1,1,111,Perdus
U07484,Budget,63,2,149.8,4,1,1,411,Nouveaux
U10528,Standard,709,3,149.8,1,1,1,111,Perdus
U10441,Budget,63,2,150.09,4,1,1,411,Nouveaux
U05485,Budget,242,2,150.54,3,1,1,311,Nouveaux
U96462,Inconnu,225,1,150.61,3,1,1,311,Nouveaux
U04146,Budget,641,2,151.12,1,1,1,111,Perdus
U93293,Inconnu,333,1,151.51,2,1,1,211,Perdus
U01962,Standard,533,2,151.57,1,1,1,111,Perdus
U01860,Budget,553,3,152.36,1,1,1,111,Perdus
U07640,Standard,65,4,152.41,4,2,1,421,Nouveaux
U10657,Budget,22,2,152.49,5,1,1,511,Nouveaux
U06218,Inconnu,463,2,152.97,1,1,1,111,Perdus
U11826,Budget,7,1,153.12,5,1,1,511,Nouveaux
U10087,Budget,118,1,153.19,4,1,1,411,Nouveaux
U10581,Budget,218,1,153.27,3,1,1,311,Nouveaux
U06982,Budget,294,1,153.32,2,1,1,211,Perdus
U92096,Inconnu,281,1,153.96,2,1,1,211,Perdus
U02223,Standard,99,3,154.45,4,1,1,411,Nouveaux
U11340,Budget,53,2,154.45,4,1,1,411,Nouveaux
U05552,Inconnu,12,2,154.93,5,1,1,511,Nouveaux
U08929,Budget,315,5,155.14,2,2,1,221,Perdus
U97248,Inconnu,535,1,155.3,1,1,1,111,Perdus
U99251,Inconnu,373,1,157.11,2,1,1,211,Perdus
U06524,Budget,165,2,157.6,3,1,1,311,Nouveaux
U02612,Budget,230,1,157.76,3,1,1,311,Nouveaux
U91274,Inconnu,342,1,158.43,2,1,1,211,Perdus
U00385,Standard,325,2,158.54,2,1,1,211,Perdus
U97066,Inconnu,48,1,158.79,4,1,1,411,Nouveaux
U97410,Inconnu,249,1,159.08,2,1,1,211,Perdus
U05469,Budget,683,2,159.2,1,1,1,111,Perdus
U00164,Budget,100,3,159.55,4,1,1,411,Nouveaux
U01106,Budget,397,1,160.28,1,1,1,111,Perdus
U94324,Inconnu,396,1,160.62,1,1,1,111,Perdus
U11800,Standard,252,3,161.12,2,1,1,211,Perdus
U10239,Budget,8,2,161.52,5,1,1,511,Nouveaux
U09234,Budget,334,3,161.59,2,1,1,211,Perdus
U01126,Standard,65,3,162.07,4,1,1,411,Nouveaux
U02451,Budget,32,3,162.26,5,1,1,511,Nouveaux
U05324,Standard,13,4,162.31,5,1,1,511,Nouveaux
U94905,Inconnu,395,1,162.94,1,1,1,111,Perdus
U03483,Budget,16,1,162.97,5,1,1,511,Nouveaux
U99776,Inconnu,324,1,162.99,2,1,1,211,Perdus
U08773,Budget,364,2,163.22,2,1,1,211,Perdus
U05744,Standard,395,8,163.25,1,3,1,131,À risque
U01077,Budget,184,3,163.68,3,1,1,311,Nouveaux
U09847,Budget,1,4,163.69,5,2,1,521,Nouveaux
U04042,Budget,466,2,164.15,1,1,1,111,Perdus
U00665,Budget,132,1,164.25,3,1,1,311,Nouveaux
U07399,Premium,132,2,164.27,3,1,1,311,Nouveaux
U11674,Budget,569,1,164.34,1,1,1,111,Perdus
U02009,Budget,459,3,164.4,1,1,1,111,Perdus
U98955,Inconnu,614,1,164.42,1,1,1,111,Perdus
U92181,Inconnu,642,1,164.71,1,1,1,111,Perdus
U94914,Inconnu,66,1,164.91,4,1,1,411,Nouveaux
U05887,Standard,42,2,165.07,5,1,1,511,Nouveaux
U96020,Inconnu,576,1,165.26,1,1,1,111,Perdus
U06173,Budget,125,3,165.3,4,1,1,411,Nouveaux
U03910,Standard,143,3,165.39,3,1,1,311,Nouveaux
U08478,Budget,527,3,165.53,1,1,1,111,Perdus
U09217,Budget,381,1,166.31,2,1,1,211,Perdus
U10736,Standard,95,3,166.63,4,1,1,411,Nouveaux
U06695,Budget,644,2,167.14,1,1,1,111,Perdus
U10233,Budget,1,2,167.35,5,1,1,511,Nouveaux
U03352,Budget,1,5,168.38,5,2,1,521,Nouveaux
U01664,Budget,76,2,168.81,4,1,1,411,Nouveaux
U01684,Budget,109,3,168.96,4,1,1,411,Nouveaux
U11054,Budget,189,4,169.08,3,2,1,321,Nouveaux
U05976,Standard,223,3,169.4,3,1,1,311,Nouveaux
U90075,Inconnu,131,1,169.45,3,1,1,311,Nouveaux
U09683,Budget,100,2,169.91,4,1,1,411,Nouveaux
U01528,Budget,74,5,170.24,4,2,1,421,Nouveaux
U05947,Standard,101,4,171.16,4,1,1,411,Nouveaux
U05784,Standard,440,2,171.36,1,1,1,111,Perdus
U09244,Standard,77,4,171.72,4,2,1,421,Nouveaux
U10916,Standard,321,3,172.06,2,1,1,211,Perdus
U09276,Budget,325,1,173.6,2,1,1,211,Perdus
U94152,Inconnu,574,1,173.8,1,1,1,111,Perdus
U07864,Budget,69,1,174.09,4,1,1,411,Nouveaux
U07160,Standard,466,4,175.11,1,1,1,111,Perdus
U05249,Budget,660,1,175.62,1,1,1,111,Perdus
U06529,Standard,276,3,175.83,2,1,1,211,Perdus
U98389,Inconnu,550,1,176.21,1,1,1,111,Perdus
U90481,Inconnu,722,1,176.91,1,1,1,111,Perdus
U10346,Budget,314,2,177.36,2,1,1,211,Perdus
U07709,Budget,8,1,177.72,5,1,1,511,Nouveaux
U11429,Budget,488,4,178.0,1,2,1,121,Perdus
U92222,Inconnu,590,1,179.12,1,1,1,111,Perdus
U06620,Budget,119,4,179.18,4,1,1,411,Nouveaux
U92962,Inconnu,199,1,179.41,3,1,1,311,Nouveaux
U97993,Inconnu,211,1,179.41,3,1,1,311,Nouveaux
U92138,Inconnu,138,1,180.6,3,1,1,311,Nouveaux
U06450,Standard,579,4,180.88,1,1,1,111,Perdus
U11622,Budget,183,1,181.51,3,1,1,311,Nouveaux
U00662,Budget,394,2,181.71,1,1,1,111,Perdus
U09220,Budget,53,2,181.97,4,1,1,411,Nouveaux
U10686,Budget,423,1,182.31,1,1,1,111,Perdus
U10266,Budget,715,3,182.64,1,1,1,111,Perdus
U91558,Inconnu,192,1,183.43,3,1,1,311,Nouveaux
U05394,Budget,560,2,183.61,1,1,1,111,Perdus
U04423,Budget,46,1,183.91,5,1,1,511,Nouveaux
U01485,Inconnu,544,1,184.06,1,1,1,111,Perdus
U07986,Standard,101,4,184.1,4,2,1,421,Nouveaux
U96586,Inconnu,552,1,184.23,1,1,1,111,Perdus
U11287,Budget,449,1,184.45,1,1,1,111,Perdus
U09711,Standard,534,3,185.83,1,1,1,111,Perdus
U05627,Budget,463,4,186.04,1,1,1,111,Perdus
U00705,Budget,191,2,186.17,3,1,1,311,Nouveaux
U94638,Inconnu,30,1,186.8,5,1,1,511,Nouveaux
U07229,Inconnu,213,3,188.1,3,1,1,311,Nouveaux
U94578,Inconnu,23,1,188.98,5,1,1,511,Nouveaux
U93795,Inconnu,394,1,189.25,1,1,1,111,Perdus
U09896,Budget,400,3,189.56,1,1,1,111,Perdus
U02745,Standard,13,4,189.99,5,1,1,511,Nouveaux
U11046,Budget,529,1,190.46,1,1,1,111,Perdus
U98222,Inconnu,11,1,191.07,5,1,1,511,Nouveaux
U03619,Inconnu,44,3,191.08,5,1,1,511,Nouveaux
U95786,Inconnu,100,1,191.75,4,1,1,411,Nouveaux
U06134,Standard,4,3,191.99,5,1,1,511,Nouveaux
U00119,Budget,7,3,192.17,5,1,1,511,Nouveaux
U00772,Standard,93,4,192.71,4,1,1,411,Nouveaux
U00897,Premium,51,2,193.08,4,1,1,411,Nouveaux
U95000,Inconnu,505,1,193.12,1,1,1,111,Perdus
U00632,Budget,57,1,194.26,4,1,1,411,Nouveaux
U08524,Budget,282,3,194.6,2,1,1,211,Perdus
U05294,Standard,640,3,194.69,1,1,1,111,Perdus
U11295,Standard,34,5,195.69,5,2,1,521,Nouveaux
U01011,Budget,495,2,196.95,1,1,1,111,Perdus
U99100,Inconnu,383,1,197.05,2,1,1,211,Perdus
U11855,Budget,25,1,198.61,5,1,1,511,Nouveaux
U98026,Inconnu,72,1,199.18,4,1,1,411,Nouveaux
U06216,Budget,101,3,199.76,4,1,1,411,Nouveaux
U05572,Budget,619,3,200.83,1,1,1,111,Perdus
U09606,Budget,601,2,201.68,1,1,1,111,Perdus
U05854,Budget,635,5,201.72,1,2,1,121,Perdus
U02889,Budget,370,3,203.18,2,1,1,211,Perdus
U03271,Standard,43,3,203.53,5,1,1,511,Nouveaux
U10682,Budget,90,3,203.74,4,1,1,411,Nouveaux
U08495,Budget,230,1,204.36,3,1,1,311,Nouveaux
U06252,Budget,247,5,204.44,2,2,1,221,Perdus
U02997,Standard,506,2,204.54,1,1,1,111,Perdus
U06116,Premium,113,1,205.5,4,1,1,411,Nouveaux
U06376,Standard,13,5,205.51,5,2,1,521,Nouveaux
U01634,Budget,17,1,205.75,5,1,1,511,Nouveaux
U07748,Budget,437,1,205.81,1,1,1,111,Perdus
U07895,Standard,117,2,206.78,4,1,1,411,Nouveaux
U99211,Inconnu,568,1,207.28,1,1,1,111,Perdus
U04230,Premium,49,4,207.84,4,1,1,411,Nouveaux
U93953,Inconnu,72,1,207.96,4,1,1,411,Nouveaux
U07800,Budget,537,3,208.36,1,1,1,111,Perdus
U93129,Inconnu,245,1,208.4,3,1,1,311,Nouveaux
U03697,Standard,459,5,208.49,1,2,1,121,Perdus
U11080,Budget,552,3,209.19,1,1,1,111,Perdus
U08809,Budget,72,3,209.69,4,1,1,411,Nouveaux
U00564,Standard,4,3,210.18,5,1,1,511,Nouveaux
U03057,Budget,189,4,210.23,3,1,1,311,Nouveaux
U95171,Inconnu,225,1,211.01,3,1,1,311,Nouveaux
U09459,Budget,386,3,211.04,1,1,1,111,Perdus
U09141,Standard,520,3,211.09,1,1,1,111,Perdus
U07402,Standard,124,3,211.3,4,1,1,411,Nouveaux
U01467,Budget,39,3,212.25,5,1,1,511,Nouveaux
U03345,Budget,533,1,213.33,1,1,1,111,Perdus
U04231,Budget,285,2,214.15,2,1,1,211,Perdus
U95302,Inconnu,32,1,214.54,5,1,1,511,Nouveaux
U97333,Inconnu,537,1,214.57,1,1,1,111,Perdus
U07297,Standard,73,1,215.44,4,1,1,411,Nouveaux
U97350,Inconnu,449,1,215.57,1,1,1,111,Perdus
U03239,Standard,473,7,216.42,1,2,1,121,Perdus
U01085,Budget,79,3,216.8,4,1,1,411,Nouveaux
U03851,Budget,153,5,216.96,3,2,1,321,Nouveaux
U03557,Standard,405,3,217.28,1,1,1,111,Perdus
U05070,Budget,399,2,218.29,1,1,1,111,Perdus
U00588,Budget,595,2,218.31,1,1,1,111,Perdus
U00174,Budget,2,4,218.9,5,1,1,511,Nouveaux
U05335,Budget,67,2,220.11,4,1,1,411,Nouveaux
U03982,Budget,549,4,220.36,1,1,1,111,Perdus
U95119,Inconnu,94,2,221.08,4,1,1,411,Nouveaux
U09826,Budget,257,3,222.08,2,1,1,211,Perdus
U06278,Budget,201,3,222.12,3,1,1,311,Nouveaux
U00643,Budget,229,3,222.19,3,1,1,311,Nouveaux
U06375,Standard,552,7,222.97,1,2,1,121,Perdus
U04808,Standard,30,2,223.48,5,1,1,511,Nouveaux
U05340,Standard,365,3,223.52,2,1,1,211,Perdus
U09476,Budget,253,3,223.75,2,1,1,211,Perdus
U11336,Budget,86,2,223.81,4,1,1,411,Nouveaux
U05292,Budget,11,3,224.42,5,1,1,511,Nouveaux
U03989,Standard,13,4,224.91,5,1,1,511,Nouveaux
U00859,Budget,356,2,225.3,2,1,1,211,Perdus
U09310,Standard,375,2,226.74,2,1,1,211,Perdus
U97345,Inconnu,345,1,227.13,2,1,1,211,Perdus
U03930,Budget,677,1,227.24,1,1,1,111,Perdus
U01150,Budget,313,1,227.79,2,1,1,211,Perdus
U05288,Budget,153,5,228.49,3,2,1,321,Nouveaux
U01776,Budget,434,2,228.93,1,1,1,111,Perdus
U11447,Budget,603,3,229.42,1,1,1,111,Perdus
U04378,Standard,491,6,229.82,1,2,1,121,Perdus
U11791,Standard,8,2,230.26,5,1,1,511,Nouveaux
U10740,Standard,400,3,230.93,1,1,1,111,Perdus
U07971,Budget,61,1,231.23,4,1,1,411,Nouveaux
U00194,Standard,82,2,231.62,4,1,1,411,Nouveaux
U95670,Inconnu,36,1,231.69,5,1,1,511,Nouveaux
U10293,Budget,336,1,232.45,2,1,1,211,Perdus
U11566,Budget,215,3,233.52,3,1,1,311,Nouveaux
U07871,Budget,37,2,233.85,5,1,1,511,Nouveaux
U03582,Budget,133,3,234.5,3,1,1,311,Nouveaux
U09216,Standard,38,2,235.2,5,1,1,511,Nouveaux
U02344,Inconnu,39,3,236.1,5,1,1,511,Nouveaux
U06305,Standard,4,2,239.15,5,1,1,511,Nouveaux
U09756,Standard,110,5,239.23,4,2,1,421,Nouveaux
U11274,Budget,187,4,239.93,3,2,1,321,Nouveaux
U90981,Inconnu,284,1,240.37,2,1,1,211,Perdus
U01957,Standard,276,7,240.5,2,2,1,221,Perdus
U03488,Standard,293,3,241.13,2,1,1,211,Perdus
U91534,Inconnu,248,1,241.17,2,1,1,211,Perdus
U04571,Premium,82,4,241.52,4,1,1,411,Nouveaux
U07705,Budget,403,2,241.94,1,1,1,111,Perdus
U00777,Inconnu,41,4,242.45,5,1,1,511,Nouveaux
U01613,Budget,149,4,242.5,3,1,1,311,Nouveaux
U05916,Budget,337,5,243.19,2,2,1,221,Perdus
U04455,Budget,277,3,243.48,2,1,1,211,Perdus
U06482,Budget,359,2,243.63,2,1,1,211,Perdus
U00179,Standard,359,5,245.37,2,2,1,221,Perdus
U01569,Standard,407,3,245.48,1,1,1,111,Perdus
U02417,Budget,489,2,246.07,1,1,1,111,Perdus
U95824,Inconnu,411,1,246.15,1,1,1,111,Perdus
U92823,Inconnu,662,1,246.2,1,1,1,111,Perdus
U11537,Budget,140,4,246.57,3,2,1,321,Nouveaux
U10732,Budget,14,1,247.01,5,1,1,511,Nouveaux
U06688,Budget,652,3,248.06,1,1,1,111,Perdus
U98194,Inconnu,627,1,248.67,1,1,1,111,Perdus
U07051,Standard,174,3,249.37,3,1,1,311,Nouveaux
U05235,Budget,296,1,249.4,2,1,1,211,Perdus
U08448,Budget,246,5,249.63,3,2,1,321,Nouveaux
U10920,Budget,162,2,249.7,3,1,1,311,Nouveaux
U01565,Premium,4,4,250.51,5,1,1,511,Nouveaux
U92190,Inconnu,18,1,250.61,5,1,1,511,Nouveaux
U97274,Inconnu,51,2,250.61,4,1,1,411,Nouveaux
U94293,Inconnu,256,1,250.73,2,1,1,211,Perdus
U03090,Budget,461,3,251.1,1,1,1,111,Perdus
U11988,Budget,45,3,251.33,5,1,1,511,Nouveaux
U00773,Standard,298,2,251.4,2,1,1,211,Perdus
U11915,Standard,499,1,251.47,1,1,1,111,Perdus
U09308,Standard,690,2,251.53,1,1,1,111,Perdus
U07884,Budget,273,1,251.75,2,1,1,211,Perdus
U05273,Budget,16,1,252.69,5,1,1,511,Nouveaux
U00992,Standard,367,4,252.71,2,1,1,211,Perdus
U97956,Inconnu,677,1,254.37,1,1,1,111,Perdus
U06331,Budget,163,2,254.38,3,1,1,311,Nouveaux
U09472,Standard,67,6,254.48,4,2,1,421,Nouveaux
U96342,Inconnu,84,1,254.53,4,1,1,411,Nouveaux
U08807,Standard,124,6,254.59,4,2,1,421,Nouveaux
U01374,Budget,367,4,254.79,2,1,1,211,Perdus
U07325,Budget,117,3,254.82,4,1,1,411,Nouveaux
U11405,Standard,13,3,255.03,5,1,1,511,Nouveaux
U00902,Budget,405,3,255.99,1,1,1,111,Perdus
U10947,Standard,29,1,256.17,5,1,1,511,Nouveaux
U00497,Budget,88,3,256.72,4,1,1,411,Nouveaux
U98992,Inconnu,146,2,256.73,3,1,1,311,Nouveaux
U00879,Budget,86,2,256.89,4,1,1,411,Nouveaux
U04465,Budget,257,4,257.51,2,1,1,211,Perdus
U01786,Budget,374,3,257.77,2,1,1,211,Perdus
U02725,Inconnu,167,5,257.95,3,2,1,321,Nouveaux
U07466,Budget,22,5,258.12,5,2,1,521,Nouveaux
U02108,Budget,440,2,258.18,1,1,1,111,Perdus
U07503,Budget,400,2,258.85,1,1,1,111,Perdus
U09655,Standard,202,7,259.0,3,2,1,321,Nouveaux
U09077,Budget,145,3,259.52,3,1,1,311,Nouveaux
U10747,Standard,132,4,259.93,3,2,1,321,Nouveaux
U06295,Budget,41,3,261.43,5,1,1,511,Nouveaux
U94107,Inconnu,198,1,261.91,3,1,1,311,Nouveaux
U01084,Standard,406,4,263.58,1,1,1,111,Perdus
U08955,Budget,255,3,263.92,2,1,1,211,Perdus
U05395,Budget,492,6,264.64,1,2,1,121,Perdus
U92761,Inconnu,298,1,264.84,2,1,1,211,Perdus
U09105,Budget,619,1,265.39,1,1,1,111,Perdus
U08815,Budget,631,2,266.13,1,1,1,111,Perdus
U11703,Standard,581,4,266.21,1,2,1,121,Perdus
U06619,Budget,671,2,266.78,1,1,1,111,Perdus
U90106,Inconnu,686,1,266.95,1,1,1,111,Perdus
U09253,Standard,171,2,266.96,3,1,1,311,Nouveaux
U03850,Budget,341,4,266.98,2,1,1,211,Perdus
U97308,Inconnu,505,1,267.3,1,1,1,111,Perdus
U09439,Budget,271,2,267.4,2,1,1,211,Perdus
U00202,Budget,80,2,267.77,4,1,1,411,Nouveaux
U95456,Inconnu,400,1,268.03,1,1,1,111,Perdus
U01920,Budget,717,2,268.25,1,1,1,111,Perdus
U09745,Standard,3,6,268.41,5,2,1,521,Nouveaux
U06990,Standard,238,6,268.52,3,2,1,321,Nouveaux
U05215,Budget,173,5,269.51,3,2,1,321,Nouveaux
U02366,Standard,487,3,269.6,1,1,1,111,Perdus
U03078,Standard,116,1,269.68,4,1,1,411,Nouveaux
U09290,Budget,320,4,270.01,2,2,1,221,Perdus
U00951,Budget,15,1,270.25,5,1,1,511,Nouveaux
U05289,Budget,539,2,270.54,1,1,1,111,Perdus
U01459,Budget,259,1,271.04,2,1,1,211,Perdus
U08694,Standard,96,1,271.26,4,1,1,411,Nouveaux
U09912,Budget,63,5,272.27,4,2,1,421,Nouveaux
U00301,Standard,500,3,272.46,1,1,1,111,Perdus
U02488,Budget,414,2,273.4,1,1,1,111,Perdus
U08846,Standard,32,4,273.58,5,2,1,521,Nouveaux
U09566,Budget,703,2,274.43,1,1,1,111,Perdus
U00890,Budget,440,2,274.73,1,1,1,111,Perdus
U93738,Inconnu,516,1,274.77,1,1,1,111,Perdus
U02070,Budget,42,4,274.87,5,1,1,511,Nouveaux
U07492,Budget,643,3,275.23,1,1,1,111,Perdus
U02133,Standard,644,3,275.44,1,1,1,111,Perdus
U11842,Budget,104,3,275.53,4,1,1,411,Nouveaux
U10789,Budget,104,2,275.67,4,1,1,411,Nouveaux
U07027,Budget,0,5,276.0,5,2,1,521,Nouveaux
U04287,Budget,521,8,276.18,1,3,1,131,À risque
U02405,Budget,244,2,276.2,3,1,1,311,Nouveaux
U10027,Standard,55,2,276.2,4,1,1,411,Nouveaux
U03767,Standard,574,2,276.28,1,1,1,111,Perdus
U10669,Standard,555,4,276.74,1,2,1,121,Perdus
U99651,Inconnu,72,1,276.8,4,1,1,411,Nouveaux
U08698,Standard,4,1,277.43,5,1,1,511,Nouveaux
U02320,Standard,611,2,277.44,1,1,1,111,Perdus
U05774,Budget,46,3,278.57,5,1,1,511,Nouveaux
U11917,Premium,47,3,278.6,5,1,1,511,Nouveaux
U11061,Standard,368,3,279.6,2,1,1,211,Perdus
U99015,Inconnu,347,1,279.84,2,1,1,211,Perdus
U08337,Budget,35,5,280.54,5,2,1,521,Nouveaux
U09950,Budget,82,4,280.78,4,2,1,421,Nouveaux
U94858,Inconnu,244,1,280.98,3,1,1,311,Nouveaux
U95646,Inconnu,335,1,281.31,2,1,1,211,Perdus
U06928,Standard,128,1,281.89,4,1,1,411,Nouveaux
U96842,Inconnu,505,1,282.63,1,1,1,111,Perdus
U11121,Budget,326,2,283.27,2,1,1,211,Perdus
U00522,Budget,506,4,284.33,1,1,1,111,Perdus
U08276,Budget,504,5,285.13,1,2,1,121,Perdus
U07345,Standard,59,2,285.5,4,1,1,411,Nouveaux
U04431,Standard,463,7,285.65,1,2,1,121,Perdus
U11201,Inconnu,1,1,286.13,5,1,1,511,Nouveaux
U00456,Budget,282,2,286.7,2,1,1,211,Perdus
U09218,Budget,311,7,286.88,2,2,1,221,Perdus
U04497,Budget,61,4,286.99,4,1,1,411,Nouveaux
U00547,Budget,416,4,287.04,1,1,1,111,Perdus
U03023,Budget,8,5,287.32,5,2,1,521,Nouveaux
U09843,Standard,68,2,288.07,4,1,1,411,Nouveaux
U11232,Budget,157,2,289.01,3,1,1,311,Nouveaux
U09717,Standard,135,3,289.11,3,1,1,311,Nouveaux
U04059,Budget,35,2,289.42,5,1,1,511,Nouveaux
U04192,Standard,221,3,290.34,3,1,1,311,Nouveaux
U00580,Budget,86,3,290.45,4,1,1,411,Nouveaux
U03197,Budget,707,3,290.55,1,1,1,111,Perdus
U11227,Budget,3,3,290.65,5,1,1,511,Nouveaux
U00132,Budget,395,2,290.91,1,1,1,111,Perdus
U04839,Standard,281,6,291.01,2,2,1,221,Perdus
U09650,Budget,387,4,292.12,1,2,1,121,Perdus
U02858,Premium,275,5,292.43,2,2,1,221,Perdus
U07578,Standard,102,4,292.6,4,2,1,421,Nouveaux
U09192,Standard,164,1,292.74,3,1,1,311,Nouveaux
U10597,Budget,0,2,292.96,5,1,1,511,Nouveaux
U06098,Standard,131,2,293.65,3,1,1,311,Nouveaux
U95568,Inconnu,561,1,293.66,1,1,1,111,Perdus
U04022,Standard,222,3,293.71,3,1,1,311,Nouveaux
U09175,Budget,259,4,295.37,2,2,1,221,Perdus
U07161,Budget,9,4,295.49,5,1,1,511,Nouveaux
U04518,Budget,143,5,295.51,3,2,1,321,Nouveaux
U02762,Budget,477,2,296.28,1,1,1,111,Perdus
U08653,Budget,42,2,298.08,5,1,1,511,Nouveaux
U00788,Budget,324,5,298.23,2,2,1,221,Perdus
U06572,Budget,103,5,298.71,4,2,1,421,Nouveaux
U92108,Inconnu,589,1,299.18,1,1,1,111,Perdus
U02202,Budget,224,4,299.32,3,1,1,311,Nouveaux
U10039,Budget,113,4,299.64,4,2,1,421,Nouveaux
U95535,Inconnu,406,1,299.77,1,1,1,111,Perdus
U03202,Budget,262,4,300.62,2,1,1,211,Perdus
U00312,Budget,508,4,300.7,1,1,1,111,Perdus
U06075,Premium,100,4,300.81,4,1,1,411,Nouveaux
U00576,Standard,208,2,301.05,3,1,1,311,Nouveaux
U07542,Standard,16,2,301.31,5,1,1,511,Nouveaux
U06701,Standard,72,6,302.23,4,2,1,421,Nouveaux
U03243,Budget,369,2,302.35,2,1,1,211,Perdus
U05039,Standard,170,1,302.45,3,1,1,311,Nouveaux
U03075,Budget,432,5,302.7,1,2,1,121,Perdus
U08709,Standard,29,4,305.22,5,2,1,521,Nouveaux
U99217,Inconnu,358,1,305.93,2,1,1,211,Perdus
U02828,Budget,450,4,306.04,1,1,1,111,Perdus
U08592,Budget,138,2,306.38,3,1,1,311,Nouveaux
U11688,Standard,7,5,306.51,5,2,1,521,Nouveaux
U09384,Standard,121,3,307.1,4,1,1,411,Nouveaux
U09657,Budget,658,1,307.11,1,1,1,111,Perdus
U02469,Premium,34,4,308.69,5,1,1,511,Nouveaux
U07927,Standard,693,1,308.74,1,1,1,111,Perdus
U07866,Budget,48,1,308.87,4,1,1,411,Nouveaux
U10381,Standard,6,4,309.0,5,2,1,521,Nouveaux
U97140,Inconnu,396,1,309.2,1,1,1,111,Perdus
U05917,Budget,371,4,309.75,2,1,1,211,Perdus
U07794,Premium,0,3,310.67,5,1,1,511,Nouveaux
U06240,Standard,611,3,310.8,1,1,1,111,Perdus
U02097,Standard,38,2,311.2,5,1,1,511,Nouveaux
U05710,Budget,43,4,311.49,5,1,1,511,Nouveaux
U10972,Budget,366,2,311.49,2,1,1,211,Perdus
U11211,Standard,369,2,311.75,2,1,1,211,Perdus
U05708,Budget,336,3,312.16,2,1,1,211,Perdus
U08346,Standard,1,3,313.44,5,1,1,511,Nouveaux
U00938,Budget,181,1,313.72,3,1,1,311,Nouveaux
U09716,Budget,66,2,314.36,4,1,1,411,Nouveaux
U08147,Budget,72,6,314.49,4,2,1,421,Nouveaux
U08314,Budget,181,5,315.65,3,2,1,321,Nouveaux
U07870,Standard,10,3,315.84,5,1,1,511,Nouveaux
U08706,Budget,202,3,316.02,3,1,1,311,Nouveaux
U02687,Standard,72,2,317.46,4,1,1,411,Nouveaux
U95807,Inconnu,83,1,318.39,4,1,1,411,Nouveaux
U05342,Budget,56,3,318.41,4,1,1,411,Nouveaux
U11911,Budget,0,3,318.7,5,1,1,511,Nouveaux
U09466,Standard,96,6,319.92,4,2,1,421,Nouveaux
U03882,Budget,203,4,319.99,3,1,1,311,Nouveaux
U11554,Budget,32,3,320.28,5,1,1,511,Nouveaux
U07841,Standard,560,4,320.34,1,2,1,121,Perdus
U07234,Premium,3,9,320.41,5,3,1,531,Clients fidèles
U03493,Budget,158,2,320.61,3,1,1,311,Nouveaux
U94873,Inconnu,549,1,321.02,1,1,1,111,Perdus
U01784,Standard,35,3,321.06,5,1,1,511,Nouveaux
U07386,Budget,7,2,321.14,5,1,1,511,Nouveaux
U09738,Budget,448,2,322.49,1,1,1,111,Perdus
U95872,Inconnu,518,1,322.68,1,1,1,111,Perdus
U00649,Standard,317,2,322.73,2,1,1,211,Perdus
U11949,Budget,203,3,323.35,3,1,1,311,Nouveaux
U06634,Standard,133,7,323.66,3,2,1,321,Nouveaux
U96670,Inconnu,316,1,324.68,2,1,1,211,Perdus
U01165,Standard,654,2,324.79,1,1,1,111,Perdus
U08368,Budget,405,4,324.99,1,2,1,121,Perdus
U07490,Standard,97,2,326.54,4,1,1,411,Nouveaux
U10975,Standard,159,2,326.93,3,1,1,311,Nouveaux
U03589,Budget,362,2,327.41,2,1,1,211,Perdus
U01222,Standard,19,5,327.77,5,2,1,521,Nouveaux
U08345,Premium,678,3,327.89,1,1,1,111,Perdus
U03827,Budget,592,4,328.04,1,1,1,111,Perdus
U11329,Budget,336,2,328.94,2,1,1,211,Perdus
U01448,Budget,16,2,329.26,5,1,1,511,Nouveaux
U03666,Budget,86,4,329.3,4,1,1,411,Nouveaux
U04973,Standard,123,3,329.61,4,1,1,411,Nouveaux
U08611,Budget,71,4,330.37,4,2,1,421,Nouveaux
U09831,Budget,10,2,330.45,5,1,1,511,Nouveaux
U98350,Inconnu,140,1,330.48,3,1,1,311,Nouveaux
U90354,Inconnu,286,1,331.03,2,1,1,211,Perdus
U03083,Budget,289,2,331.59,2,1,1,211,Perdus
U09643,Budget,98,6,332.94,4,2,1,421,Nouveaux
U10941,Budget,647,6,335.35,1,2,1,121,Perdus
U09753,Standard,16,6,335.64,5,2,1,521,Nouveaux
U05230,Budget,430,8,335.71,1,3,1,131,À risque
U03217,Budget,379,3,335.91,2,1,1,211,Perdus
U93544,Inconnu,397,1,336.05,1,1,1,111,Perdus
U06390,Budget,25,3,336.16,5,1,1,511,Nouveaux
U04914,Budget,512,5,336.27,1,2,1,121,Perdus
U04561,Premium,499,6,336.44,1,2,1,121,Perdus
U02980,Budget,232,8,336.54,3,3,1,331,Clients fidèles
U05221,Standard,5,4,336.63,5,1,1,511,Nouveaux
U90812,Inconnu,25,1,337.56,5,1,1,511,Nouveaux
U07003,Budget,521,3,337.71,1,1,1,111,Perdus
U97742,Inconnu,447,1,337.77,1,1,1,111,Perdus
U10827,Inconnu,581,2,338.42,1,1,1,111,Perdus
U04783,Standard,5,4,338.83,5,1,1,511,Nouveaux
U10139,Standard,71,2,338.88,4,1,1,411,Nouveaux
U03665,Budget,61,3,339.13,4,1,1,411,Nouveaux
U03151,Standard,100,3,339.18,4,1,1,411,Nouveaux
U06226,Standard,85,2,340.93,4,1,1,411,Nouveaux
U09370,Standard,22,3,340.96,5,1,1,511,Nouveaux
U09006,Budget,102,4,341.61,4,2,1,421,Nouveaux
U00713,Budget,547,2,342.21,1,1,1,111,Perdus
U02297,Budget,189,5,342.38,3,2,1,321,Nouveaux
U07434,Budget,48,3,342.49,4,1,1,411,Nouveaux
U09270,Budget,92,5,342.67,4,2,1,421,Nouveaux
U11774,Standard,246,6,342.94,3,2,1,321,Nouveaux
U97149,Inconnu,64,1,343.0,4,1,1,411,Nouveaux
U08113,Premium,11,3,343.54,5,1,1,511,Nouveaux
U01207,Budget,96,4,343.83,4,1,1,411,Nouveaux
U97933,Inconnu,475,1,343.97,1,1,1,111,Perdus
U01961,Budget,123,2,344.84,4,1,1,411,Nouveaux
U11657,Inconnu,382,7,345.62,2,3,1,231,À risque
U10406,Budget,207,1,345.65,3,1,1,311,Nouveaux
U04536,Budget,154,4,345.9,3,1,1,311,Nouveaux
U03541,Standard,581,5,346.2,1,2,1,121,Perdus
U08227,Standard,6,5,346.42,5,2,1,521,Nouveaux
U10557,Budget,77,4,347.39,4,2,1,421,Nouveaux
U02071,Budget,161,4,347.59,3,1,1,311,Nouveaux
U10520,Budget,335,2,347.81,2,1,1,211,Perdus
U08440,Budget,507,4,348.37,1,2,1,121,Perdus
U08552,Standard,307,5,348.65,2,2,1,221,Perdus
U07280,Budget,39,3,348.95,5,1,1,511,Nouveaux
U07777,Standard,0,6,348.99,5,2,1,521,Nouveaux
U05739,Budget,12,4,350.28,5,1,1,511,Nouveaux
U07081,Budget,397,7,350.96,1,2,1,121,Perdus
U11426,Inconnu,12,2,350.99,5,1,1,511,Nouveaux
U06435,Budget,8,4,351.09,5,1,1,511,Nouveaux
U05379,Budget,36,5,351.32,5,2,1,521,Nouveaux
U04938,Budget,80,3,351.46,4,1,1,411,Nouveaux
U00030,Budget,95,5,351.88,4,2,1,421,Nouveaux
U01937,Budget,184,2,351.93,3,1,1,311,Nouveaux
U11372,Budget,468,7,352.15,1,3,1,131,À risque
U02979,Standard,122,3,352.61,4,1,1,411,Nouveaux
U06968,Budget,113,4,353.06,4,1,1,411,Nouveaux
U04833,Budget,437,5,353.96,1,2,1,121,Perdus
U10025,Budget,347,7,354.05,2,2,1,221,Perdus
U10369,Premium,580,4,354.56,1,2,1,121,Perdus
U02033,Standard,656,3,356.07,1,1,1,111,Perdus
U00455,Budget,48,2,356.16,4,1,1,411,Nouveaux
U09973,Budget,689,2,356.68,1,1,1,111,Perdus
U06371,Standard,370,5,357.3,2,2,1,221,Perdus
U02686,Standard,334,4,357.98,2,1,1,211,Perdus
U01949,Budget,2,3,358.37,5,1,1,511,Nouveaux
U01284,Standard,190,4,358.47,3,1,1,311,Nouveaux
U02597,Budget,218,4,359.11,3,1,1,311,Nouveaux
U06969,Budget,191,2,359.54,3,1,1,311,Nouveaux
U09511,Budget,142,4,360.22,3,2,1,321,Nouveaux
U10103,Budget,557,2,360.37,1,1,1,111,Perdus
U11386,Standard,436,3,360.58,1,1,1,111,Perdus
U08591,Budget,614,3,361.67,1,1,1,111,Perdus
U09700,Standard,32,5,361.71,5,2,1,521,Nouveaux
U11217,Standard,256,5,362.38,2,2,1,221,Perdus
U09778,Inconnu,131,4,363.8,3,2,1,321,Nouveaux
U05959,Budget,436,4,363.94,1,1,1,111,Perdus
U05746,Budget,279,3,364.22,2,1,1,211,Perdus
U11534,Budget,401,2,365.76,1,1,1,111,Perdus
U09062,Standard,9,7,366.2,5,2,1,521,Nouveaux
U03652,Budget,85,6,366.23,4,2,1,421,Nouveaux
U01720,Standard,458,3,366.5,1,1,1,111,Perdus
U02322,Standard,490,4,366.87,1,1,1,111,Perdus
U09942,Budget,109,3,367.38,4,1,1,411,Nouveaux
U06819,Budget,494,4,368.02,1,1,1,111,Perdus
U02857,Standard,104,5,368.22,4,2,1,421,Nouveaux
U10090,Standard,404,1,368.34,1,1,1,111,Perdus
U04033,Budget,518,5,368.9,1,2,1,121,Perdus
U03899,Standard,491,3,369.06,1,1,1,111,Perdus
U11754,Budget,396,5,369.26,1,2,1,121,Perdus
U06882,Standard,126,5,369.4,4,2,1,421,Nouveaux
U00083,Budget,18,3,369.45,5,1,1,511,Nouveaux
U00533,Budget,61,4,370.44,4,1,1,411,Nouveaux
U05682,Budget,227,4,370.5,3,1,1,311,Nouveaux
U03969,Standard,435,5,371.02,1,2,1,121,Perdus
U11160,Standard,20,2,371.21,5,1,1,511,Nouveaux
U05363,Budget,589,4,372.13,1,1,1,111,Perdus
U94348,Inconnu,557,1,373.01,1,1,1,111,Perdus
U09508,Budget,300,3,373.13,2,1,1,211,Perdus
U07743,Standard,4,8,373.99,5,3,1,531,Clients fidèles
U94244,Inconnu,23,1,374.25,5,1,1,511,Nouveaux
U01387,Budget,433,3,374.62,1,1,1,111,Perdus
U00049,Budget,44,4,374.9,5,1,1,511,Nouveaux
U10568,Premium,97,5,375.43,4,2,1,421,Nouveaux
U04322,Budget,13,4,375.83,5,1,1,511,Nouveaux
U07467,Budget,306,6,376.68,2,2,1,221,Perdus
U07298,Standard,1,8,377.53,5,3,1,531,Clients fidèles
U06230,Standard,250,8,377.6,2,3,1,231,À risque
U06657,Budget,220,3,377.78,3,1,1,311,Nouveaux
U07749,Budget,436,2,378.87,1,1,1,111,Perdus
U08995,Standard,13,6,379.11,5,2,1,521,Nouveaux
U05202,Budget,26,3,379.71,5,1,1,511,Nouveaux
U04071,Budget,384,4,379.77,1,1,1,111,Perdus
U98614,Inconnu,470,1,379.85,1,1,1,111,Perdus
U11920,Budget,435,2,380.74,1,1,1,111,Perdus
U07497,Standard,16,7,380.81,5,2,1,521,Nouveaux
U10966,Budget,410,2,381.57,1,1,1,111,Perdus
U03754,Budget,290,3,381.78,2,1,1,211,Perdus
U08943,Budget,636,4,381.79,1,2,1,121,Perdus
U07516,Standard,282,4,382.4,2,2,1,221,Perdus
U09780,Premium,1,4,382.91,5,2,1,521,Nouveaux
U01137,Standard,521,4,383.12,1,1,1,111,Perdus
U04916,Budget,312,5,383.3,2,2,1,221,Perdus
U00924,Inconnu,375,2,383.89,2,1,1,211,Perdus
U01241,Budget,288,4,384.19,2,1,1,211,Perdus
U08830,Budget,228,4,384.28,3,2,1,321,Nouveaux
U06719,Budget,9,5,384.61,5,2,1,521,Nouveaux
U03898,Budget,39,1,384.85,5,1,1,511,Nouveaux
U08834,Budget,319,5,385.14,2,2,1,221,Perdus
U04363,Budget,711,1,385.63,1,1,1,111,Perdus
U02856,Budget,245,7,386.49,3,2,1,321,Nouveaux
U04750,Budget,510,4,387.34,1,1,1,111,Perdus
U93155,Inconnu,530,1,387.63,1,1,1,111,Perdus
U02551,Premium,93,6,388.01,4,2,1,421,Nouveaux
U05341,Budget,129,4,388.35,3,1,1,311,Nouveaux
U11158,Budget,112,2,389.14,4,1,1,411,Nouveaux
U11127,Budget,430,2,389.83,1,1,1,111,Perdus
U06832,Premium,39,3,390.9,5,1,1,511,Nouveaux
U94655,Inconnu,584,1,391.59,1,1,1,111,Perdus
U05344,Budget,476,3,391.71,1,1,1,111,Perdus
U06787,Budget,422,4,392.86,1,1,1,111,Perdus
U01644,Standard,93,4,393.53,4,1,1,411,Nouveaux
U09070,Standard,62,5,394.24,4,2,1,421,Nouveaux
U06843,Standard,492,4,395.06,1,1,1,111,Perdus
U00398,Budget,78,5,395.44,4,2,1,421,Nouveaux
U05396,Budget,554,3,395.6,1,1,1,111,Perdus
U11183,Standard,2,4,396.43,5,2,1,521,Nouveaux
U04496,Standard,346,2,398.02,2,1,1,211,Perdus
U94398,Inconnu,422,1,399.93,1,1,1,111,Perdus
U05877,Budget,650,3,400.03,1,1,1,111,Perdus
U09314,Premium,40,3,400.09,5,1,1,511,Nouveaux
U00803,Budget,252,4,400.32,2,1,1,211,Perdus
U00356,Standard,2,2,400.34,5,1,1,511,Nouveaux
U97687,Inconnu,471,1,402.06,1,1,1,111,Perdus
U03646,Standard,165,4,402.7,3,1,1,311,Nouveaux
U08164,Budget,54,1,402.73,4,1,1,411,Nouveaux
U08096,Budget,20,3,402.82,5,1,1,511,Nouveaux
U99399,Inconnu,449,1,402.99,1,1,1,111,Perdus
U05193,Standard,109,5,403.45,4,2,1,421,Nouveaux
U11563,Budget,211,1,405.2,3,1,1,311,Nouveaux
U00026,Standard,459,3,405.27,1,1,1,111,Perdus
U09888,Budget,76,5,406.85,4,2,1,421,Nouveaux
U06783,Budget,144,2,407.59,3,1,1,311,Nouveaux
U00742,Standard,155,4,408.2,3,1,1,311,Nouveaux
U03178,Budget,25,1,408.29,5,1,1,511,Nouveaux
U05028,Budget,278,8,408.8,2,3,1,231,À risque
U09272,Budget,175,2,409.54,3,1,1,311,Nouveaux
U09151,Budget,42,1,409.77,5,1,1,511,Nouveaux
U07309,Budget,644,2,410.62,1,1,1,111,Perdus
U06521,Budget,259,4,410.87,2,1,1,211,Perdus
U05072,Budget,643,5,411.51,1,2,1,121,Perdus
U10579,Budget,0,7,411.63,5,2,1,521,Nouveaux
U07570,Standard,629,6,411.69,1,2,1,121,Perdus
U90759,Inconnu,81,1,411.88,4,1,1,411,Nouveaux
U10418,Standard,82,5,412.2,4,2,1,421,Nouveaux
U06258,Budget,41,4,412.37,5,1,1,511,Nouveaux
U09672,Budget,94,5,412.39,4,2,1,421,Nouveaux
U04103,Premium,0,4,412.98,5,1,1,511,Nouveaux
U05712,Budget,128,7,413.77,4,2,1,421,Nouveaux
U02578,Standard,613,1,413.97,1,1,1,111,Perdus
U99932,Inconnu,12,1,414.23,5,1,1,511,Nouveaux
U11871,Standard,3,2,414.29,5,1,1,511,Nouveaux
U00055,Budget,369,3,414.59,2,1,1,211,Perdus
U03881,Budget,355,2,415.2,2,1,1,211,Perdus
U09651,Budget,342,4,416.61,2,2,1,221,Perdus
U00611,Budget,190,4,416.74,3,1,1,311,Nouveaux
U01204,Standard,0,5,416.83,5,2,1,521,Nouveaux
U09289,Budget,560,4,416.98,1,2,1,121,Perdus
U00988,Budget,378,3,417.47,2,1,1,211,Perdus
U02622,Budget,241,2,417.89,3,1,1,311,Nouveaux
U02956,Budget,254,4,417.98,2,1,1,211,Perdus
U09518,Standard,550,6,417.98,1,2,1,121,Perdus
U94043,Inconnu,498,1,418.76,1,1,1,111,Perdus
U03964,Premium,13,7,419.0,5,2,1,521,Nouveaux
U06113,Budget,511,3,419.16,1,1,1,111,Perdus
U06406,Standard,41,3,420.28,5,1,1,511,Nouveaux
U02516,Inconnu,122,3,420.79,4,1,1,411,Nouveaux
U01653,Budget,463,4,420.93,1,1,1,111,Perdus
U02335,Budget,118,1,421.18,4,1,1,411,Nouveaux
U11527,Standard,14,3,421.19,5,1,1,511,Nouveaux
U04603,Standard,97,4,421.51,4,1,1,411,Nouveaux
U02595,Standard,107,3,421.55,4,1,1,411,Nouveaux
U00674,Standard,293,9,421.79,2,3,1,231,À risque
U06880,Budget,201,2,423.1,3,1,1,311,Nouveaux
U11379,Budget,650,4,423.13,1,2,1,121,Perdus
U98544,Inconnu,458,1,423.25,1,1,1,111,Perdus
U08749,Standard,120,2,423.44,4,1,1,411,Nouveaux
U07446,Standard,67,5,423.53,4,2,1,421,Nouveaux
U91679,Inconnu,160,1,423.87,3,1,1,311,Nouveaux
U94174,Inconnu,123,1,423.9,4,1,1,411,Nouveaux
U06151,Budget,26,4,423.94,5,1,1,511,Nouveaux
U11763,Premium,63,7,425.08,4,3,1,431,Clients fidèles
U11841,Budget,445,5,425.23,1,2,1,121,Perdus
U97449,Inconnu,192,2,425.44,3,1,1,311,Nouveaux
U09920,Standard,511,5,425.48,1,2,1,121,Perdus
U08914,Budget,239,1,425.92,3,1,1,311,Nouveaux
U07706,Budget,32,2,426.67,5,1,1,511,Nouveaux
U98917,Inconnu,308,1,427.45,2,1,1,211,Perdus
U01395,Budget,528,4,428.42,1,1,1,111,Perdus
U02702,Budget,474,4,428.86,1,1,1,111,Perdus
U11139,Budget,371,4,430.44,2,2,1,221,Perdus
U09303,Standard,34,3,430.5,5,1,1,511,Nouveaux
U04016,Budget,525,3,431.16,1,1,1,111,Perdus
U04176,Budget,368,5,431.44,2,2,1,221,Perdus
U08839,Budget,621,2,431.59,1,1,1,111,Perdus
U10867,Budget,5,3,432.5,5,1,1,511,Nouveaux
U06311,Budget,193,9,433.07,3,3,1,331,Clients fidèles
U05709,Budget,212,4,433.35,3,1,1,311,Nouveaux
U11635,Budget,324,6,433.61,2,2,1,221,Perdus
U08069,Standard,295,4,433.63,2,2,1,221,Perdus
U04133,Budget,307,2,433.74,2,1,1,211,Perdus
U10176,Standard,37,4,434.04,5,2,1,521,Nouveaux
U10495,Budget,438,4,435.04,1,2,1,121,Perdus
U00187,Budget,138,6,435.15,3,2,1,321,Nouveaux
U03445,Budget,150,3,435.63,3,1,1,311,Nouveaux
U10170,Budget,479,6,435.96,1,2,1,121,Perdus
U03079,Budget,224,3,436.71,3,1,1,311,Nouveaux
U09537,Standard,159,9,437.1,3,3,1,331,Clients fidèles
U98345,Inconnu,76,1,438.3,4,1,1,411,Nouveaux
U02695,Standard,581,5,438.63,1,2,1,121,Perdus
U10917,Standard,289,4,439.82,2,2,1,221,Perdus
U00574,Budget,157,7,440.56,3,2,1,321,Nouveaux
U00177,Standard,44,5,440.95,5,2,1,521,Nouveaux
U09039,Budget,283,3,440.96,2,1,1,211,Perdus
U04809,Budget,329,3,442.41,2,1,1,211,Perdus
U00239,Standard,334,7,442.67,2,2,1,221,Perdus
U02669,Budget,109,3,443.53,4,1,1,411,Nouveaux
U04299,Budget,523,3,443.78,1,1,1,111,Perdus
U10036,Standard,77,3,444.22,4,1,1,411,Nouveaux
U09868,Budget,438,3,444.63,1,1,1,111,Perdus
U09632,Standard,66,1,444.94,4,1,1,411,Nouveaux
U09296,Standard,472,5,445.24,1,2,1,121,Perdus
U10100,Standard,191,5,445.44,3,2,1,321,Nouveaux
U92302,Inconnu,376,2,445.7,2,1,1,211,Perdus
U08687,Premium,123,3,446.34,4,1,1,411,Nouveaux
U07366,Budget,54,2,446.46,4,1,1,411,Nouveaux
U02577,Budget,401,7,446.54,1,2,1,121,Perdus
U00602,Budget,13,2,446.98,5,1,1,511,Nouveaux
U07557,Budget,94,4,447.45,4,2,1,421,Nouveaux
U05861,Budget,9,4,447.59,5,1,1,511,Nouveaux
U00034,Budget,25,6,447.71,5,2,1,521,Nouveaux
U00248,Budget,32,7,447.81,5,2,1,521,Nouveaux
U06839,Standard,137,3,448.09,3,1,1,311,Nouveaux
U94446,Inconnu,562,1,448.14,1,1,1,111,Perdus
U01736,Inconnu,552,4,449.11,1,1,1,111,Perdus
U02684,Standard,101,4,449.61,4,1,1,411,Nouveaux
U02109,Standard,306,7,449.9,2,2,1,221,Perdus
U03771,Budget,132,4,450.47,3,1,1,311,Nouveaux
U02902,Budget,14,5,450.68,5,2,1,521,Nouveaux
U01824,Budget,465,4,451.22,1,1,1,111,Perdus
U03366,Standard,123,2,451.52,4,1,1,411,Nouveaux
U04073,Budget,530,2,452.45,1,1,1,111,Perdus
U04336,Standard,102,4,453.07,4,1,1,411,Nouveaux
U03362,Standard,339,2,453.75,2,1,1,211,Perdus
U00469,Standard,378,4,453.96,2,1,1,211,Perdus
U03485,Standard,74,4,454.47,4,1,1,411,Nouveaux
U05143,Budget,386,3,455.87,1,1,1,111,Perdus
U09858,Budget,366,5,456.5,2,2,1,221,Perdus
U04184,Budget,656,5,456.66,1,2,1,121,Perdus
U00470,Premium,586,6,457.2,1,2,1,121,Perdus
U05248,Premium,34,5,457.48,5,2,1,521,Nouveaux
U11119,Budget,148,4,458.54,3,2,1,321,Nouveaux
U05508,Standard,494,1,458.77,1,1,1,111,Perdus
U05293,Standard,4,4,459.12,5,1,1,511,Nouveaux
U10905,Budget,57,2,460.12,4,1,1,411,Nouveaux
U07306,Premium,248,10,461.34,2,3,1,231,À risque
U01471,Budget,103,4,461.92,4,1,1,411,Nouveaux
U09967,Premium,310,6,462.14,2,2,1,221,Perdus
U09706,Budget,168,2,463.02,3,1,1,311,Nouveaux
U11468,Budget,286,2,463.3,2,1,1,211,Perdus
U91682,Inconnu,299,2,463.85,2,1,1,211,Perdus
U11272,Budget,382,4,464.24,2,2,1,221,Perdus
U11050,Budget,124,7,464.92,4,3,1,431,Clients fidèles
U07857,Standard,31,3,465.21,5,1,1,511,Nouveaux
U01680,Standard,131,5,465.59,3,2,1,321,Nouveaux
U01706,Standard,231,4,467.08,3,1,1,311,Nouveaux
U07935,Budget,187,4,467.26,3,2,1,321,Nouveaux
U04083,Budget,277,7,467.46,2,2,1,221,Perdus
U00316,Standard,34,2,468.42,5,1,1,511,Nouveaux
U09497,Inconnu,239,2,468.66,3,1,1,311,Nouveaux
U03570,Budget,110,3,469.26,4,1,1,411,Nouveaux
U00488,Budget,317,7,469.42,2,2,1,221,Perdus
U10937,Standard,397,5,470.91,1,2,1,121,Perdus
U03065,Premium,3,9,471.21,5,3,1,531,Clients fidèles
U98434,Inconnu,270,1,472.07,2,1,1,211,Perdus
U10719,Standard,61,2,472.33,4,1,1,411,Nouveaux
U11803,Standard,416,5,472.36,1,2,1,121,Perdus
U05752,Standard,249,2,472.56,2,1,1,211,Perdus
U09828,Budget,434,4,472.62,1,2,1,121,Perdus
U05891,Budget,218,6,472.73,3,2,1,321,Nouveaux
U00383,Budget,63,2,475.67,4,1,1,411,Nouveaux
U05797,Inconnu,467,6,476.17,1,2,1,121,Perdus
U05778,Budget,405,2,476.57,1,1,1,111,Perdus
U09478,Budget,478,1,477.59,1,1,1,111,Perdus
U04125,Standard,429,4,478.38,1,1,1,111,Perdus
U99698,Inconnu,382,1,478.48,2,1,1,211,Perdus
U06786,Premium,642,4,479.42,1,1,1,111,Perdus
U04437,Budget,187,3,479.43,3,1,1,311,Nouveaux
U00862,Standard,98,7,479.64,4,2,1,421,Nouveaux
U04905,Budget,132,8,480.33,3,3,1,331,Clients fidèles
U05702,Premium,0,6,480.9,5,2,1,521,Nouveaux
U97347,Inconnu,584,1,481.03,1,1,1,111,Perdus
U01512,Budget,315,3,481.47,2,1,1,211,Perdus
U04926,Standard,1,3,481.82,5,1,1,511,Nouveaux
U02576,Budget,34,6,482.05,5,2,1,521,Nouveaux
U02821,Standard,2,5,482.27,5,2,1,521,Nouveaux
U04332,Budget,612,4,482.53,1,1,1,111,Perdus
U03566,Budget,51,4,482.95,4,1,1,411,Nouveaux
U03318,Standard,338,4,483.68,2,1,1,211,Perdus
U00209,Budget,460,9,484.54,1,3,1,131,À risque
U01952,Budget,113,4,484.58,4,1,1,411,Nouveaux
U04471,Budget,53,4,485.61,4,1,1,411,Nouveaux
U01598,Budget,141,10,488.54,3,3,1,331,Clients fidèles
U93121,Inconnu,406,1,490.38,1,1,1,111,Perdus
U04316,Budget,322,2,490.43,2,1,1,211,Perdus
U00386,Budget,86,5,490.77,4,2,1,421,Nouveaux
U06770,Budget,469,8,493.08,1,3,1,131,À risque
U06069,Budget,418,5,493.39,1,2,1,121,Perdus
U09663,Budget,10,5,493.42,5,2,1,521,Nouveaux
U06322,Standard,111,4,493.89,4,1,1,411,Nouveaux
U00648,Budget,166,2,494.31,3,1,1,311,Nouveaux
U00971,Standard,339,3,494.35,2,1,1,211,Perdus
U11190,Budget,32,4,494.39,5,2,1,521,Nouveaux
U01384,Budget,480,6,494.43,1,2,1,121,Perdus
U11268,Standard,33,2,494.47,5,1,1,511,Nouveaux
U11629,Standard,73,2,494.53,4,1,1,411,Nouveaux
U08719,Budget,229,2,495.38,3,1,1,311,Nouveaux
U00070,Budget,68,2,495.4,4,1,1,411,Nouveaux
U05767,Standard,61,8,495.51,4,3,1,431,Clients fidèles
U04469,Budget,232,4,495.59,3,1,1,311,Nouveaux
U03419,Standard,334,7,497.14,2,2,1,221,Perdus
U02246,Budget,641,3,498.29,1,1,1,111,Perdus
U03276,Budget,315,5,498.42,2,2,1,221,Perdus
U02274,Standard,65,3,498.66,4,1,1,411,Nouveaux
U06172,Budget,32,4,499.16,5,1,1,511,Nouveaux
U01643,Budget,92,5,499.7,4,2,1,421,Nouveaux
U98590,Inconnu,560,1,499.78,1,1,1,111,Perdus
U05750,Premium,94,9,500.66,4,3,1,431,Clients fidèles
U07934,Budget,64,7,501.06,4,2,1,421,Nouveaux
U01984,Premium,77,3,501.39,4,1,1,411,Nouveaux
U11757,Budget,155,5,501.43,3,2,1,321,Nouveaux
U11400,Budget,57,3,501.88,4,1,1,411,Nouveaux
U03523,Budget,635,3,502.1,1,1,1,111,Perdus
U09854,Standard,104,3,502.43,4,1,1,411,Nouveaux
U10203,Budget,55,4,502.87,4,2,1,421,Nouveaux
U06313,Budget,165,2,503.28,3,1,1,311,Nouveaux
U02826,Standard,10,6,503.34,5,2,1,521,Nouveaux
U08373,Standard,248,7,505.59,2,2,1,221,Perdus
U01641,Standard,400,6,506.55,1,2,1,121,Perdus
U11106,Premium,522,6,506.77,1,2,1,121,Perdus
U05501,Budget,92,2,507.92,4,1,1,411,Nouveaux
U96132,Inconnu,62,1,508.0,4,1,1,411,Nouveaux
U05445,Budget,235,4,508.06,3,1,1,311,Nouveaux
U04768,Budget,409,9,508.46,1,3,1,131,À risque
U06557,Standard,345,4,508.96,2,1,1,211,Perdus
U04586,Inconnu,63,3,509.31,4,1,1,411,Nouveaux
U02785,Standard,157,8,509.35,3,3,1,331,Clients fidèles
U04949,VIP,31,7,509.72,5,2,1,521,Nouveaux
U01628,Budget,521,5,510.81,1,2,1,121,Perdus
U05269,Inconnu,129,5,510.87,3,2,1,321,Nouveaux
U10208,Budget,305,9,511.04,2,3,1,231,À risque
U10516,Premium,62,4,511.26,4,2,1,421,Nouveaux
U99736,Inconnu,174,1,511.97,3,1,1,311,Nouveaux
U10453,Budget,2,4,512.52,5,2,1,521,Nouveaux
U11996,Budget,652,3,512.6,1,1,1,111,Perdus
U11840,Inconnu,460,8,513.11,1,3,1,131,À risque
U11342,Standard,127,6,513.2,4,2,1,421,Nouveaux
U00167,Budget,169,3,513.8,3,1,1,311,Nouveaux
U02608,Budget,217,3,514.23,3,1,1,311,Nouveaux
U09918,Budget,31,5,514.28,5,2,1,521,Nouveaux
U01203,Budget,213,3,514.34,3,1,1,311,Nouveaux
U06748,Standard,446,3,514.63,1,1,1,111,Perdus
U10534,Budget,348,3,515.38,2,1,1,211,Perdus
U10024,Premium,62,5,515.85,4,2,1,421,Nouveaux
U94139,Inconnu,133,1,515.91,3,1,1,311,Nouveaux
U02210,Budget,396,7,516.69,1,2,1,121,Perdus
U06422,Standard,251,8,517.22,2,3,1,231,À risque
U10197,Budget,315,7,517.99,2,2,1,221,Perdus
U93919,Inconnu,605,1,518.11,1,1,1,111,Perdus
U99177,Inconnu,526,1,518.46,1,1,1,111,Perdus
U04240,Standard,415,5,519.12,1,2,1,121,Perdus
U10207,Standard,63,3,519.54,4,1,1,411,Nouveaux
U02298,Budget,126,2,520.01,4,1,1,411,Nouveaux
U07066,Budget,190,8,520.14,3,3,1,331,Clients fidèles
U03808,Budget,498,3,520.34,1,1,1,111,Perdus
U07976,Budget,143,3,520.99,3,1,1,311,Nouveaux
U95373,Inconnu,390,1,521.04,1,1,1,111,Perdus
U02135,Budget,27,4,521.34,5,1,1,511,Nouveaux
U04712,Standard,437,4,521.54,1,1,1,111,Perdus
U08503,Budget,209,3,522.32,3,1,1,311,Nouveaux
U06506,Budget,218,4,522.71,3,1,1,311,Nouveaux
U03013,Budget,153,2,522.85,3,1,1,311,Nouveaux
U02960,Standard,377,4,523.15,2,1,1,211,Perdus
U08386,Budget,426,5,523.46,1,2,1,121,Perdus
U11043,Budget,351,3,524.16,2,1,1,211,Perdus
U04262,Standard,261,7,524.45,2,2,1,221,Perdus
U07089,Budget,450,4,524.85,1,1,1,111,Perdus
U04362,Inconnu,523,1,525.33,1,1,1,111,Perdus
U07525,Budget,93,3,525.34,4,1,1,411,Nouveaux
U11353,Standard,195,5,526.09,3,2,1,321,Nouveaux
U92045,Inconnu,384,1,526.11,1,1,1,111,Perdus
U03019,Budget,653,4,526.51,1,1,1,111,Perdus
U02263,Standard,125,8,526.82,4,3,1,431,Clients fidèles
U11802,Inconnu,429,3,527.81,1,1,1,111,Perdus
U02720,Standard,462,5,528.43,1,2,1,121,Perdus
U08049,Standard,376,6,528.58,2,2,1,221,Perdus
U00539,Budget,320,2,529.43,2,1,1,211,Perdus
U05880,Budget,659,1,529.49,1,1,1,111,Perdus
U10344,Standard,72,2,530.44,4,1,1,411,Nouveaux
U00025,Standard,651,2,530.77,1,1,1,111,Perdus
U11626,Budget,332,2,531.42,2,1,1,211,Perdus
U10618,Budget,202,4,531.88,3,2,1,321,Nouveaux
U08825,Budget,225,7,532.74,3,2,1,321,Nouveaux
U10222,Inconnu,40,3,532.74,5,1,1,511,Nouveaux
U05586,Budget,498,3,532.82,1,1,1,111,Perdus
U08858,Standard,41,6,532.96,5,2,1,521,Nouveaux
U96424,Inconnu,191,1,532.97,3,1,1,311,Nouveaux
U03888,Standard,30,5,533.94,5,2,1,521,Nouveaux
U06459,Inconnu,104,2,534.21,4,1,1,411,Nouveaux
U00368,Budget,288,5,534.86,2,2,1,221,Perdus
U05594,Budget,28,3,535.06,5,1,1,511,Nouveaux
U94192,Inconnu,119,1,535.08,4,1,1,411,Nouveaux
U00170,Standard,249,8,536.11,2,3,1,231,À risque
U08394,Budget,339,9,536.13,2,3,1,231,À risque
U06798,Standard,687,6,536.48,1,2,1,121,Perdus
U07529,Premium,6,2,537.09,5,1,1,511,Nouveaux
U08844,Budget,701,3,537.6,1,1,1,111,Perdus
U04569,Budget,99,3,537.61,4,1,1,411,Nouveaux
U01193,Standard,582,7,538.05,1,2,1,121,Perdus
U00571,Budget,559,5,538.43,1,2,1,121,Perdus
U00645,Standard,71,3,538.87,4,1,1,411,Nouveaux
U03870,Standard,284,11,539.12,2,3,1,231,À risque
U11604,Budget,92,5,539.55,4,2,1,421,Nouveaux
U01694,Budget,285,2,541.37,2,1,1,211,Perdus
U11733,Budget,123,3,541.98,4,1,1,411,Nouveaux
U00928,Standard,369,4,542.47,2,1,1,211,Perdus
U05842,Standard,124,5,542.89,4,2,1,421,Nouveaux
U06274,Budget,48,4,543.22,4,1,1,411,Nouveaux
U00827,Budget,457,6,543.33,1,2,1,121,Perdus
U10930,Standard,198,3,544.6,3,1,1,311,Nouveaux
U92325,Inconnu,606,1,544.92,1,1,1,111,Perdus
U03174,Budget,144,2,545.57,3,1,1,311,Nouveaux
U09392,Standard,190,3,545.64,3,1,1,311,Nouveaux
U10780,Standard,502,6,545.67,1,2,1,121,Perdus
U10897,Budget,570,1,547.87,1,1,1,111,Perdus
U11424,Budget,372,1,547.96,2,1,1,211,Perdus
U07077,Budget,460,5,548.05,1,2,1,121,Perdus
U09388,Budget,399,2,548.18,1,1,1,111,Perdus
U07700,Budget,109,4,548.28,4,2,1,421,Nouveaux
U03281,Budget,489,6,548.61,1,2,1,121,Perdus
U98356,Inconnu,526,1,549.31,1,1,1,111,Perdus
U02393,Budget,213,5,549.34,3,2,1,321,Nouveaux
U07462,Premium,251,10,549.37,2,3,1,231,À risque
U08374,Budget,425,3,549.55,1,1,1,111,Perdus
U01543,Standard,31,3,550.76,5,1,1,511,Nouveaux
U03259,Budget,370,8,551.08,2,3,1,231,À risque
U03412,Budget,92,6,551.27,4,2,1,421,Nouveaux
U03049,Standard,211,4,551.29,3,1,1,311,Nouveaux
U03653,Standard,69,11,551.57,4,3,1,431,Clients fidèles
U05735,Budget,252,9,552.83,2,3,1,231,À risque
U08498,Budget,337,3,554.84,2,1,1,211,Perdus
U10253,Standard,400,2,554.95,1,1,1,111,Perdus
U02124,Budget,124,6,555.27,4,2,1,421,Nouveaux
U05138,Standard,128,5,555.61,4,2,1,421,Nouveaux
U08751,Standard,396,3,556.0,1,1,1,111,Perdus
U95084,Inconnu,335,1,556.23,2,1,1,211,Perdus
U02459,Budget,342,2,556.25,2,1,1,211,Perdus
U10414,Budget,678,2,556.48,1,1,1,111,Perdus
U01115,Standard,163,8,556.51,3,3,1,331,Clients fidèles
U10282,Budget,221,7,556.81,3,2,1,321,Nouveaux
U06561,Budget,122,6,557.67,4,2,1,421,Nouveaux
U07457,Standard,453,6,557.89,1,2,1,121,Perdus
U01239,Premium,646,3,558.29,1,1,1,111,Perdus
U08298,Budget,216,3,558.32,3,1,1,311,Nouveaux
U06780,Budget,278,2,558.5,2,1,1,211,Perdus
U00269,Inconnu,93,3,560.42,4,1,1,411,Nouveaux
U03204,Budget,724,1,561.0,1,1,1,111,Perdus
U03550,Standard,2,4,561.16,5,1,1,511,Nouveaux
U07155,Budget,642,6,561.32,1,2,1,121,Perdus
U10766,Standard,643,7,561.43,1,3,1,131,À risque
U00290,Standard,498,4,561.98,1,1,1,111,Perdus
U06531,Standard,404,6,562.25,1,2,1,121,Perdus
U00891,Standard,588,3,563.69,1,1,1,111,Perdus
U04168,Budget,463,1,563.76,1,1,1,111,Perdus
U08076,Standard,500,4,564.39,1,2,1,121,Perdus
U03369,Budget,77,1,565.01,4,1,1,411,Nouveaux
U05440,Premium,334,8,565.06,2,3,1,231,À risque
U04369,Budget,245,3,565.4,3,1,1,311,Nouveaux
U05724,Budget,115,3,565.96,4,1,1,411,Nouveaux
U00337,Standard,31,4,566.24,5,1,1,511,Nouveaux
U05632,Budget,500,4,566.52,1,1,1,111,Perdus
U01230,Budget,338,4,567.4,2,1,1,211,Perdus
U11568,Standard,145,7,568.34,3,3,1,331,Clients fidèles
U03285,Premium,215,5,568.5,3,2,1,321,Nouveaux
U10458,Budget,386,2,569.49,1,1,1,111,Perdus
U02610,Budget,248,2,569.65,2,1,1,211,Perdus
U09145,Budget,302,4,569.73,2,2,1,221,Perdus
U03987,Standard,379,4,569.89,2,1,1,211,Perdus
U96583,Inconnu,119,1,570.78,4,1,1,411,Nouveaux
U11780,Budget,62,8,571.87,4,3,1,431,Clients fidèles
U05311,Budget,529,2,572.11,1,1,1,111,Perdus
U10577,Standard,32,4,572.49,5,2,1,521,Nouveaux
U05176,Budget,278,7,572.61,2,2,1,221,Perdus
U06749,Budget,387,1,573.36,1,1,1,111,Perdus
U96269,Inconnu,364,1,573.46,2,1,1,211,Perdus
U01672,Standard,431,5,573.72,1,2,1,121,Perdus
U09153,Budget,306,7,573.77,2,2,1,221,Perdus
U06655,Budget,309,2,574.31,2,1,1,211,Perdus
U07269,Standard,187,1,575.03,3,1,1,311,Nouveaux
U04752,Standard,244,3,575.08,3,1,1,311,Nouveaux
U07094,Standard,0,5,575.87,5,2,1,521,Nouveaux
U08494,Budget,496,3,576.13,1,1,1,111,Perdus
U11799,Budget,462,3,576.76,1,1,1,111,Perdus
U03171,Premium,5,4,577.07,5,1,1,511,Nouveaux
U07090,Budget,556,4,577.44,1,1,1,111,Perdus
U01217,Budget,106,4,577.96,4,1,1,411,Nouveaux
U08674,Standard,34,7,578.13,5,2,1,521,Nouveaux
U08342,Budget,170,3,578.91,3,1,1,311,Nouveaux
U94042,Inconnu,687,1,579.02,1,1,1,111,Perdus
U09190,Budget,385,3,579.3,1,1,1,111,Perdus
U07227,Budget,184,3,579.41,3,1,1,311,Nouveaux
U09057,Standard,129,5,580.14,3,2,1,321,Nouveaux
U95228,Inconnu,446,1,580.28,1,1,1,111,Perdus
U10159,Budget,295,9,580.44,2,3,1,231,À risque
U05815,Budget,47,1,580.46,4,1,1,411,Nouveaux
U11736,Budget,351,2,580.53,2,1,1,211,Perdus
U06896,Budget,340,11,580.55,2,3,1,231,À risque
U03943,Budget,80,6,580.57,4,2,1,421,Nouveaux
U07321,Standard,118,4,580.57,4,2,1,421,Nouveaux
U07109,Budget,41,6,580.62,5,2,1,521,Nouveaux
U01617,Budget,319,9,580.9,2,3,1,231,À risque
U00093,Budget,700,2,581.84,1,1,1,111,Perdus
U03692,Budget,35,5,581.88,5,2,1,521,Nouveaux
U11001,Budget,252,2,581.98,2,1,1,211,Perdus
U02253,Premium,9,4,582.07,5,1,1,511,Nouveaux
U07182,Budget,85,6,582.14,4,2,1,421,Nouveaux
U01659,Budget,106,3,582.71,4,1,1,411,Nouveaux
U01657,Standard,354,5,582.92,2,2,1,221,Perdus
U01922,Standard,200,6,584.24,3,2,1,321,Nouveaux
U01399,Standard,294,2,584.27,2,1,1,211,Perdus
U06051,Standard,674,5,584.9,1,2,1,121,Perdus
U07815,Budget,33,2,585.76,5,1,1,511,Nouveaux
U10334,Budget,438,4,586.54,1,2,1,121,Perdus
U92195,Inconnu,319,1,586.57,2,1,1,211,Perdus
U04551,Standard,47,6,587.28,4,2,1,421,Nouveaux
U05283,Inconnu,380,8,587.35,2,3,1,231,À risque
U10322,Standard,5,2,588.38,5,1,1,511,Nouveaux
U04446,Budget,307,1,588.43,2,1,1,211,Perdus
U07485,Premium,46,3,588.9,5,1,1,511,Nouveaux
U94369,Inconnu,95,1,588.99,4,1,1,411,Nouveaux
U05881,Budget,37,4,590.56,5,1,1,511,Nouveaux
U08871,Budget,334,4,590.58,2,2,1,221,Perdus
U05821,Standard,427,5,591.04,1,2,1,121,Perdus
U00589,Budget,535,3,591.18,1,1,1,111,Perdus
U05655,Standard,551,2,591.8,1,1,1,111,Perdus
U10983,Standard,275,12,592.11,2,4,1,241,À risque
U07603,Budget,224,2,592.13,3,1,1,311,Nouveaux
U10768,Budget,160,7,594.83,3,3,1,331,Clients fidèles
U06931,Budget,255,7,594.9,2,2,1,221,Perdus
U08813,Budget,69,3,595.51,4,1,1,411,Nouveaux
U02403,Standard,126,7,597.02,4,2,1,421,Nouveaux
U01109,Budget,136,6,597.82,3,2,1,321,Nouveaux
U02546,Standard,259,6,597.88,2,2,1,221,Perdus
U10554,Budget,96,1,600.11,4,1,1,411,Nouveaux
U00388,Budget,417,2,600.2,1,1,1,111,Perdus
U06457,Budget,32,4,600.81,5,1,1,511,Nouveaux
U09010,Budget,133,5,601.56,3,2,1,321,Nouveaux
U00716,Budget,136,5,602.24,3,2,1,321,Nouveaux
U93351,Inconnu,493,1,602.39,1,1,1,111,Perdus
U01290,VIP,163,8,603.18,3,3,1,331,Clients fidèles
U08621,Standard,399,9,603.24,1,3,1,131,À risque
U07134,Budget,382,6,603.4,2,2,1,221,Perdus
U11108,Standard,198,8,603.88,3,3,1,331,Clients fidèles
U00855,Budget,656,4,604.0,1,1,1,111,Perdus
U07201,Standard,130,4,604.13,3,1,1,311,Nouveaux
U08179,Standard,308,2,604.31,2,1,1,211,Perdus
U06668,Budget,550,6,604.71,1,2,1,121,Perdus
U11667,Standard,153,5,605.45,3,2,1,321,Nouveaux
U07209,Standard,190,7,607.47,3,2,1,321,Nouveaux
U05831,Standard,40,5,607.98,5,2,1,521,Nouveaux
U06763,Standard,338,3,608.33,2,1,1,211,Perdus
U04062,Premium,533,5,609.0,1,2,1,121,Perdus
U04500,Standard,188,7,610.56,3,2,1,321,Nouveaux
U10632,Budget,618,4,610.57,1,2,1,121,Perdus
U08167,Budget,597,6,610.64,1,2,1,121,Perdus
U04371,Budget,283,4,611.21,2,1,1,211,Perdus
U04816,Standard,412,4,611.32,1,1,1,111,Perdus
U06242,Budget,336,6,611.84,2,2,1,221,Perdus
U06118,Budget,458,5,613.06,1,2,1,121,Perdus
U05993,Premium,462,7,613.96,1,2,1,121,Perdus
U04609,Standard,582,4,614.09,1,1,1,111,Perdus
U02641,Budget,238,2,614.48,3,1,1,311,Nouveaux
U09686,Standard,246,4,614.73,3,2,1,321,Nouveaux
U03896,Inconnu,536,2,616.39,1,1,1,111,Perdus
U02209,Standard,262,6,616.77,2,2,1,221,Perdus
U11283,Standard,33,3,617.16,5,1,1,511,Nouveaux
U03586,Budget,489,7,617.22,1,2,1,121,Perdus
U10319,Standard,346,5,617.28,2,2,1,221,Perdus
U10533,Budget,468,4,618.7,1,2,1,121,Perdus
U04054,Budget,35,3,619.19,5,1,1,511,Nouveaux
U01778,Budget,0,5,619.8,5,2,1,521,Nouveaux
U05180,Standard,65,3,619.95,4,1,1,411,Nouveaux
U09136,Standard,276,6,621.03,2,2,1,221,Perdus
U00328,Budget,600,5,621.25,1,2,1,121,Perdus
U10752,Budget,338,4,622.33,2,2,1,221,Perdus
U09377,Standard,6,4,622.89,5,2,1,521,Nouveaux
U00467,Budget,29,1,623.69,5,1,1,511,Nouveaux
U00807,Standard,610,5,624.66,1,2,1,121,Perdus
U03963,Budget,647,5,624.86,1,2,1,121,Perdus
U06266,Budget,51,9,625.14,4,3,1,431,Clients fidèles
U07632,Standard,524,7,626.18,1,2,1,121,Perdus
U01403,Premium,401,13,626.41,1,4,1,141,À risque
U07067,Budget,95,4,626.53,4,1,1,411,Nouveaux
U09489,Inconnu,464,3,627.51,1,1,1,111,Perdus
U04647,Budget,144,2,627.53,3,1,1,311,Nouveaux
U11877,VIP,254,6,627.91,2,2,1,221,Perdus
U07285,Standard,369,4,629.05,2,1,1,211,Perdus
U09804,Budget,196,3,629.05,3,1,1,311,Nouveaux
U00141,Standard,191,4,629.29,3,1,1,311,Nouveaux
U06675,Premium,188,5,629.95,3,2,1,321,Nouveaux
U10059,Budget,161,5,629.98,3,2,1,321,Nouveaux
U04885,Budget,26,5,630.7,5,2,1,521,Nouveaux
U00496,Budget,640,4,630.8,1,1,1,111,Perdus
U00201,Standard,77,8,631.52,4,3,1,431,Clients fidèles
U11654,Budget,30,5,631.98,5,2,1,521,Nouveaux
U10566,Standard,7,2,632.02,5,1,1,511,Nouveaux
U05921,Budget,586,4,632.09,1,1,1,111,Perdus
U09302,Budget,94,7,632.11,4,2,1,421,Nouveaux
U03089,Budget,3,5,632.54,5,2,1,521,Nouveaux
U00463,Standard,223,2,632.83,3,1,1,311,Nouveaux
U02021,Budget,700,2,633.48,1,1,1,111,Perdus
U06084,Standard,33,6,633.67,5,2,1,521,Nouveaux
U05040,Budget,17,2,634.6,5,1,1,511,Nouveaux
U05006,Budget,540,2,635.46,1,1,1,111,Perdus
U99209,Inconnu,295,1,638.41,2,1,1,211,Perdus
U00554,Premium,68,6,639.31,4,2,1,421,Nouveaux
U02777,Standard,64,3,639.35,4,1,1,411,Nouveaux
U00195,Budget,341,10,639.52,2,3,1,231,À risque
U09381,Budget,112,8,639.71,4,3,1,431,Clients fidèles
U00826,Budget,334,6,640.77,2,2,1,221,Perdus
U00474,Standard,336,8,640.9,2,3,1,231,À risque
U06587,Standard,559,2,641.13,1,1,1,111,Perdus
U07624,Standard,298,6,641.55,2,2,1,221,Perdus
U07420,Budget,433,5,642.44,1,2,1,121,Perdus
U92817,Inconnu,15,1,643.79,5,1,1,511,Nouveaux
U11171,Premium,6,7,644.17,5,3,1,531,Clients fidèles
U03843,Budget,94,4,645.13,4,1,1,411,Nouveaux
U07928,Standard,95,9,645.21,4,3,1,431,Clients fidèles
U03188,Budget,156,7,645.25,3,2,1,321,Nouveaux
U01496,Budget,352,6,645.32,2,2,1,221,Perdus
U09426,Budget,68,4,645.48,4,2,1,421,Nouveaux
U03704,Budget,171,4,645.55,3,1,1,311,Nouveaux
U05300,Budget,66,7,646.58,4,2,1,421,Nouveaux
U03335,Standard,32,13,647.02,5,4,1,541,Clients fidèles
U06387,Standard,308,5,649.09,2,2,1,221,Perdus
U06149,Budget,202,3,649.53,3,1,1,311,Nouveaux
U01811,Standard,26,4,649.95,5,1,1,511,Nouveaux
U08458,Budget,309,5,650.58,2,2,1,221,Perdus
U07335,Standard,75,4,650.7,4,2,1,421,Nouveaux
U92359,Inconnu,583,1,651.28,1,1,1,111,Perdus
U03324,Budget,433,4,651.49,1,1,1,111,Perdus
U10338,Budget,436,3,651.63,1,1,1,111,Perdus
U01225,Budget,428,2,652.45,1,1,1,111,Perdus
U09161,Inconnu,38,4,652.92,5,2,1,521,Nouveaux
U03159,Standard,334,6,653.51,2,2,1,221,Perdus
U01980,Budget,186,1,654.05,3,1,1,311,Nouveaux
U00387,Budget,453,4,654.17,1,1,1,111,Perdus
U08033,Inconnu,607,5,654.34,1,2,1,121,Perdus
U09903,Premium,46,3,655.29,5,1,1,511,Nouveaux
U11872,Budget,127,5,656.47,4,2,1,421,Nouveaux
U10129,Standard,46,4,656.56,5,2,1,521,Nouveaux
U11362,Budget,239,3,657.05,3,1,1,311,Nouveaux
U02446,Budget,24,3,657.09,5,1,1,511,Nouveaux
U01120,Standard,64,4,658.29,4,1,1,411,Nouveaux
U08101,Budget,519,2,658.72,1,1,1,111,Perdus
U02448,Premium,701,4,658.84,1,1,1,111,Perdus
U00559,Standard,644,3,659.1,1,1,1,111,Perdus
U00622,Budget,330,3,659.27,2,1,1,211,Perdus
U10663,Standard,218,4,659.91,3,2,1,321,Nouveaux
U97368,Inconnu,109,1,660.4,4,1,1,411,Nouveaux
U07652,Budget,193,5,661.29,3,2,1,321,Nouveaux
U01687,Standard,93,8,661.71,4,3,1,431,Clients fidèles
U10778,Budget,101,3,662.12,4,1,1,411,Nouveaux
U07746,VIP,64,8,663.42,4,3,1,431,Clients fidèles
U07517,Budget,450,3,663.82,1,1,1,111,Perdus
U01458,Standard,101,2,664.63,4,1,1,411,Nouveaux
U07840,Budget,379,5,665.53,2,2,1,221,Perdus
U05150,Standard,105,7,665.72,4,2,1,421,Nouveaux
U07977,Premium,61,5,665.76,4,2,1,421,Nouveaux
U01506,Premium,316,5,666.7,2,2,1,221,Perdus
U00292,Budget,161,4,666.87,3,1,1,311,Nouveaux
U05678,Budget,489,4,668.31,1,1,1,111,Perdus
U01464,Budget,345,2,668.69,2,1,1,211,Perdus
U02371,Standard,61,5,668.71,4,2,1,421,Nouveaux
U05568,Standard,125,5,668.71,4,2,1,421,Nouveaux
U06128,Budget,463,4,669.13,1,1,1,111,Perdus
U09984,Standard,373,8,670.25,2,3,1,231,À risque
U05587,Budget,367,3,670.73,2,1,1,211,Perdus
U05066,Premium,32,10,670.98,5,3,1,531,Clients fidèles
U09594,Standard,40,9,671.87,5,3,1,531,Clients fidèles
U02425,Premium,71,4,672.33,4,1,1,411,Nouveaux
U06163,Budget,370,5,673.76,2,2,1,221,Perdus
U93150,Inconnu,539,1,674.41,1,1,1,111,Perdus
U02111,Budget,370,5,675.43,2,2,1,221,Perdus
U04832,Premium,32,5,675.74,5,2,1,521,Nouveaux
U07358,Budget,251,7,676.24,2,2,1,221,Perdus
U10541,Inconnu,0,4,676.27,5,2,1,521,Nouveaux
U07947,Inconnu,481,6,676.7,1,2,1,121,Perdus
U04260,Standard,676,3,676.94,1,1,1,111,Perdus
U01545,Budget,468,6,677.36,1,2,1,121,Perdus
U09470,Standard,551,5,677.64,1,2,1,121,Perdus
U05356,Budget,335,3,678.07,2,1,1,211,Perdus
U02112,Standard,6,14,678.45,5,4,1,541,Clients fidèles
U01652,Standard,88,4,678.77,4,1,1,411,Nouveaux
U08177,Inconnu,5,4,680.01,5,2,1,521,Nouveaux
U00986,Premium,33,3,681.12,5,1,1,511,Nouveaux
U02792,Budget,114,2,681.3,4,1,1,411,Nouveaux
U07740,Budget,520,4,682.06,1,2,1,121,Perdus
U07664,Standard,70,7,682.61,4,2,1,421,Nouveaux
U02367,Budget,180,7,683.14,3,2,1,321,Nouveaux
U08028,Budget,277,3,683.15,2,1,1,211,Perdus
U10586,Standard,278,12,683.45,2,4,1,241,À risque
U00133,Budget,531,3,684.64,1,1,1,111,Perdus
U06100,Standard,418,4,685.16,1,1,1,111,Perdus
U06320,Standard,365,6,685.22,2,2,1,221,Perdus
U01005,Budget,348,7,685.93,2,2,1,221,Perdus
U03141,Standard,137,5,686.42,3,2,1,321,Nouveaux
U11370,Budget,366,9,686.46,2,3,1,231,À risque
U08692,Standard,254,4,687.27,2,2,1,221,Perdus
U02437,Premium,15,6,687.49,5,2,1,521,Nouveaux
U11155,Budget,373,5,687.9,2,2,1,221,Perdus
U07858,Budget,331,5,688.24,2,2,1,221,Perdus
U10223,Budget,310,3,688.58,2,1,1,211,Perdus
U11690,Budget,466,3,689.06,1,1,1,111,Perdus
U08985,Budget,319,6,689.59,2,2,1,221,Perdus
U06591,Budget,152,5,689.73,3,2,1,321,Nouveaux
U03944,Premium,325,8,690.29,2,3,1,231,À risque
U07761,Budget,101,6,690.62,4,2,1,421,Nouveaux
U03391,Budget,227,5,690.84,3,2,1,321,Nouveaux
U03921,Standard,479,6,690.9,1,2,1,121,Perdus
U00416,Budget,98,4,691.85,4,1,1,411,Nouveaux
U02626,Budget,106,4,692.34,4,1,1,411,Nouveaux
U05282,Budget,524,4,692.46,1,1,1,111,Perdus
U01370,Budget,371,8,692.89,2,3,1,231,À risque
U00629,Standard,335,5,693.06,2,2,1,221,Perdus
U02962,Standard,101,6,693.17,4,2,1,421,Nouveaux
U07680,Budget,240,8,693.53,3,3,1,331,Clients fidèles
U07251,Standard,373,3,693.65,2,1,1,211,Perdus
U09788,Budget,0,2,693.67,5,1,1,511,Nouveaux
U11150,Standard,255,7,694.71,2,3,1,231,À risque
U11182,Budget,121,3,696.07,4,1,1,411,Nouveaux
U01746,Budget,382,5,696.81,2,2,1,221,Perdus
U11453,Budget,161,4,697.14,3,2,1,321,Nouveaux
U01691,Standard,104,7,697.52,4,2,1,421,Nouveaux
U11714,Budget,98,5,698.0,4,2,1,421,Nouveaux
U00298,Standard,115,4,698.04,4,1,1,411,Nouveaux
U10394,Standard,619,7,699.03,1,2,1,121,Perdus
U02126,Budget,63,5,699.66,4,2,1,421,Nouveaux
U00040,Budget,245,4,699.83,3,1,1,311,Nouveaux
U07037,Budget,2,4,700.17,5,1,1,511,Nouveaux
U02193,Budget,18,5,700.36,5,2,1,521,Nouveaux
U01148,Standard,314,12,700.53,2,4,1,241,À risque
U07703,Premium,2,4,701.26,5,2,1,521,Nouveaux
U01515,Budget,716,3,701.56,1,1,1,111,Perdus
U11079,Budget,37,6,701.76,5,2,1,521,Nouveaux
U01728,Budget,371,2,702.19,2,1,1,211,Perdus
U02128,Premium,0,3,702.56,5,1,1,511,Nouveaux
U08457,Budget,306,3,702.98,2,1,1,211,Perdus
U01743,Budget,304,7,702.99,2,2,1,221,Perdus
U10942,Budget,74,3,703.0,4,1,1,411,Nouveaux
U01861,Budget,313,8,703.12,2,3,1,231,À risque
U02139,Budget,346,3,703.27,2,1,1,211,Perdus
U07284,Budget,154,5,704.0,3,2,1,321,Nouveaux
U01792,Premium,9,6,705.31,5,2,1,521,Nouveaux
U08221,Standard,442,2,705.32,1,1,1,111,Perdus
U07825,Standard,2,4,706.0,5,2,1,521,Nouveaux
U08300,Budget,593,11,706.14,1,3,1,131,À risque
U01616,Budget,73,5,706.44,4,2,1,421,Nouveaux
U03631,Budget,61,3,706.62,4,1,1,411,Nouveaux
U08838,Budget,579,6,706.95,1,2,1,121,Perdus
U94496,Inconnu,136,1,707.19,3,1,1,311,Nouveaux
U08400,Budget,97,3,707.75,4,1,1,411,Nouveaux
U03699,Budget,531,3,709.98,1,1,1,111,Perdus
U10525,Standard,216,6,710.42,3,2,1,321,Nouveaux
U00447,Budget,442,6,711.47,1,2,1,121,Perdus
U10511,Standard,35,4,711.51,5,2,1,521,Nouveaux
U03172,Budget,0,3,711.53,5,1,1,511,Nouveaux
U02948,Budget,687,4,711.66,1,1,1,111,Perdus
U09483,Standard,550,5,711.72,1,2,1,121,Perdus
U02500,Budget,350,4,712.91,2,1,1,211,Perdus
U11218,Standard,61,3,713.1,4,1,1,411,Nouveaux
U05220,Standard,252,5,713.55,2,2,1,221,Perdus
U10804,Premium,153,9,714.67,3,3,1,331,Clients fidèles
U08353,Budget,493,6,715.12,1,2,1,121,Perdus
U00531,Budget,13,2,715.29,5,1,1,511,Nouveaux
U04954,Budget,137,5,715.82,3,2,1,321,Nouveaux
U08884,Premium,14,7,716.33,5,2,1,521,Nouveaux
U11977,Premium,8,9,717.33,5,3,1,531,Clients fidèles
U11260,Budget,134,6,717.38,3,2,1,321,Nouveaux
U98421,Inconnu,301,1,718.86,2,1,1,211,Perdus
U03475,Budget,24,7,719.51,5,2,1,521,Nouveaux
U00431,Standard,18,6,719.53,5,2,1,521,Nouveaux
U07341,Budget,229,6,720.22,3,2,1,321,Nouveaux
U00699,Budget,448,5,720.42,1,2,1,121,Perdus
U11894,Premium,33,7,720.9,5,3,1,531,Clients fidèles
U06303,Standard,224,4,721.23,3,1,1,311,Nouveaux
U05670,Standard,475,9,721.38,1,3,1,131,À risque
U00989,Standard,652,6,721.7,1,2,1,121,Perdus
U10409,Budget,361,1,721.93,2,1,1,211,Perdus
U03038,Standard,537,6,722.26,1,2,1,121,Perdus
U09213,Standard,581,5,722.5,1,2,1,121,Perdus
U04247,Budget,185,7,722.96,3,2,1,321,Nouveaux
U07831,Standard,12,2,723.27,5,1,1,511,Nouveaux
U09883,Standard,3,1,725.32,5,1,1,511,Nouveaux
U11880,Budget,308,6,725.81,2,2,1,221,Perdus
U00123,Budget,114,1,726.24,4,1,1,411,Nouveaux
U02160,Standard,19,7,726.71,5,2,1,521,Nouveaux
U07121,Budget,429,4,727.11,1,1,1,111,Perdus
U08072,Budget,256,5,727.55,2,2,1,221,Perdus
U06481,Standard,306,8,728.08,2,3,1,231,À risque
U02906,Standard,33,6,728.56,5,2,1,521,Nouveaux
U02363,Budget,459,3,728.71,1,1,1,111,Perdus
U08778,Standard,34,9,729.48,5,3,1,531,Clients fidèles
U06433,Inconnu,580,4,730.33,1,1,1,111,Perdus
U08999,Standard,32,6,730.65,5,2,1,521,Nouveaux
U09617,Standard,513,8,730.75,1,3,1,131,À risque
U07919,Standard,446,9,731.3,1,3,1,131,À risque
U09107,Premium,34,11,731.37,5,3,1,531,Clients fidèles
U00258,Budget,581,3,731.46,1,1,1,111,Perdus
U08509,Budget,399,6,731.61,1,2,1,121,Perdus
U00915,Budget,312,1,731.62,2,1,1,211,Perdus
U02490,Standard,130,1,732.07,3,1,1,311,Nouveaux
U94640,Inconnu,94,1,732.64,4,1,1,411,Nouveaux
U08320,Standard,127,2,732.93,4,1,1,411,Nouveaux
U01311,Budget,0,7,733.26,5,2,1,521,Nouveaux
U98395,Inconnu,340,1,733.33,2,1,1,211,Perdus
U08214,Standard,213,7,733.35,3,2,1,321,Nouveaux
U04429,Standard,66,5,733.56,4,2,1,421,Nouveaux
U10826,Budget,341,6,733.68,2,2,1,221,Perdus
U05129,Premium,435,6,733.87,1,2,1,121,Perdus
U02262,Budget,308,4,734.06,2,1,1,211,Perdus
U09414,Budget,230,3,736.34,3,1,1,311,Nouveaux
U07636,Standard,376,6,736.56,2,2,1,221,Perdus
U04515,Budget,501,3,737.53,1,1,1,111,Perdus
U10466,Budget,328,7,737.7,2,2,1,221,Perdus
U09419,Budget,321,3,738.74,2,1,1,211,Perdus
U02648,Standard,66,3,740.06,4,1,1,411,Nouveaux
U04000,Budget,19,1,740.22,5,1,1,511,Nouveaux
U10298,Budget,66,8,740.26,4,3,1,431,Clients fidèles
U11993,Premium,43,5,740.77,5,2,1,521,Nouveaux
U00080,Budget,132,6,741.59,3,2,1,321,Nouveaux
U11952,Budget,127,2,741.72,4,1,1,411,Nouveaux
U01029,Standard,404,3,742.13,1,1,1,111,Perdus
U06159,Budget,383,7,742.33,2,2,1,221,Perdus
U99523,Inconnu,87,1,742.75,4,1,1,411,Nouveaux
U02264,Standard,297,5,743.49,2,2,1,221,Perdus
U00160,Budget,413,8,743.81,1,3,1,131,À risque
U09975,Budget,607,6,744.15,1,2,1,121,Perdus
U05450,Budget,102,4,744.33,4,1,1,411,Nouveaux
U01536,Standard,277,7,744.66,2,2,1,221,Perdus
U11601,Standard,43,5,745.5,5,2,1,521,Nouveaux
U06799,Budget,582,5,745.98,1,2,1,121,Perdus
U07387,Standard,22,14,746.46,5,4,1,541,Clients fidèles
U04283,Budget,427,6,746.54,1,2,1,121,Perdus
U04769,Standard,190,6,747.44,3,2,1,321,Nouveaux
U04831,Budget,51,5,747.79,4,2,1,421,Nouveaux
U11885,Standard,219,7,748.04,3,3,1,331,Clients fidèles
U02440,Standard,306,7,748.97,2,2,1,221,Perdus
U04482,Standard,541,4,749.27,1,1,1,111,Perdus
U11316,Budget,20,2,749.46,5,1,1,511,Nouveaux
U02203,Budget,294,2,749.61,2,1,1,211,Perdus
U00036,Standard,2,5,750.68,5,2,1,521,Nouveaux
U11141,Standard,71,4,751.0,4,2,1,421,Nouveaux
U00948,Budget,314,3,751.61,2,1,1,211,Perdus
U07784,Standard,186,4,751.91,3,2,1,321,Nouveaux
U09586,Budget,459,5,752.02,1,2,1,121,Perdus
U08348,Budget,135,8,752.03,3,3,1,331,Clients fidèles
U11990,Standard,400,4,752.18,1,2,1,121,Perdus
U01709,Standard,282,4,752.95,2,1,1,211,Perdus
U05359,Premium,428,4,754.83,1,1,1,111,Perdus
U99139,Inconnu,273,1,755.37,2,1,1,211,Perdus
U00060,Budget,306,2,755.38,2,1,1,211,Perdus
U10539,Premium,97,9,755.94,4,3,1,431,Clients fidèles
U03458,Budget,210,3,756.31,3,1,1,311,Nouveaux
U10196,Budget,168,4,756.79,3,2,1,321,Nouveaux
U03799,VIP,2,6,757.48,5,2,1,521,Nouveaux
U10083,Budget,621,4,758.82,1,2,1,121,Perdus
U09429,Standard,93,5,759.04,4,2,1,421,Nouveaux
U07204,Budget,139,4,760.33,3,1,1,311,Nouveaux
U07223,Standard,73,4,760.47,4,1,1,411,Nouveaux
U09340,Budget,228,4,760.51,3,2,1,321,Nouveaux
U01994,Budget,267,5,760.73,2,2,1,221,Perdus
U11632,Standard,277,8,761.29,2,3,1,231,À risque
U08575,Budget,252,4,761.75,2,2,1,221,Perdus
U02776,Budget,61,5,762.21,4,2,1,421,Nouveaux
U09023,Budget,341,3,762.24,2,1,1,211,Perdus
U04875,Budget,253,1,762.34,2,1,1,211,Perdus
U05839,Budget,613,3,762.73,1,1,1,111,Perdus
U05562,Budget,77,7,762.89,4,2,1,421,Nouveaux
U06215,Standard,0,6,763.51,5,2,1,521,Nouveaux
U01890,Premium,33,7,764.26,5,2,1,521,Nouveaux
U03928,Standard,114,10,764.38,4,3,1,431,Clients fidèles
U10638,Standard,59,8,764.84,4,3,1,431,Clients fidèles
U99779,Inconnu,567,1,766.12,1,1,1,111,Perdus
U02584,Budget,494,4,766.21,1,1,1,111,Perdus
U11755,Budget,72,4,766.99,4,2,1,421,Nouveaux
U07876,Budget,195,7,767.16,3,2,1,321,Nouveaux
U04827,Budget,168,1,767.49,3,1,1,311,Nouveaux
U07242,Standard,673,4,767.96,1,1,1,111,Perdus
U06851,Standard,595,4,768.13,1,1,1,111,Perdus
U04105,Premium,6,11,768.62,5,3,1,531,Clients fidèles
U93885,Inconnu,520,1,769.62,1,1,1,111,Perdus
U10160,Inconnu,10,8,770.07,5,3,1,531,Clients fidèles
U10198,Premium,98,4,771.08,4,2,1,421,Nouveaux
U09684,Standard,37,1,771.71,5,1,1,511,Nouveaux
U11253,Budget,92,5,772.09,4,2,1,421,Nouveaux
U07978,Standard,623,6,772.54,1,2,1,121,Perdus
U08826,Budget,162,8,773.14,3,3,1,331,Clients fidèles
U00877,Budget,387,2,774.36,1,1,1,111,Perdus
U01817,Budget,88,3,775.03,4,1,1,411,Nouveaux
U01745,Standard,249,2,775.05,2,1,1,211,Perdus
U09921,Standard,0,6,775.09,5,2,1,521,Nouveaux
U08532,Standard,652,3,775.27,1,1,1,111,Perdus
U11987,Budget,491,5,775.41,1,2,1,121,Perdus
U02631,Budget,227,3,775.51,3,1,1,311,Nouveaux
U93002,Inconnu,507,1,775.91,1,1,1,111,Perdus
U05548,Standard,86,3,776.26,4,1,1,411,Nouveaux
U09438,Standard,163,6,776.77,3,2,1,321,Nouveaux
U05923,Standard,278,10,777.38,2,3,1,231,À risque
U03433,Standard,21,3,777.45,5,1,1,511,Nouveaux
U03026,Budget,139,5,778.45,3,2,1,321,Nouveaux
U95295,Inconnu,37,1,778.45,5,1,1,511,Nouveaux
U04656,Standard,429,6,778.68,1,2,1,121,Perdus
U08828,Standard,482,4,778.87,1,2,1,121,Perdus
U04051,Standard,409,4,779.45,1,1,1,111,Perdus
U03296,Standard,44,4,779.74,5,1,1,511,Nouveaux
U03913,Budget,15,3,779.74,5,1,1,511,Nouveaux
U06631,Standard,95,5,779.79,4,2,1,421,Nouveaux
U09047,Standard,529,6,780.18,1,2,1,121,Perdus
U06754,Budget,466,6,780.66,1,2,1,121,Perdus
U06709,Budget,277,5,780.71,2,2,1,221,Perdus
U10870,Inconnu,97,2,781.12,4,1,1,411,Nouveaux
U91977,Inconnu,614,1,781.35,1,1,1,111,Perdus
U01130,Inconnu,99,4,781.47,4,1,1,411,Nouveaux
U00138,Inconnu,266,2,781.58,2,1,1,211,Perdus
U09895,Standard,49,2,782.01,4,1,1,411,Nouveaux
U05733,Budget,587,4,783.02,1,1,1,111,Perdus
U04877,Budget,13,3,783.16,5,1,1,511,Nouveaux
U10910,Standard,579,3,783.39,1,1,1,111,Perdus
U10786,Standard,7,10,783.44,5,3,1,531,Clients fidèles
U09982,Budget,192,6,783.92,3,2,1,321,Nouveaux
U04173,Budget,335,5,784.83,2,2,1,221,Perdus
U07416,Standard,24,4,785.94,5,2,1,521,Nouveaux
U00514,Budget,465,3,785.98,1,1,1,111,Perdus
U04862,Budget,11,3,786.59,5,1,1,511,Nouveaux
U98105,Inconnu,330,1,786.71,2,1,1,211,Perdus
U92033,Inconnu,55,1,786.77,4,1,1,411,Nouveaux
U00068,Standard,427,15,787.56,1,4,1,141,À risque
U08569,Budget,58,2,787.8,4,1,1,411,Nouveaux
U06785,Standard,24,2,789.07,5,1,1,511,Nouveaux
U03574,Budget,673,2,790.12,1,1,1,111,Perdus
U01804,Budget,268,9,790.65,2,3,1,231,À risque
U10640,Budget,490,2,790.85,1,1,1,111,Perdus
U10122,Standard,46,10,791.46,5,3,1,531,Clients fidèles
U09619,Budget,275,8,791.74,2,3,1,231,À risque
U05258,Premium,101,5,792.09,4,2,1,421,Nouveaux
U00974,Standard,406,5,792.13,1,2,1,121,Perdus
U05526,Budget,36,7,792.63,5,2,1,521,Nouveaux
U03314,Budget,119,5,792.79,4,2,1,421,Nouveaux
U08280,Budget,527,8,793.76,1,3,1,131,À risque
U01025,Standard,580,8,793.77,1,3,1,131,À risque
U02080,Standard,228,7,793.82,3,2,1,321,Nouveaux
U11231,Budget,321,3,794.18,2,1,1,211,Perdus
U06679,Budget,193,6,794.88,3,2,1,321,Nouveaux
U05162,Standard,116,11,795.15,4,3,1,431,Clients fidèles
U07688,Standard,247,6,795.52,2,2,1,221,Perdus
U90589,Inconnu,374,1,796.13,2,1,1,211,Perdus
U10803,Inconnu,5,1,797.1,5,1,1,511,Nouveaux
U06454,Standard,403,7,797.15,1,2,1,121,Perdus
U04416,Standard,75,3,797.48,4,1,1,411,Nouveaux
U11350,Premium,215,5,798.87,3,2,1,321,Nouveaux
U10004,Standard,228,6,799.0,3,2,1,321,Nouveaux
U05368,Standard,220,5,800.77,3,2,1,321,Nouveaux
U05032,Budget,31,3,800.92,5,1,1,511,Nouveaux
U07421,Premium,460,8,800.93,1,3,1,131,À risque
U09925,Budget,503,2,801.19,1,1,1,111,Perdus
U11898,Standard,585,1,801.19,1,1,1,111,Perdus
U10352,Budget,52,5,801.57,4,2,1,421,Nouveaux
U06597,Standard,0,8,801.61,5,3,1,531,Clients fidèles
U07722,Budget,492,3,803.0,1,1,1,111,Perdus
U09878,Budget,1,7,803.58,5,2,1,521,Nouveaux
U04732,Budget,6,4,804.01,5,1,1,511,Nouveaux
U04510,Budget,53,3,804.08,4,1,1,411,Nouveaux
U02433,Budget,657,4,805.91,1,1,1,111,Perdus
U03198,Inconnu,19,3,806.66,5,1,1,511,Nouveaux
U05124,Standard,202,6,807.55,3,2,1,321,Nouveaux
U08505,Budget,317,9,808.05,2,3,1,231,À risque
U09448,Standard,524,3,808.68,1,1,1,111,Perdus
U11613,Standard,342,14,809.01,2,4,1,241,À risque
U10433,Standard,222,6,809.09,3,2,1,321,Nouveaux
U03108,Budget,467,3,810.13,1,1,1,111,Perdus
U06582,Budget,351,2,810.69,2,1,1,211,Perdus
U06166,Standard,65,4,811.26,4,1,1,411,Nouveaux
U04367,Premium,65,7,811.61,4,2,1,421,Nouveaux
U00889,Budget,344,5,812.63,2,2,1,221,Perdus
U10053,Standard,1,6,812.96,5,2,1,521,Nouveaux
U09503,Budget,374,5,813.03,2,2,1,221,Perdus
U09782,Standard,122,7,813.09,4,2,1,421,Nouveaux
U10864,Standard,31,12,814.98,5,4,1,541,Clients fidèles
U11402,Budget,20,2,815.03,5,1,1,511,Nouveaux
U11502,Standard,584,7,815.32,1,3,1,131,À risque
U96574,Inconnu,707,1,815.42,1,1,1,111,Perdus
U07361,Budget,86,2,815.63,4,1,1,411,Nouveaux
U02802,Standard,132,4,815.99,3,1,1,311,Nouveaux
U07343,Standard,217,9,816.09,3,3,1,331,Clients fidèles
U07914,Budget,92,7,818.92,4,2,1,421,Nouveaux
U00690,Premium,463,7,819.64,1,2,1,121,Perdus
U04601,Budget,437,6,819.71,1,2,1,121,Perdus
U01291,Budget,231,11,819.73,3,3,1,331,Clients fidèles
U01157,Budget,274,1,820.77,2,1,1,211,Perdus
U09163,Standard,4,7,822.79,5,2,1,521,Nouveaux
U06432,Budget,522,4,823.08,1,1,1,111,Perdus
U08623,Standard,135,5,823.83,3,2,1,321,Nouveaux
U11055,Budget,457,6,824.59,1,2,1,121,Perdus
U92206,Inconnu,483,1,824.59,1,1,1,111,Perdus
U08318,Standard,456,4,825.0,1,2,1,121,Perdus
U07562,Standard,340,9,825.3,2,3,1,231,À risque
U01362,Budget,465,7,825.78,1,2,1,121,Perdus
U09809,Standard,499,8,825.81,1,3,1,131,À risque
U05318,Budget,473,4,825.89,1,1,1,111,Perdus
U00958,Budget,8,5,825.98,5,2,1,521,Nouveaux
U01873,Budget,413,1,826.62,1,1,1,111,Perdus
U04346,Premium,43,11,826.65,5,3,1,531,Clients fidèles
U11720,Budget,209,7,828.03,3,3,1,331,Clients fidèles
U03945,Budget,244,4,828.63,3,1,1,311,Nouveaux
U07157,Budget,35,5,828.97,5,2,1,521,Nouveaux
U02512,Budget,5,5,829.05,5,2,1,521,Nouveaux
U90337,Inconnu,268,1,829.07,2,1,1,211,Perdus
U10907,Standard,257,10,829.25,2,3,1,231,À risque
U09807,Standard,103,12,829.96,4,4,1,441,Clients fidèles
U05998,Budget,176,6,830.36,3,2,1,321,Nouveaux
U02400,Budget,400,7,830.39,1,2,1,121,Perdus
U97961,Inconnu,134,1,830.45,3,1,1,311,Nouveaux
U08784,Budget,137,5,831.87,3,2,1,321,Nouveaux
U11470,Standard,284,6,833.74,2,2,1,221,Perdus
U05960,Budget,329,2,834.0,2,1,1,211,Perdus
U05128,Standard,397,4,834.26,1,1,1,111,Perdus
U04119,Budget,82,3,834.83,4,1,1,411,Nouveaux
U10450,Budget,474,6,836.99,1,2,1,121,Perdus
U09034,Standard,194,6,837.57,3,2,1,321,Nouveaux
U03300,Budget,94,4,838.54,4,1,1,411,Nouveaux
U03518,Budget,153,5,839.04,3,2,1,321,Nouveaux
U06440,Standard,489,2,839.18,1,1,1,111,Perdus
U06362,Budget,33,4,839.84,5,1,1,511,Nouveaux
U02309,Standard,97,8,839.9,4,3,1,431,Clients fidèles
U04888,Budget,310,5,840.14,2,2,1,221,Perdus
U01436,Budget,498,11,840.55,1,3,1,131,À risque
U10974,Budget,436,4,840.59,1,2,1,121,Perdus
U07405,Budget,12,8,841.28,5,3,1,531,Clients fidèles
U06185,Budget,316,3,841.64,2,1,1,211,Perdus
U04530,Standard,402,3,842.44,1,1,1,111,Perdus
U94238,Inconnu,212,1,842.5,3,1,1,311,Nouveaux
U01912,Budget,12,3,843.03,5,1,1,511,Nouveaux
U10711,Standard,405,5,843.22,1,2,1,121,Perdus
U04982,Budget,671,1,843.56,1,1,1,111,Perdus
U10967,Standard,200,3,844.34,3,1,1,311,Nouveaux
U06910,Standard,469,3,845.83,1,1,1,111,Perdus
U05679,Standard,645,4,845.98,1,1,1,111,Perdus
U09256,Standard,417,3,846.08,1,1,1,111,Perdus
U11486,Budget,283,7,846.08,2,3,1,231,À risque
U10064,Budget,522,2,846.37,1,1,1,111,Perdus
U05439,Budget,537,2,846.42,1,1,1,111,Perdus
U07984,Budget,202,11,847.15,3,3,1,331,Clients fidèles
U06416,Budget,36,6,847.78,5,2,1,521,Nouveaux
U11860,Budget,198,3,847.81,3,1,1,311,Nouveaux
U01570,Budget,154,3,848.1,3,1,1,311,Nouveaux
U00984,Standard,371,8,848.56,2,3,1,231,À risque
U04626,Standard,9,7,848.61,5,2,1,521,Nouveaux
U01176,Budget,123,6,848.79,4,2,1,421,Nouveaux
U02383,Budget,367,5,850.07,2,2,1,221,Perdus
U08194,Budget,403,2,850.18,1,1,1,111,Perdus
U09134,Standard,309,5,850.23,2,2,1,221,Perdus
U94243,Inconnu,423,1,850.63,1,1,1,111,Perdus
U08305,Standard,487,4,852.14,1,2,1,121,Perdus
U01606,Standard,109,2,852.91,4,1,1,411,Nouveaux
U05253,Budget,165,5,853.31,3,2,1,321,Nouveaux
U03462,Standard,301,4,853.65,2,1,1,211,Perdus
U07974,Budget,30,3,853.91,5,1,1,511,Nouveaux
U04876,Budget,55,6,853.96,4,2,1,421,Nouveaux
U10046,Budget,226,4,855.12,3,2,1,321,Nouveaux
U10980,Budget,7,4,855.4,5,2,1,521,Nouveaux
U00876,Standard,425,3,856.42,1,1,1,111,Perdus
U05423,Standard,370,6,856.82,2,2,1,221,Perdus
U08946,Standard,653,2,857.8,1,1,1,111,Perdus
U11573,Budget,76,4,860.06,4,2,1,421,Nouveaux
U05519,Budget,506,4,860.57,1,1,1,111,Perdus
U05901,Premium,32,11,861.3,5,3,1,531,Clients fidèles
U00175,Standard,166,6,861.58,3,2,1,321,Nouveaux
U00436,Budget,37,2,862.24,5,1,1,511,Nouveaux
U01479,Budget,367,5,862.45,2,2,1,221,Perdus
U11199,Budget,233,2,865.14,3,1,1,311,Nouveaux
U08595,Budget,637,8,865.82,1,3,1,131,À risque
U02164,Standard,0,7,865.91,5,2,1,521,Nouveaux
U11101,Budget,306,6,867.0,2,2,1,221,Perdus
U01498,Budget,275,2,867.17,2,1,1,211,Perdus
U00018,Budget,436,6,867.29,1,2,1,121,Perdus
U03468,Budget,94,8,867.41,4,3,1,431,Clients fidèles
U02454,Budget,212,6,867.64,3,2,1,321,Nouveaux
U03387,Standard,246,8,867.67,2,3,1,231,À risque
U92050,Inconnu,390,1,868.04,1,1,1,111,Perdus
U09020,Standard,478,8,868.1,1,3,1,131,À risque
U04899,Budget,308,5,869.23,2,2,1,221,Perdus
U08351,Standard,214,5,869.91,3,2,1,321,Nouveaux
U00207,Standard,214,6,869.93,3,2,1,321,Nouveaux
U07531,Standard,372,9,870.99,2,3,1,231,À risque
U09091,Standard,550,4,871.15,1,2,1,121,Perdus
U02752,Budget,474,4,872.76,1,1,1,111,Perdus
U08006,Standard,280,11,873.04,2,3,1,231,À risque
U04590,Standard,193,9,873.36,3,3,1,331,Clients fidèles
U04977,Premium,14,4,873.77,5,1,1,511,Nouveaux
U10488,Standard,6,9,874.5,5,3,1,531,Clients fidèles
U03322,Budget,677,1,874.96,1,1,1,111,Perdus
U05471,Standard,159,5,875.27,3,2,1,321,Nouveaux
U03183,Standard,342,5,875.37,2,2,1,221,Perdus
U04985,Budget,325,3,875.54,2,1,1,211,Perdus
U04932,Standard,184,4,876.97,3,1,1,311,Nouveaux
U01492,Budget,216,4,877.56,3,1,1,311,Nouveaux
U06078,Standard,0,10,878.1,5,3,1,531,Clients fidèles
U03878,Premium,36,5,879.02,5,2,1,521,Nouveaux
U00159,Budget,41,5,879.78,5,2,1,521,Nouveaux
U11583,Budget,126,4,881.14,4,2,1,421,Nouveaux
U10925,Standard,400,5,881.43,1,2,1,121,Perdus
U10681,Budget,350,6,882.08,2,2,1,221,Perdus
U05332,Budget,423,3,883.05,1,1,1,111,Perdus
U10793,Budget,156,3,883.06,3,1,1,311,Nouveaux
U02598,Budget,118,7,884.44,4,2,1,421,Nouveaux
U04810,Budget,46,1,885.36,5,1,1,511,Nouveaux
U00904,Standard,15,3,886.03,5,1,1,511,Nouveaux
U01889,Budget,362,4,886.41,2,1,1,211,Perdus
U01420,Budget,488,1,886.45,1,1,1,111,Perdus
U10529,Budget,66,6,886.7,4,2,1,421,Nouveaux
U08114,Premium,3,7,887.29,5,2,1,521,Nouveaux
U02710,Budget,148,4,887.3,3,1,1,311,Nouveaux
U04531,Budget,290,7,887.7,2,2,1,221,Perdus
U11700,Standard,35,11,888.94,5,4,1,541,Clients fidèles
U01960,Budget,65,2,889.04,4,1,1,411,Nouveaux
U02592,Standard,47,3,889.28,4,1,1,411,Nouveaux
U11074,Premium,290,4,890.28,2,2,1,221,Perdus
U06821,Budget,279,7,890.62,2,2,1,221,Perdus
U10299,Premium,101,9,890.62,4,3,1,431,Clients fidèles
U00551,Budget,428,5,890.98,1,2,1,121,Perdus
U09688,Budget,484,4,891.02,1,2,1,121,Perdus
U01609,Budget,226,9,892.29,3,3,1,331,Clients fidèles
U07940,Premium,10,4,892.84,5,2,1,521,Nouveaux
U02121,Budget,90,2,893.76,4,1,1,411,Nouveaux
U09268,Standard,8,2,893.89,5,1,1,511,Nouveaux
U02689,Standard,184,8,894.46,3,3,1,331,Clients fidèles
U02539,Budget,617,6,896.7,1,2,1,121,Perdus
U11376,Budget,380,5,896.95,2,2,1,221,Perdus
U09311,Standard,11,7,897.39,5,2,1,521,Nouveaux
U02984,Budget,126,7,897.43,4,2,1,421,Nouveaux
U01044,Standard,230,6,897.76,3,2,1,321,Nouveaux
U11311,Standard,135,8,898.14,3,3,1,331,Clients fidèles
U00483,Budget,105,3,898.46,4,1,1,411,Nouveaux
U06154,Premium,41,7,898.76,5,2,1,521,Nouveaux
U02991,Budget,553,5,898.91,1,2,1,121,Perdus
U03424,Budget,248,6,898.98,2,2,1,221,Perdus
U01377,Standard,153,7,899.0,3,2,1,321,Nouveaux
U07715,Standard,342,5,899.18,2,2,1,221,Perdus
U10281,Standard,66,3,899.39,4,1,1,411,Nouveaux
U04452,Budget,128,11,899.72,4,3,1,431,Clients fidèles
U09228,Standard,5,2,899.94,5,1,1,511,Nouveaux
U10385,Standard,311,10,901.06,2,3,1,231,À risque
U08488,Budget,128,3,901.47,4,1,1,411,Nouveaux
U06007,Budget,402,4,902.35,1,1,1,111,Perdus
U11478,Standard,31,6,902.61,5,2,1,521,Nouveaux
U10919,Budget,398,3,902.62,1,1,1,111,Perdus
U09259,Budget,438,5,902.77,1,2,1,121,Perdus
U09713,Budget,122,5,903.26,4,2,1,421,Nouveaux
U10186,Budget,95,7,903.34,4,2,1,421,Nouveaux
U09654,Budget,401,1,903.55,1,1,1,111,Perdus
U93422,Inconnu,179,2,903.82,3,1,1,311,Nouveaux
U00779,Budget,97,3,903.98,4,1,1,411,Nouveaux
U07359,Standard,334,8,905.11,2,3,1,231,À risque
U06603,Standard,125,6,905.64,4,2,1,421,Nouveaux
U08481,Budget,78,4,905.96,4,2,1,421,Nouveaux
U02353,Budget,527,5,907.29,1,2,1,121,Perdus
U05644,Budget,168,8,908.22,3,3,1,331,Clients fidèles
U07537,Standard,44,5,908.43,5,2,1,521,Nouveaux
U04847,Budget,87,5,909.72,4,2,1,421,Nouveaux
U02435,Budget,184,4,909.73,3,1,1,311,Nouveaux
U02941,Standard,461,8,909.83,1,3,1,131,À risque
U11631,Budget,185,6,910.28,3,2,1,321,Nouveaux
U01004,Budget,171,3,910.31,3,1,1,311,Nouveaux
U10415,Budget,1,8,910.67,5,3,1,531,Clients fidèles
U07360,Budget,81,5,910.78,4,2,1,421,Nouveaux
U03389,Standard,276,6,911.21,2,2,1,221,Perdus
U03751,Budget,101,4,911.29,4,1,1,411,Nouveaux
U10138,Budget,21,2,911.53,5,1,1,511,Nouveaux
U08237,Inconnu,167,4,911.66,3,2,1,321,Nouveaux
U11647,Budget,430,6,912.11,1,2,1,121,Perdus
U11856,Budget,344,6,912.74,2,2,1,221,Perdus
U10062,Budget,501,8,913.54,1,3,1,131,À risque
U00375,Standard,429,4,913.8,1,1,1,111,Perdus
U05555,Budget,127,9,913.85,4,3,1,431,Clients fidèles
U07829,Standard,156,5,915.02,3,2,1,321,Nouveaux
U03632,Budget,17,4,916.15,5,1,1,511,Nouveaux
U06090,Standard,519,9,916.4,1,3,1,131,À risque
U09840,Premium,155,15,916.43,3,4,1,341,Clients fidèles
U02790,Budget,73,3,916.57,4,1,1,411,Nouveaux
U06380,Standard,104,8,916.76,4,3,1,431,Clients fidèles
U09473,Budget,219,5,918.8,3,2,1,321,Nouveaux
U08811,Premium,400,15,919.73,1,4,1,141,À risque
U04058,Budget,341,5,921.14,2,2,1,221,Perdus
U06744,Budget,34,4,921.17,5,1,1,511,Nouveaux
U00932,Budget,85,4,921.67,4,1,1,411,Nouveaux
U11242,Standard,584,6,922.37,1,2,1,121,Perdus
U06034,Budget,114,7,922.96,4,2,1,421,Nouveaux
U03382,Standard,37,14,923.76,5,4,1,541,Clients fidèles
U05772,Standard,226,3,924.4,3,1,1,311,Nouveaux
U05504,Budget,125,9,924.57,4,3,1,431,Clients fidèles
U03133,Standard,93,3,924.63,4,1,1,411,Nouveaux
U04988,Premium,307,12,924.68,2,4,1,241,À risque
U08432,Budget,99,5,925.37,4,2,1,421,Nouveaux
U02067,Budget,80,10,925.69,4,3,1,431,Clients fidèles
U08420,Standard,120,8,925.82,4,3,1,431,Clients fidèles
U04701,Budget,553,4,925.88,1,1,1,111,Perdus
U06477,Standard,153,12,925.98,3,4,1,341,Clients fidèles
U05988,Standard,192,3,926.57,3,1,1,311,Nouveaux
U08479,Budget,65,7,927.14,4,2,1,421,Nouveaux
U04480,Budget,42,8,927.59,5,3,1,531,Clients fidèles
U07181,Standard,96,10,928.59,4,3,1,431,Clients fidèles
U03436,Budget,137,7,929.22,3,2,1,321,Nouveaux
U10523,Budget,615,3,929.32,1,1,1,111,Perdus
U11850,Budget,437,6,929.86,1,2,1,121,Perdus
U01428,Budget,659,7,930.9,1,2,1,121,Perdus
U08268,Standard,13,8,931.02,5,3,1,531,Clients fidèles
U03339,Standard,393,11,932.8,1,3,2,132,À risque
U04889,Budget,683,5,932.84,1,2,2,122,Perdus
U11271,Standard,322,4,932.87,2,2,2,222,Perdus
U05583,Budget,670,1,932.94,1,1,2,112,Perdus
U06673,Standard,99,6,932.99,4,2,2,422,Nouveaux
U08334,Standard,612,4,933.45,1,2,2,122,Perdus
U08958,Budget,32,2,933.98,5,1,2,512,Nouveaux
U00679,Standard,367,8,935.93,2,3,2,232,À risque
U01476,Premium,3,4,936.79,5,1,2,512,Nouveaux
U06626,Budget,552,3,938.44,1,1,2,112,Perdus
U06064,Premium,248,13,938.93,2,4,2,242,À risque
U08452,Standard,59,3,939.2,4,1,2,412,Nouveaux
U00868,Standard,712,3,939.42,1,1,2,112,Perdus
U02272,Standard,221,8,939.55,3,3,2,332,Clients fidèles
U09777,Budget,4,6,939.79,5,2,2,522,Nouveaux
U06494,Budget,245,12,940.9,3,4,2,342,Clients fidèles
U10439,Budget,40,3,942.88,5,1,2,512,Nouveaux
U00342,Standard,18,5,943.13,5,2,2,522,Nouveaux
U00130,Standard,94,7,943.43,4,2,2,422,Nouveaux
U11749,Standard,283,6,943.74,2,2,2,222,Perdus
U02846,Standard,324,11,943.8,2,3,2,232,À risque
U05405,Standard,409,4,943.84,1,1,2,112,Perdus
U05250,Standard,61,3,944.72,4,1,2,412,Nouveaux
U09881,Budget,122,6,945.18,4,2,2,422,Nouveaux
U04039,Standard,590,7,945.3,1,2,2,122,Perdus
U04115,Budget,383,8,945.98,2,3,2,232,À risque
U06716,Budget,343,4,946.01,2,1,2,212,Perdus
U08038,Standard,127,8,946.04,4,3,2,432,Clients fidèles
U03925,Budget,319,6,947.44,2,2,2,222,Perdus
U02182,Inconnu,117,4,948.38,4,1,2,412,Nouveaux
U05893,Budget,368,6,948.43,2,2,2,222,Perdus
U06755,Standard,471,8,948.63,1,3,2,132,À risque
U02037,Standard,398,3,949.14,1,1,2,112,Perdus
U02572,Budget,36,4,949.19,5,1,2,512,Nouveaux
U10716,Standard,392,3,949.2,1,1,2,112,Perdus
U11982,Budget,189,9,950.18,3,3,2,332,Clients fidèles
U07406,Budget,300,4,950.51,2,2,2,222,Perdus
U04238,Standard,468,2,950.57,1,1,2,112,Perdus
U04568,Budget,36,3,950.9,5,1,2,512,Nouveaux
U11578,Standard,515,4,950.9,1,2,2,122,Perdus
U10903,Premium,47,7,952.0,5,3,2,532,Clients fidèles
U11332,Standard,251,12,953.52,2,4,2,242,À risque
U02224,VIP,2,8,955.0,5,3,2,532,Clients fidèles
U10105,Premium,9,4,955.16,5,2,2,522,Nouveaux
U06299,Premium,224,4,956.64,3,1,2,312,Nouveaux
U11004,Standard,621,6,957.36,1,2,2,122,Perdus
U11941,Budget,287,5,957.53,2,2,2,222,Perdus
U02211,Standard,45,3,957.75,5,1,2,512,Nouveaux
U07453,Budget,23,6,957.99,5,2,2,522,Nouveaux
U09707,Standard,142,10,958.16,3,3,2,332,Clients fidèles
U01141,Budget,47,5,958.52,4,2,2,422,Nouveaux
U11170,Budget,77,3,958.78,4,1,2,412,Nouveaux
U07837,Standard,519,4,958.96,1,2,2,122,Perdus
U05827,Standard,278,6,959.74,2,2,2,222,Perdus
U01529,Standard,398,6,960.06,1,2,2,122,Perdus
U11041,Standard,73,5,960.41,4,2,2,422,Nouveaux
U04903,Budget,239,5,961.56,3,2,2,322,Nouveaux
U06212,Standard,143,14,962.64,3,4,2,342,Clients fidèles
U07727,Budget,293,6,962.95,2,2,2,222,Perdus
U09334,Inconnu,339,11,963.11,2,3,2,232,À risque
U09329,Standard,431,11,964.21,1,3,2,132,À risque
U08388,Standard,240,4,964.52,3,2,2,322,Nouveaux
U11562,Budget,321,1,964.57,2,1,2,212,Perdus
U09299,Budget,28,2,964.58,5,1,2,512,Nouveaux
U03326,Premium,95,9,964.75,4,3,2,432,Clients fidèles
U02032,Budget,464,5,965.89,1,2,2,122,Perdus
U02638,Standard,103,8,966.71,4,3,2,432,Clients fidèles
U08408,Budget,13,3,966.99,5,1,2,512,Nouveaux
U07609,Budget,67,7,967.03,4,2,2,422,Nouveaux
U04358,Inconnu,34,6,968.14,5,2,2,522,Nouveaux
U00143,Budget,17,5,968.51,5,2,2,522,Nouveaux
U03768,Standard,160,8,968.7,3,3,2,332,Clients fidèles
U96405,Inconnu,339,1,968.82,2,1,2,212,Perdus
U96418,Inconnu,392,1,969.11,1,1,2,112,Perdus
U02788,Standard,217,7,969.18,3,2,2,322,Nouveaux
U05977,Budget,55,8,969.21,4,3,2,432,Clients fidèles
U06683,Standard,96,8,969.31,4,3,2,432,Clients fidèles
U05753,Standard,17,5,971.1,5,2,2,522,Nouveaux
U10325,Standard,230,10,972.53,3,3,2,332,Clients fidèles
U02157,Budget,38,9,973.16,5,3,2,532,Clients fidèles
U02259,Budget,6,5,974.15,5,2,2,522,Nouveaux
U08200,Budget,400,4,974.32,1,2,2,122,Perdus
U10572,Premium,469,9,974.83,1,3,2,132,À risque
U06008,Budget,125,2,975.63,4,1,2,412,Nouveaux
U09644,Standard,252,2,975.83,2,1,2,212,Perdus
U04439,Budget,165,10,976.53,3,3,2,332,Clients fidèles
U02600,Budget,98,3,977.02,4,1,2,412,Nouveaux
U07687,Inconnu,230,5,978.83,3,2,2,322,Nouveaux
U03897,Budget,280,9,979.35,2,3,2,232,À risque
U00606,Budget,338,6,979.89,2,2,2,222,Perdus
U05571,Budget,4,3,979.93,5,1,2,512,Nouveaux
U00653,Premium,553,9,980.11,1,3,2,132,À risque
U04492,Standard,113,6,980.31,4,2,2,422,Nouveaux
U07006,Budget,44,6,980.73,5,2,2,522,Nouveaux
U08853,Standard,386,3,981.14,1,1,2,112,Perdus
U06963,Standard,22,1,981.22,5,1,2,512,Nouveaux
U06933,Budget,62,3,981.33,4,1,2,412,Nouveaux
U07300,Budget,248,6,984.05,2,2,2,222,Perdus
U02796,Budget,310,9,984.82,2,3,2,232,À risque
U09200,Standard,522,10,985.03,1,3,2,132,À risque
U03099,Budget,214,7,985.13,3,2,2,322,Nouveaux
U11273,Standard,5,6,986.83,5,2,2,522,Nouveaux
U11013,Standard,270,7,988.49,2,3,2,232,À risque
U05693,Budget,247,4,989.06,2,1,2,212,Perdus
U10117,Standard,153,9,989.73,3,3,2,332,Clients fidèles
U02341,Inconnu,498,4,990.13,1,1,2,112,Perdus
U02408,Budget,334,12,990.19,2,4,2,242,À risque
U09332,Budget,159,4,991.11,3,2,2,322,Nouveaux
U95574,Inconnu,668,1,991.72,1,1,2,112,Perdus
U10645,Standard,150,6,991.88,3,2,2,322,Nouveaux
U05573,Budget,39,4,991.92,5,1,2,512,Nouveaux
U09819,Standard,7,2,992.15,5,1,2,512,Nouveaux
U11479,Standard,62,9,992.43,4,3,2,432,Clients fidèles
U03786,Budget,455,3,992.64,1,1,2,112,Perdus
U01122,Premium,43,9,993.39,5,3,2,532,Clients fidèles
U08327,Standard,302,7,994.46,2,2,2,222,Perdus
U04633,Budget,203,5,995.49,3,2,2,322,Nouveaux
U03604,Budget,159,5,995.64,3,2,2,322,Nouveaux
U08736,Budget,167,2,996.53,3,1,2,312,Nouveaux
U11238,Standard,581,6,996.81,1,2,2,122,Perdus
U04472,Budget,191,3,997.66,3,1,2,312,Nouveaux
U11191,Inconnu,134,4,997.71,3,2,2,322,Nouveaux
U02226,Standard,373,4,997.78,2,1,2,212,Perdus
U04009,Standard,299,7,997.94,2,2,2,222,Perdus
U00778,Standard,488,10,998.3,1,3,2,132,À risque
U02503,Budget,17,6,998.52,5,2,2,522,Nouveaux
U04928,Standard,477,4,999.72,1,1,2,112,Perdus
U05544,Budget,92,7,1000.52,4,2,2,422,Nouveaux
U07113,Budget,70,1,1000.67,4,1,2,412,Nouveaux
U06164,Standard,519,4,1001.48,1,1,2,112,Perdus
U04739,Standard,77,9,1002.97,4,3,2,432,Clients fidèles
U07071,Premium,249,7,1003.21,2,2,2,222,Perdus
U92515,Inconnu,260,1,1003.72,2,1,2,212,Perdus
U06623,Budget,245,4,1004.22,3,1,2,312,Nouveaux
U00276,Budget,64,9,1005.01,4,3,2,432,Clients fidèles
U00226,Budget,21,4,1005.22,5,1,2,512,Nouveaux
U08548,Budget,402,6,1005.42,1,2,2,122,Perdus
U11425,Budget,551,6,1005.77,1,2,2,122,Perdus
U06169,Budget,555,3,1006.17,1,1,2,112,Perdus
U11039,Standard,565,9,1006.69,1,3,2,132,À risque
U05386,Budget,367,4,1006.83,2,1,2,212,Perdus
U11497,Standard,131,5,1007.02,3,2,2,322,Nouveaux
U09166,Budget,41,4,1007.12,5,2,2,522,Nouveaux
U02306,Standard,230,7,1007.3,3,2,2,322,Nouveaux
U01992,Budget,125,3,1007.51,4,1,2,412,Nouveaux
U06280,Inconnu,252,8,1008.22,2,3,2,232,À risque
U05997,Budget,8,4,1008.37,5,1,2,512,Nouveaux
U10601,Budget,209,5,1008.73,3,2,2,322,Nouveaux
U09029,Budget,254,9,1009.34,2,3,2,232,À risque
U01002,Premium,20,5,1009.39,5,2,2,522,Nouveaux
U02625,Budget,100,6,1010.52,4,2,2,422,Nouveaux
U08928,Standard,188,11,1011.0,3,3,2,332,Clients fidèles
U01129,Standard,161,4,1011.08,3,1,2,312,Nouveaux
U11248,Budget,676,2,1011.16,1,1,2,112,Perdus
U05366,Inconnu,338,3,1011.31,2,1,2,212,Perdus
U01909,Budget,191,8,1012.54,3,3,2,332,Clients fidèles
U10074,Standard,281,7,1013.43,2,2,2,222,Perdus
U00506,Standard,463,9,1013.45,1,3,2,132,À risque
U03176,Budget,0,5,1013.57,5,2,2,522,Nouveaux
U07464,Standard,551,9,1015.05,1,3,2,132,À risque
U02680,Premium,31,6,1015.67,5,2,2,522,Nouveaux
U09580,Budget,49,6,1016.88,4,2,2,422,Nouveaux
U06192,Budget,275,6,1016.97,2,2,2,222,Perdus
U00438,Budget,186,7,1016.99,3,2,2,322,Nouveaux
U11161,Standard,372,6,1018.49,2,2,2,222,Perdus
U09373,Standard,191,5,1019.03,3,2,2,322,Nouveaux
U05268,Standard,554,4,1019.31,1,1,2,112,Perdus
U02354,Budget,720,1,1019.5,1,1,2,112,Perdus
U02758,Budget,437,7,1020.12,1,2,2,122,Perdus
U90621,Inconnu,472,1,1021.08,1,1,2,112,Perdus
U09890,Standard,47,7,1021.77,5,2,2,522,Nouveaux
U02971,Budget,490,4,1022.09,1,1,2,112,Perdus
U10725,Standard,368,11,1023.73,2,3,2,232,À risque
U03173,Budget,376,4,1024.47,2,1,2,212,Perdus
U10437,Standard,43,5,1024.58,5,2,2,522,Nouveaux
U03901,Budget,4,13,1025.14,5,4,2,542,Clients fidèles
U06456,Standard,524,2,1025.26,1,1,2,112,Perdus
U03815,Standard,582,10,1026.23,1,3,2,132,À risque
U11809,Budget,20,3,1026.38,5,1,2,512,Nouveaux
U10119,Premium,445,3,1026.83,1,1,2,112,Perdus
U07102,Standard,461,5,1027.4,1,2,2,122,Perdus
U07602,Standard,257,11,1028.45,2,3,2,232,À risque
U01065,Budget,702,1,1029.45,1,1,2,112,Perdus
U00550,Premium,33,7,1029.75,5,2,2,522,Nouveaux
U01274,Budget,378,8,1029.79,2,3,2,232,À risque
U97227,Inconnu,501,1,1029.88,1,1,2,112,Perdus
U11446,Budget,145,6,1031.61,3,2,2,322,Nouveaux
U07080,Budget,320,9,1032.56,2,3,2,232,À risque
U08762,Standard,189,8,1032.92,3,3,2,332,Clients fidèles
U03516,Inconnu,162,6,1033.0,3,2,2,322,Nouveaux
U11056,Standard,156,9,1034.44,3,3,2,332,Clients fidèles
U08640,Standard,487,9,1035.17,1,3,2,132,À risque
U09601,Standard,457,9,1035.33,1,3,2,132,À risque
U09056,Premium,0,5,1035.89,5,2,2,522,Nouveaux
U03919,Premium,552,16,1035.96,1,4,2,142,À risque
U04934,Budget,487,6,1036.25,1,2,2,122,Perdus
U02282,Standard,8,2,1036.56,5,1,2,512,Nouveaux
U06460,Premium,0,9,1037.17,5,3,2,532,Clients fidèles
U09937,Standard,236,5,1037.97,3,2,2,322,Nouveaux
U00477,Standard,554,5,1039.63,1,2,2,122,Perdus
U07448,Standard,178,10,1039.86,3,3,2,332,Clients fidèles
U06041,Budget,313,5,1039.9,2,2,2,222,Perdus
U05763,Standard,385,4,1040.24,1,1,2,112,Perdus
U07331,Budget,15,6,1040.67,5,2,2,522,Nouveaux
U05045,Budget,44,5,1040.81,5,2,2,522,Nouveaux
U03356,Standard,523,5,1040.86,1,2,2,122,Perdus
U04458,Budget,393,5,1042.63,1,2,2,122,Perdus
U08622,Budget,342,4,1043.16,2,2,2,222,Perdus
U11454,Standard,98,10,1043.21,4,3,2,432,Clients fidèles
U00888,Standard,414,12,1043.25,1,4,2,142,À risque
U04820,Standard,458,5,1043.34,1,2,2,122,Perdus
U03056,Budget,196,5,1043.42,3,2,2,322,Nouveaux
U11301,Budget,650,3,1044.64,1,1,2,112,Perdus
U08600,Inconnu,160,7,1044.65,3,2,2,322,Nouveaux
U08071,Budget,227,6,1045.03,3,2,2,322,Nouveaux
U00035,Standard,212,8,1045.4,3,3,2,332,Clients fidèles
U08510,Standard,1,2,1045.69,5,1,2,512,Nouveaux
U03247,Standard,491,8,1046.31,1,3,2,132,À risque
U11587,Standard,219,5,1046.93,3,2,2,322,Nouveaux
U02444,Budget,190,7,1047.13,3,2,2,322,Nouveaux
U08522,VIP,98,8,1047.18,4,3,2,432,Clients fidèles
U11512,Budget,128,7,1048.41,4,3,2,432,Clients fidèles
U10824,Standard,104,4,1049.31,4,2,2,422,Nouveaux
U07734,Premium,95,7,1049.93,4,2,2,422,Nouveaux
U04116,Budget,144,7,1050.07,3,2,2,322,Nouveaux
U01228,Budget,555,2,1050.17,1,1,2,112,Perdus
U01071,Budget,61,9,1050.44,4,3,2,432,Clients fidèles
U03591,Standard,50,7,1050.98,4,2,2,422,Nouveaux
U07616,Budget,5,6,1051.12,5,2,2,522,Nouveaux
U08382,Standard,400,8,1051.79,1,3,2,132,À risque
U09922,Budget,490,4,1053.42,1,2,2,122,Perdus
U06224,Standard,7,7,1053.5,5,2,2,522,Nouveaux
U05212,Budget,3,7,1053.71,5,2,2,522,Nouveaux
U05103,Budget,6,4,1053.81,5,1,2,512,Nouveaux
U04728,Standard,97,11,1054.53,4,3,2,432,Clients fidèles
U05270,Standard,215,8,1054.54,3,3,2,332,Clients fidèles
U08007,Standard,524,7,1054.78,1,2,2,122,Perdus
U01153,Standard,8,5,1054.81,5,2,2,522,Nouveaux
U07639,Budget,208,8,1055.0,3,3,2,332,Clients fidèles
U01541,Budget,451,5,1055.06,1,2,2,122,Perdus
U07983,Standard,519,11,1055.31,1,3,2,132,À risque
U09297,Standard,77,11,1055.51,4,3,2,432,Clients fidèles
U92355,Inconnu,549,1,1055.54,1,1,2,112,Perdus
U07308,Budget,275,2,1056.41,2,1,2,212,Perdus
U08578,Standard,68,4,1056.98,4,2,2,422,Nouveaux
U07276,Budget,93,3,1057.71,4,1,2,412,Nouveaux
U00022,Standard,542,7,1057.85,1,2,2,122,Perdus
U10970,Standard,250,11,1058.33,2,3,2,232,À risque
U00597,Budget,297,9,1059.43,2,3,2,232,À risque
U02882,Standard,464,4,1059.84,1,1,2,112,Perdus
U07587,Standard,379,11,1060.4,2,3,2,232,À risque
U01484,Budget,256,5,1061.02,2,2,2,222,Perdus
U97199,Inconnu,359,1,1061.75,2,1,2,212,Perdus
U11481,Budget,657,1,1062.14,1,1,2,112,Perdus
U00511,Budget,258,3,1062.6,2,1,2,212,Perdus
U08598,Budget,102,3,1063.13,4,1,2,412,Nouveaux
U11984,Budget,252,3,1063.13,2,1,2,212,Perdus
U01146,Standard,9,12,1063.58,5,4,2,542,Clients fidèles
U07692,Standard,99,7,1063.79,4,2,2,422,Nouveaux
U07929,Budget,383,6,1063.88,2,2,2,222,Perdus
U11417,Standard,319,8,1065.07,2,3,2,232,À risque
U09330,Standard,197,10,1065.27,3,3,2,332,Clients fidèles
U10073,Budget,46,5,1065.63,5,2,2,522,Nouveaux
U10013,Budget,220,3,1065.74,3,1,2,312,Nouveaux
U03196,Budget,137,5,1065.95,3,2,2,322,Nouveaux
U05257,Standard,229,7,1066.12,3,2,2,322,Nouveaux
U04999,Budget,368,8,1066.19,2,3,2,232,À risque
U01097,Budget,78,3,1067.37,4,1,2,412,Nouveaux
U07282,Inconnu,37,4,1068.22,5,1,2,512,Nouveaux
U11292,Standard,307,6,1068.4,2,2,2,222,Perdus
U02206,Budget,654,1,1069.44,1,1,2,112,Perdus
U10245,Standard,174,7,1069.62,3,2,2,322,Nouveaux
U02683,Standard,337,7,1070.48,2,2,2,222,Perdus
U07111,Premium,156,7,1070.76,3,2,2,322,Nouveaux
U10648,Budget,441,3,1071.25,1,1,2,112,Perdus
U11564,Standard,312,3,1071.25,2,1,2,212,Perdus
U10624,VIP,0,6,1071.53,5,2,2,522,Nouveaux
U07893,Inconnu,1,3,1072.71,5,1,2,512,Nouveaux
U03136,Standard,280,14,1073.58,2,4,2,242,À risque
U02110,Budget,283,7,1074.86,2,2,2,222,Perdus
U90131,Inconnu,434,1,1074.9,1,1,2,112,Perdus
U10697,Budget,387,7,1075.25,1,3,2,132,À risque
U08173,Budget,451,3,1076.63,1,1,2,112,Perdus
U05242,Budget,298,2,1076.67,2,1,2,212,Perdus
U05942,Budget,73,13,1076.71,4,4,2,442,Clients fidèles
U04834,Standard,235,5,1076.78,3,2,2,322,Nouveaux
U02935,Budget,104,6,1076.8,4,2,2,422,Nouveaux
U10787,Budget,126,11,1077.04,4,3,2,432,Clients fidèles
U09362,Budget,586,5,1077.29,1,2,2,122,Perdus
U02999,Budget,305,7,1077.64,2,2,2,222,Perdus
U96422,Inconnu,171,1,1077.8,3,1,2,312,Nouveaux
U92884,Inconnu,691,1,1078.16,1,1,2,112,Perdus
U07133,Budget,396,4,1079.29,1,1,2,112,Perdus
U06907,Budget,545,3,1079.32,1,1,2,112,Perdus
U03267,Budget,12,8,1079.44,5,3,2,532,Clients fidèles
U05306,Budget,41,9,1079.87,5,3,2,532,Clients fidèles
U04861,Budget,366,1,1080.92,2,1,2,212,Perdus
U00751,Budget,215,7,1082.0,3,2,2,322,Nouveaux
U07403,Standard,94,10,1082.01,4,3,2,432,Clients fidèles
U08473,Standard,673,4,1082.3,1,2,2,122,Perdus
U03125,Budget,116,5,1083.27,4,2,2,422,Nouveaux
U04003,Standard,36,3,1084.93,5,1,2,512,Nouveaux
U04724,Budget,114,4,1085.53,4,1,2,412,Nouveaux
U01386,Standard,47,13,1085.64,4,4,2,442,Clients fidèles
U05818,Budget,52,3,1085.72,4,1,2,412,Nouveaux
U08296,Budget,193,4,1085.94,3,2,2,322,Nouveaux
U07202,Standard,275,5,1087.2,2,2,2,222,Perdus
U05088,Standard,398,4,1088.48,1,1,2,112,Perdus
U03749,Budget,66,5,1089.97,4,2,2,422,Nouveaux
U11747,Standard,126,1,1090.53,4,1,2,412,Nouveaux
U05719,Standard,66,6,1091.15,4,2,2,422,Nouveaux
U05254,Standard,42,7,1091.28,5,2,2,522,Nouveaux
U09207,Budget,355,5,1091.32,2,2,2,222,Perdus
U05605,Standard,530,6,1092.09,1,2,2,122,Perdus
U00590,Budget,324,3,1093.02,2,1,2,212,Perdus
U00091,Standard,123,4,1093.15,4,1,2,412,Nouveaux
U01759,Budget,179,4,1093.74,3,1,2,312,Nouveaux
U10507,Budget,392,6,1094.72,1,2,2,122,Perdus
U03685,Budget,340,3,1094.97,2,1,2,212,Perdus
U00426,Budget,289,3,1095.73,2,1,2,212,Perdus
U10748,Budget,495,7,1095.79,1,3,2,132,À risque
U09064,Budget,76,5,1096.22,4,2,2,422,Nouveaux
U07569,Budget,470,3,1097.22,1,1,2,112,Perdus
U02911,Budget,93,8,1097.38,4,3,2,432,Clients fidèles
U03707,Standard,55,4,1098.18,4,1,2,412,Nouveaux
U01173,Standard,46,5,1098.65,5,2,2,522,Nouveaux
U05276,Standard,107,10,1098.69,4,3,2,432,Clients fidèles
U10107,Budget,375,5,1098.77,2,2,2,222,Perdus
U03705,Premium,283,15,1099.19,2,4,2,242,À risque
U09692,Budget,501,8,1099.42,1,3,2,132,À risque
U09201,Budget,69,10,1099.64,4,3,2,432,Clients fidèles
U10499,VIP,13,11,1100.18,5,3,2,532,Clients fidèles
U00583,Standard,492,8,1100.26,1,3,2,132,À risque
U09343,Budget,65,7,1101.0,4,2,2,422,Nouveaux
U02833,Budget,9,4,1101.06,5,1,2,512,Nouveaux
U10285,Standard,7,8,1101.16,5,3,2,532,Clients fidèles
U08927,Standard,26,16,1102.56,5,4,2,542,Clients fidèles
U06200,Standard,39,6,1103.84,5,2,2,522,Nouveaux
U03311,Budget,580,5,1104.29,1,2,2,122,Perdus
U06940,Budget,607,2,1104.59,1,1,2,112,Perdus
U06551,Budget,409,10,1105.48,1,3,2,132,À risque
U11926,Standard,245,11,1106.33,3,4,2,342,Clients fidèles
U08672,Standard,585,13,1106.87,1,4,2,142,À risque
U05489,Standard,253,5,1107.46,2,2,2,222,Perdus
U02005,Budget,627,5,1110.37,1,2,2,122,Perdus
U01866,Standard,225,6,1110.63,3,2,2,322,Nouveaux
U02565,VIP,9,7,1110.94,5,2,2,522,Nouveaux
U05894,Budget,613,3,1110.96,1,1,2,112,Perdus
U11975,Standard,57,5,1111.12,4,2,2,422,Nouveaux
U05272,Standard,108,7,1111.52,4,2,2,422,Nouveaux
U02019,Premium,32,11,1111.57,5,3,2,532,Clients fidèles
U02334,Standard,415,15,1113.59,1,4,2,142,À risque
U01844,Inconnu,96,9,1114.46,4,3,2,432,Clients fidèles
U03165,Standard,6,5,1115.24,5,2,2,522,Nouveaux
U01779,Premium,278,4,1117.13,2,1,2,212,Perdus
U04632,Budget,437,6,1117.35,1,2,2,122,Perdus
U03106,Budget,338,6,1117.4,2,2,2,222,Perdus
U00604,Standard,54,12,1117.64,4,4,2,442,Clients fidèles
U07843,Standard,265,5,1117.65,2,2,2,222,Perdus
U10825,Premium,230,13,1118.02,3,4,2,342,Clients fidèles
U11592,Premium,9,15,1118.39,5,4,2,542,Clients fidèles
U03598,Budget,177,4,1119.0,3,1,2,312,Nouveaux
U01495,Budget,100,3,1119.36,4,1,2,412,Nouveaux
U10796,Standard,549,5,1119.64,1,2,2,122,Perdus
U08115,Standard,310,12,1119.97,2,4,2,242,À risque
U06694,Premium,159,5,1120.7,3,2,2,322,Nouveaux
U02605,Budget,217,6,1121.59,3,2,2,322,Nouveaux
U03240,Premium,14,13,1121.82,5,4,2,542,Clients fidèles
U03111,Standard,24,11,1122.5,5,3,2,532,Clients fidèles
U11559,Budget,566,2,1122.78,1,1,2,112,Perdus
U09454,Premium,0,4,1123.37,5,2,2,522,Nouveaux
U04637,Budget,32,4,1123.42,5,1,2,512,Nouveaux
U00089,Standard,157,9,1123.95,3,3,2,332,Clients fidèles
U04307,Standard,51,6,1124.04,4,2,2,422,Nouveaux
U00858,Standard,4,5,1124.68,5,2,2,522,Nouveaux
U09236,Premium,521,15,1125.42,1,4,2,142,À risque
U05373,Budget,401,5,1125.6,1,2,2,122,Perdus
U04710,Standard,122,6,1125.65,4,2,2,422,Nouveaux
U07292,Standard,588,5,1125.98,1,2,2,122,Perdus
U11929,Budget,1,5,1126.4,5,2,2,522,Nouveaux
U04763,Budget,41,5,1126.69,5,2,2,522,Nouveaux
U02696,Budget,205,6,1126.7,3,2,2,322,Nouveaux
U05713,Standard,535,11,1126.82,1,3,2,132,À risque
U01768,Budget,247,5,1127.67,2,2,2,222,Perdus
U03121,Budget,692,1,1128.0,1,1,2,112,Perdus
U04250,Budget,339,7,1129.2,2,2,2,222,Perdus
U09724,Standard,94,10,1129.39,4,3,2,432,Clients fidèles
U00317,Standard,35,5,1129.93,5,2,2,522,Nouveaux
U06369,Budget,467,7,1130.51,1,2,2,122,Perdus
U01828,Budget,75,3,1130.61,4,1,2,412,Nouveaux
U90807,Inconnu,522,1,1130.67,1,1,2,112,Perdus
U01326,Premium,460,6,1131.16,1,2,2,122,Perdus
U06945,Standard,236,8,1131.16,3,3,2,332,Clients fidèles
U00849,Standard,614,3,1131.65,1,1,2,112,Perdus
U11383,Budget,400,6,1131.66,1,2,2,122,Perdus
U03809,Budget,211,6,1131.73,3,2,2,322,Nouveaux
U09385,Standard,66,3,1131.88,4,1,2,412,Nouveaux
U09602,Standard,340,5,1132.35,2,2,2,222,Perdus
U00753,Budget,529,5,1132.77,1,2,2,122,Perdus
U05232,Standard,87,8,1134.03,4,3,2,432,Clients fidèles
U11317,Budget,419,4,1136.07,1,2,2,122,Perdus
U04979,Budget,71,8,1137.02,4,3,2,432,Clients fidèles
U07138,Standard,12,3,1137.86,5,1,2,512,Nouveaux
U02678,Premium,7,6,1138.02,5,2,2,522,Nouveaux
U05233,Budget,235,4,1138.14,3,1,2,312,Nouveaux
U04540,Standard,224,11,1138.22,3,3,2,332,Clients fidèles
U01991,Standard,219,6,1139.1,3,2,2,322,Nouveaux
U08981,Standard,245,10,1139.37,3,3,2,332,Clients fidèles
U01295,Standard,418,4,1140.08,1,1,2,112,Perdus
U07549,Budget,45,9,1140.26,5,3,2,532,Clients fidèles
U10595,Budget,220,3,1140.62,3,1,2,312,Nouveaux
U00816,Budget,128,5,1141.51,4,2,2,422,Nouveaux
U04313,Budget,288,11,1141.85,2,3,2,232,À risque
U01262,Standard,341,14,1142.09,2,4,2,242,À risque
U09521,Budget,75,7,1143.95,4,2,2,422,Nouveaux
U02849,Budget,97,4,1144.12,4,1,2,412,Nouveaux
U05336,Budget,124,11,1144.65,4,3,2,432,Clients fidèles
U10267,Standard,622,5,1144.93,1,2,2,122,Perdus
U06085,Standard,277,9,1145.27,2,3,2,232,À risque
U03154,Budget,493,4,1145.62,1,1,2,112,Perdus
U05164,Standard,3,10,1146.16,5,3,2,532,Clients fidèles
U01535,Standard,373,3,1146.59,2,1,2,212,Perdus
U04967,Budget,496,6,1147.03,1,2,2,122,Perdus
U00969,Budget,137,5,1147.29,3,2,2,322,Nouveaux
U11637,Budget,263,6,1148.34,2,2,2,222,Perdus
U07901,Budget,272,1,1148.73,2,1,2,212,Perdus
U01538,Standard,208,10,1149.41,3,3,2,332,Clients fidèles
U07175,Standard,71,12,1150.06,4,4,2,442,Clients fidèles
U04391,Standard,444,10,1151.11,1,3,2,132,À risque
U09731,Standard,621,8,1151.52,1,3,2,132,À risque
U06516,Standard,320,10,1151.83,2,3,2,232,À risque
U02760,Budget,300,1,1152.17,2,1,2,212,Perdus
U11404,Standard,35,6,1152.4,5,2,2,522,Nouveaux
U00843,Standard,524,8,1153.18,1,3,2,132,À risque
U00867,Inconnu,467,4,1153.42,1,1,2,112,Perdus
U11600,Standard,63,2,1153.8,4,1,2,412,Nouveaux
U07862,Budget,226,8,1154.74,3,3,2,332,Clients fidèles
U08752,Budget,370,9,1154.76,2,3,2,232,À risque
U07086,Standard,255,10,1154.95,2,3,2,232,À risque
U07679,Premium,3,20,1156.16,5,5,2,552,Clients fidèles
U03435,Standard,621,5,1156.66,1,2,2,122,Perdus
U03236,Budget,125,9,1156.68,4,3,2,432,Clients fidèles
U04774,Premium,12,5,1156.78,5,2,2,522,Nouveaux
U03100,Budget,459,9,1157.33,1,3,2,132,À risque
U04856,Standard,188,5,1157.34,3,2,2,322,Nouveaux
U01931,Standard,37,6,1157.56,5,2,2,522,Nouveaux
U04170,Standard,5,5,1157.73,5,2,2,522,Nouveaux
U06259,Standard,621,8,1157.77,1,3,2,132,À risque
U11912,Budget,196,3,1158.18,3,1,2,312,Nouveaux
U02416,Inconnu,267,7,1158.48,2,2,2,222,Perdus
U08683,Budget,11,10,1158.59,5,3,2,532,Clients fidèles
U08901,Premium,470,14,1160.5,1,4,2,142,À risque
U08204,Premium,101,4,1161.04,4,2,2,422,Nouveaux
U00147,Standard,154,7,1161.2,3,2,2,322,Nouveaux
U00448,Standard,338,9,1163.76,2,3,2,232,À risque
U10509,Budget,121,1,1164.0,4,1,2,412,Nouveaux
U01024,Budget,251,5,1164.17,2,2,2,222,Perdus
U06217,Budget,275,7,1164.29,2,2,2,222,Perdus
U04564,Standard,227,7,1164.49,3,2,2,322,Nouveaux
U07445,Premium,336,10,1165.71,2,3,2,232,À risque
U01519,Budget,556,5,1166.72,1,2,2,122,Perdus
U07732,Inconnu,101,7,1167.43,4,2,2,422,Nouveaux
U00860,Budget,38,7,1167.84,5,2,2,522,Nouveaux
U10153,Standard,66,11,1167.9,4,3,2,432,Clients fidèles
U05449,Budget,612,2,1169.27,1,1,2,112,Perdus
U06699,Budget,34,2,1169.69,5,1,2,512,Nouveaux
U09041,Budget,46,7,1169.79,5,2,2,522,Nouveaux
U05801,Inconnu,160,4,1170.01,3,1,2,312,Nouveaux
U07855,Standard,189,13,1170.26,3,4,2,342,Clients fidèles
U00842,Budget,218,5,1171.33,3,2,2,322,Nouveaux
U05688,Standard,4,3,1171.76,5,1,2,512,Nouveaux
U09670,Standard,519,8,1172.27,1,3,2,132,À risque
U02053,Premium,31,12,1172.52,5,4,2,542,Clients fidèles
U02340,Budget,462,4,1173.02,1,1,2,112,Perdus
U06565,Standard,161,8,1173.04,3,3,2,332,Clients fidèles
U11203,Inconnu,13,1,1173.26,5,1,2,512,Nouveaux
U08966,Budget,212,17,1173.89,3,4,2,342,Clients fidèles
U06272,Standard,106,9,1173.9,4,3,2,432,Clients fidèles
U04786,Standard,122,10,1173.96,4,3,2,432,Clients fidèles
U06550,Budget,610,6,1176.38,1,2,2,122,Perdus
U09689,Budget,394,2,1176.94,1,1,2,112,Perdus
U05685,Standard,104,4,1177.13,4,1,2,412,Nouveaux
U05035,Standard,397,6,1177.15,1,2,2,122,Perdus
U05275,Budget,319,2,1177.18,2,1,2,212,Perdus
U05191,Budget,255,6,1177.49,2,2,2,222,Perdus
U00501,Standard,15,12,1178.06,5,4,2,542,Clients fidèles
U10427,Budget,365,5,1178.83,2,2,2,222,Perdus
U10859,Standard,428,5,1179.4,1,2,2,122,Perdus
U01670,Budget,16,5,1180.67,5,2,2,522,Nouveaux
U11181,Inconnu,0,6,1180.75,5,2,2,522,Nouveaux
U00671,Standard,618,5,1182.04,1,2,2,122,Perdus
U07801,Budget,15,14,1182.85,5,4,2,542,Clients fidèles
U06206,Standard,288,7,1183.23,2,2,2,222,Perdus
U00920,Standard,126,8,1183.62,4,3,2,432,Clients fidèles
U05099,Standard,54,6,1185.15,4,2,2,422,Nouveaux
U06462,Standard,107,6,1185.56,4,2,2,422,Nouveaux
U11561,Budget,306,5,1186.02,2,2,2,222,Perdus
U10009,Budget,246,5,1186.47,3,2,2,322,Nouveaux
U00797,Standard,1,10,1186.68,5,3,2,532,Clients fidèles
U03249,Budget,220,6,1186.83,3,2,2,322,Nouveaux
U09033,Budget,551,8,1187.66,1,3,2,132,À risque
U11810,Standard,93,4,1187.91,4,2,2,422,Nouveaux
U01750,Budget,246,6,1188.24,2,2,2,222,Perdus
U07996,Premium,94,4,1188.52,4,2,2,422,Nouveaux
U08259,Standard,86,2,1188.56,4,1,2,412,Nouveaux
U04418,Budget,342,11,1189.2,2,3,2,232,À risque
U09123,Inconnu,558,4,1189.34,1,2,2,122,Perdus
U07674,Budget,124,7,1189.8,4,2,2,422,Nouveaux
U10770,Standard,98,6,1189.92,4,2,2,422,Nouveaux
U97695,Inconnu,494,1,1191.56,1,1,2,112,Perdus
U02155,Standard,68,7,1191.68,4,2,2,422,Nouveaux
U02824,Budget,490,4,1192.42,1,1,2,112,Perdus
U09579,Standard,334,4,1192.69,2,2,2,222,Perdus
U01158,Standard,170,7,1192.91,3,2,2,322,Nouveaux
U04340,Premium,229,21,1194.09,3,5,2,352,Clients fidèles
U01339,Inconnu,518,4,1194.36,1,1,2,112,Perdus
U07585,Standard,345,9,1194.5,2,3,2,232,À risque
U06269,Standard,526,9,1194.65,1,3,2,132,À risque
U00261,Budget,157,9,1194.88,3,3,2,332,Clients fidèles
U06870,Budget,265,5,1198.5,2,2,2,222,Perdus
U07339,Budget,217,6,1198.58,3,2,2,322,Nouveaux
U01627,Standard,67,5,1198.79,4,2,2,422,Nouveaux
U11785,Budget,269,2,1198.95,2,1,2,212,Perdus
U02749,Standard,255,6,1199.29,2,2,2,222,Perdus
U08325,Budget,0,8,1199.35,5,3,2,532,Clients fidèles
U07451,Standard,36,11,1199.83,5,3,2,532,Clients fidèles
U03180,Budget,282,8,1199.88,2,3,2,232,À risque
U11999,Standard,358,10,1200.13,2,3,2,232,À risque
U01064,Standard,37,8,1201.45,5,3,2,532,Clients fidèles
U07719,Standard,96,7,1201.69,4,2,2,422,Nouveaux
U06934,Standard,39,12,1201.77,5,4,2,542,Clients fidèles
U05203,Standard,158,7,1201.96,3,2,2,322,Nouveaux
U11293,Budget,680,5,1202.41,1,2,2,122,Perdus
U04912,Budget,100,8,1203.12,4,3,2,432,Clients fidèles
U02161,Premium,14,12,1203.3,5,4,2,542,Clients fidèles
U01056,Standard,62,8,1203.47,4,3,2,432,Clients fidèles
U04399,Premium,135,11,1204.2,3,3,2,332,Clients fidèles
U06257,Budget,107,5,1204.86,4,2,2,422,Nouveaux
U05539,Budget,154,1,1204.93,3,1,2,312,Nouveaux
U10136,Budget,257,3,1205.69,2,1,2,212,Perdus
U07970,Premium,457,10,1206.1,1,3,2,132,À risque
U11921,Budget,130,3,1206.44,3,1,2,312,Nouveaux
U07044,Budget,430,2,1207.02,1,1,2,112,Perdus
U02300,Standard,69,5,1207.65,4,2,2,422,Nouveaux
U11279,Standard,29,7,1207.7,5,3,2,532,Clients fidèles
U05459,Budget,112,6,1208.46,4,2,2,422,Nouveaux
U05924,Standard,162,11,1208.83,3,3,2,332,Clients fidèles
U03884,Inconnu,102,9,1208.84,4,3,2,432,Clients fidèles
U04616,Standard,529,4,1208.87,1,1,2,112,Perdus
U09286,Budget,256,3,1211.68,2,1,2,212,Perdus
U09690,Budget,653,6,1212.09,1,2,2,122,Perdus
U06300,Premium,14,13,1212.17,5,4,2,542,Clients fidèles
U01190,Standard,66,9,1212.61,4,3,2,432,Clients fidèles
U10570,Standard,346,9,1212.67,2,3,2,232,À risque
U02767,Budget,247,6,1212.95,2,2,2,222,Perdus
U09021,Premium,276,2,1213.1,2,1,2,212,Perdus
U08716,Inconnu,2,4,1213.6,5,2,2,522,Nouveaux
U01549,Budget,526,4,1214.24,1,1,2,112,Perdus
U07805,Budget,428,7,1215.71,1,2,2,122,Perdus
U03774,Standard,2,4,1216.5,5,1,2,512,Nouveaux
U05467,Standard,251,8,1217.08,2,3,2,232,À risque
U03856,Budget,38,12,1217.45,5,4,2,542,Clients fidèles
U04329,Standard,245,8,1217.87,3,3,2,332,Clients fidèles
U11116,Budget,126,1,1218.08,4,1,2,412,Nouveaux
U07028,Budget,124,4,1218.11,4,1,2,412,Nouveaux
U02081,Budget,40,5,1218.73,5,2,2,522,Nouveaux
U09167,Premium,157,8,1219.0,3,3,2,332,Clients fidèles
U06604,Standard,614,6,1219.11,1,2,2,122,Perdus
U06847,Budget,45,6,1220.77,5,2,2,522,Nouveaux
U09328,Budget,522,4,1221.25,1,2,2,122,Perdus
U03770,Inconnu,123,5,1221.61,4,2,2,422,Nouveaux
U09019,Standard,2,2,1222.23,5,1,2,512,Nouveaux
U04474,Standard,159,2,1222.35,3,1,2,312,Nouveaux
U08658,Budget,426,7,1222.36,1,2,2,122,Perdus
U10264,Standard,160,5,1222.65,3,2,2,322,Nouveaux
U09528,Budget,165,5,1223.15,3,2,2,322,Nouveaux
U05521,Premium,93,12,1223.52,4,4,2,442,Clients fidèles
U05084,Standard,296,10,1223.6,2,3,2,232,À risque
U09143,Premium,139,9,1223.99,3,3,2,332,Clients fidèles
U01199,Standard,257,7,1224.32,2,2,2,222,Perdus
U01938,Premium,588,7,1224.6,1,2,2,122,Perdus
U02218,Budget,127,8,1224.93,4,3,2,432,Clients fidèles
U04097,Budget,496,1,1224.97,1,1,2,112,Perdus
U01767,Premium,35,6,1225.26,5,2,2,522,Nouveaux
U07642,Budget,637,5,1225.43,1,2,2,122,Perdus
U04334,Budget,42,2,1225.71,5,1,2,512,Nouveaux
U02746,Budget,93,10,1227.22,4,3,2,432,Clients fidèles
U01970,Standard,61,8,1228.47,4,3,2,432,Clients fidèles
U01605,Budget,466,7,1228.51,1,2,2,122,Perdus
U10343,Budget,287,11,1228.72,2,3,2,232,À risque
U06463,Budget,375,8,1229.76,2,3,2,232,À risque
U07317,Premium,77,8,1229.95,4,3,2,432,Clients fidèles
U11597,Standard,93,11,1230.78,4,3,2,432,Clients fidèles
U09908,Premium,134,12,1230.88,3,4,2,342,Clients fidèles
U01638,Budget,106,3,1230.99,4,1,2,412,Nouveaux
U03875,Budget,252,5,1231.3,2,2,2,222,Perdus
U10273,Budget,206,4,1232.23,3,2,2,322,Nouveaux
U00197,Budget,198,9,1232.48,3,3,2,332,Clients fidèles
U08433,Budget,231,2,1232.72,3,1,2,312,Nouveaux
U05561,Budget,341,3,1233.03,2,1,2,212,Perdus
U03650,Standard,9,1,1234.34,5,1,2,512,Nouveaux
U10668,Budget,53,8,1234.45,4,3,2,432,Clients fidèles
U00029,Budget,184,5,1234.58,3,2,2,322,Nouveaux
U10364,Standard,47,9,1236.57,5,3,2,532,Clients fidèles
U09391,Budget,344,6,1237.38,2,2,2,222,Perdus
U00161,Budget,611,3,1240.7,1,1,2,112,Perdus
U04130,Standard,399,10,1241.34,1,3,2,132,À risque
U08061,Premium,33,8,1241.53,5,3,2,532,Clients fidèles
U10604,Budget,225,13,1242.22,3,4,2,342,Clients fidèles
U06720,Budget,112,11,1242.5,4,3,2,432,Clients fidèles
U05097,Standard,9,6,1243.52,5,2,2,522,Nouveaux
U05309,Standard,44,11,1243.77,5,3,2,532,Clients fidèles
U10639,Standard,96,10,1243.97,4,3,2,432,Clients fidèles
U07010,Premium,215,16,1244.33,3,4,2,342,Clients fidèles
U07256,Standard,324,8,1244.65,2,3,2,232,À risque
U01411,Premium,37,21,1244.71,5,5,2,552,Clients fidèles
U01465,Budget,81,5,1245.26,4,2,2,422,Nouveaux
U00681,Budget,214,2,1245.31,3,1,2,312,Nouveaux
U07378,Standard,40,5,1246.64,5,2,2,522,Nouveaux
U11071,Standard,93,9,1247.32,4,3,2,432,Clients fidèles
U11263,Budget,62,6,1247.38,4,2,2,422,Nouveaux
U00895,Budget,369,5,1247.55,2,2,2,222,Perdus
U07514,Standard,346,10,1247.64,2,3,2,232,À risque
U04069,Standard,322,5,1248.14,2,2,2,222,Perdus
U06672,Budget,18,3,1248.66,5,1,2,512,Nouveaux
U02637,Standard,488,9,1250.08,1,3,2,132,À risque
U02738,Premium,123,5,1250.08,4,2,2,422,Nouveaux
U05799,Budget,402,7,1250.85,1,2,2,122,Perdus
U10275,Budget,126,4,1251.65,4,2,2,422,Nouveaux
U06439,Budget,617,9,1252.36,1,3,2,132,À risque
U06013,Standard,186,10,1252.73,3,3,2,332,Clients fidèles
U10829,Budget,304,8,1252.89,2,3,2,232,À risque
U04526,Premium,62,22,1252.92,4,5,2,452,Clients fidèles
U05858,Budget,245,7,1253.93,3,2,2,322,Nouveaux
U00331,Standard,70,3,1254.74,4,1,2,412,Nouveaux
U01918,Premium,308,5,1257.73,2,2,2,222,Perdus
U08410,Standard,12,3,1258.74,5,1,2,512,Nouveaux
U09986,Budget,7,9,1259.07,5,3,2,532,Clients fidèles
U08544,Budget,340,7,1259.76,2,2,2,222,Perdus
U03255,Standard,336,10,1260.97,2,3,2,232,À risque
U04595,Standard,252,11,1261.13,2,3,2,232,À risque
U06663,VIP,14,4,1263.13,5,1,2,512,Nouveaux
U00555,Standard,428,9,1263.91,1,3,2,132,À risque
U10891,Budget,428,5,1264.4,1,2,2,122,Perdus
U10731,Standard,312,2,1265.76,2,1,2,212,Perdus
U11396,Premium,87,7,1266.61,4,3,2,432,Clients fidèles
U08044,Budget,397,7,1268.11,1,2,2,122,Perdus
U07707,Budget,153,12,1269.71,3,4,2,342,Clients fidèles
U08949,Budget,99,4,1269.88,4,2,2,422,Nouveaux
U10150,Budget,527,1,1270.13,1,1,2,112,Perdus
U01881,Budget,217,9,1270.83,3,3,2,332,Clients fidèles
U10473,Premium,103,2,1270.89,4,1,2,412,Nouveaux
U11157,Premium,4,12,1271.36,5,4,2,542,Clients fidèles
U01953,Standard,1,11,1271.49,5,3,2,532,Clients fidèles
U00941,Standard,223,15,1271.5,3,4,2,342,Clients fidèles
U08607,Budget,194,10,1271.69,3,3,2,332,Clients fidèles
U06984,Standard,91,12,1272.73,4,4,2,442,Clients fidèles
U09791,Budget,338,7,1272.77,2,2,2,222,Perdus
U05864,Standard,281,7,1272.89,2,2,2,222,Perdus
U07091,Standard,620,3,1273.34,1,1,2,112,Perdus
U09581,Standard,45,12,1273.93,5,4,2,542,Clients fidèles
U01755,Standard,122,8,1274.5,4,3,2,432,Clients fidèles
U04066,Budget,64,7,1274.7,4,2,2,422,Nouveaux
U00211,Budget,179,1,1274.81,3,1,2,312,Nouveaux
U04896,Standard,489,5,1274.82,1,2,2,122,Perdus
U08942,Standard,33,4,1274.89,5,2,2,522,Nouveaux
U04404,Standard,489,10,1275.2,1,3,2,132,À risque
U04553,Standard,122,11,1275.97,4,3,2,432,Clients fidèles
U09775,Premium,35,5,1276.85,5,2,2,522,Nouveaux
U11646,Standard,32,12,1276.86,5,4,2,542,Clients fidèles
U92289,Inconnu,20,1,1277.97,5,1,2,512,Nouveaux
U05741,Budget,62,3,1277.99,4,1,2,412,Nouveaux
U07072,Budget,457,3,1278.16,1,1,2,112,Perdus
U07773,Budget,344,6,1278.18,2,2,2,222,Perdus
U04139,Budget,430,8,1279.08,1,3,2,132,À risque
U03567,Budget,134,4,1279.46,3,1,2,312,Nouveaux
U07997,Budget,430,2,1279.89,1,1,2,112,Perdus
U09004,Standard,126,6,1280.57,4,2,2,422,Nouveaux
U03192,Premium,306,6,1281.31,2,2,2,222,Perdus
U08119,Budget,123,6,1282.07,4,2,2,422,Nouveaux
U01063,Standard,42,5,1282.94,5,2,2,522,Nouveaux
U11627,Budget,586,4,1283.22,1,2,2,122,Perdus
U05857,Budget,118,2,1284.72,4,1,2,412,Nouveaux
U05455,Budget,14,2,1285.34,5,1,2,512,Nouveaux
U03022,Standard,42,6,1286.15,5,2,2,522,Nouveaux
U12000,Standard,134,5,1286.9,3,2,2,322,Nouveaux
U09941,Standard,16,3,1287.25,5,1,2,512,Nouveaux
U04153,Budget,521,2,1287.35,1,1,2,112,Perdus
U03037,Budget,317,7,1288.15,2,2,2,222,Perdus
U10018,Standard,369,11,1288.89,2,3,2,232,À risque
U91144,Inconnu,296,1,1289.16,2,1,2,212,Perdus
U03773,Standard,1,11,1289.81,5,3,2,532,Clients fidèles
U05663,Budget,317,5,1290.3,2,2,2,222,Perdus
U11721,Budget,292,7,1291.97,2,3,2,232,À risque
U04931,Standard,463,12,1292.2,1,4,2,142,À risque
U01488,Budget,230,6,1293.02,3,2,2,322,Nouveaux
U04549,Standard,285,7,1293.15,2,2,2,222,Perdus
U08602,Budget,143,4,1293.99,3,2,2,322,Nouveaux
U10140,Standard,0,8,1295.42,5,3,2,532,Clients fidèles
U09600,Budget,312,10,1295.69,2,3,2,232,À risque
U06735,Standard,248,14,1295.79,2,4,2,242,À risque
U08451,Budget,408,4,1295.92,1,2,2,122,Perdus
U07676,Standard,96,10,1297.28,4,3,2,432,Clients fidèles
U04845,Budget,248,4,1299.11,2,1,2,212,Perdus
U04157,Budget,155,7,1299.69,3,2,2,322,Nouveaux
U09003,Premium,45,15,1299.72,5,4,2,542,Clients fidèles
U06943,Budget,69,11,1299.93,4,3,2,432,Clients fidèles
U07185,Standard,216,12,1300.63,3,4,2,342,Clients fidèles
U11662,Premium,94,14,1301.35,4,4,2,442,Clients fidèles
U05457,Standard,98,6,1301.36,4,2,2,422,Nouveaux
U06241,Premium,75,13,1302.15,4,4,2,442,Clients fidèles
U04244,Budget,170,7,1302.34,3,2,2,322,Nouveaux
U11111,Budget,157,7,1303.03,3,3,2,332,Clients fidèles
U01810,Budget,341,8,1304.32,2,3,2,232,À risque
U01438,Budget,0,4,1304.65,5,1,2,512,Nouveaux
U09647,Standard,248,8,1304.71,2,3,2,232,À risque
U02351,Standard,434,9,1304.79,1,3,2,132,À risque
U02073,Premium,215,3,1305.07,3,1,2,312,Nouveaux
U06195,Standard,51,9,1305.47,4,3,2,432,Clients fidèles
U03817,Budget,560,7,1305.96,1,2,2,122,Perdus
U00012,Standard,531,14,1306.16,1,4,2,142,À risque
U03633,Budget,69,5,1307.71,4,2,2,422,Nouveaux
U07008,Standard,122,12,1308.11,4,4,2,442,Clients fidèles
U11224,Premium,673,6,1308.32,1,2,2,122,Perdus
U10598,Standard,276,10,1308.44,2,3,2,232,À risque
U05494,Standard,111,5,1308.81,4,2,2,422,Nouveaux
U01108,Budget,261,2,1308.96,2,1,2,212,Perdus
U03201,Budget,330,2,1309.6,2,1,2,212,Perdus
U08123,Budget,625,2,1309.7,1,1,2,112,Perdus
U00152,Standard,276,9,1309.84,2,3,2,232,À risque
U01573,Premium,37,5,1309.86,5,2,2,522,Nouveaux
U08398,Inconnu,2,17,1309.86,5,4,2,542,Clients fidèles
U07690,Budget,357,11,1310.06,2,3,2,232,À risque
U10989,Inconnu,268,6,1311.74,2,2,2,222,Perdus
U07164,Standard,487,5,1311.81,1,2,2,122,Perdus
U10724,Budget,20,10,1312.09,5,3,2,532,Clients fidèles
U11089,Standard,99,8,1312.66,4,3,2,432,Clients fidèles
U07042,Standard,169,3,1312.87,3,1,2,312,Nouveaux
U11011,Standard,131,9,1313.17,3,3,2,332,Clients fidèles
U00109,Budget,256,6,1313.82,2,2,2,222,Perdus
U10563,Standard,246,7,1313.87,3,2,2,322,Nouveaux
U08421,Standard,250,8,1314.02,2,3,2,232,À risque
U03923,Standard,229,5,1314.29,3,2,2,322,Nouveaux
U09059,Budget,371,8,1316.07,2,3,2,232,À risque
U00975,Standard,33,9,1316.48,5,3,2,532,Clients fidèles
U04476,Standard,45,4,1317.42,5,1,2,512,Nouveaux
U03859,Standard,245,5,1317.56,3,2,2,322,Nouveaux
U03426,Budget,359,3,1318.22,2,1,2,212,Perdus
U06490,Premium,0,5,1318.65,5,2,2,522,Nouveaux
U05033,Budget,37,10,1318.78,5,3,2,532,Clients fidèles
U01885,Standard,284,6,1319.13,2,2,2,222,Perdus
U02304,Budget,366,5,1319.46,2,2,2,222,Perdus
U02352,Budget,457,5,1320.01,1,2,2,122,Perdus
U90708,Inconnu,399,1,1321.77,1,1,2,112,Perdus
U11948,Budget,365,10,1322.69,2,3,2,232,À risque
U10866,Budget,56,12,1323.22,4,4,2,442,Clients fidèles
U08091,Premium,204,7,1323.43,3,2,2,322,Nouveaux
U93456,Inconnu,69,1,1324.2,4,1,2,412,Nouveaux
U01322,Budget,33,13,1326.44,5,4,2,542,Clients fidèles
U02671,Standard,314,6,1327.88,2,2,2,222,Perdus
U11419,Budget,49,9,1327.91,4,3,2,432,Clients fidèles
U02084,Standard,216,8,1328.08,3,3,2,332,Clients fidèles
U00802,Budget,316,4,1328.39,2,1,2,212,Perdus
U04991,Standard,366,2,1328.5,2,1,2,212,Perdus
U05142,Standard,280,9,1328.74,2,3,2,232,À risque
U03839,Budget,139,6,1328.85,3,2,2,322,Nouveaux
U05260,Standard,9,4,1328.92,5,1,2,512,Nouveaux
U03958,Budget,16,4,1330.1,5,1,2,512,Nouveaux
U04068,Budget,79,1,1330.27,4,1,2,412,Nouveaux
U10881,Premium,132,15,1330.44,3,4,2,342,Clients fidèles
U03846,Standard,459,6,1330.54,1,2,2,122,Perdus
U10355,Budget,293,4,1331.49,2,2,2,222,Perdus
U11010,Budget,41,7,1331.59,5,3,2,532,Clients fidèles
U07589,Premium,9,8,1332.3,5,3,2,532,Clients fidèles
U09016,Budget,181,5,1332.66,3,2,2,322,Nouveaux
U07993,Standard,155,7,1332.81,3,2,2,322,Nouveaux
U00492,Premium,34,9,1332.93,5,3,2,532,Clients fidèles
U06939,Premium,202,10,1333.34,3,3,2,332,Clients fidèles
U03929,Budget,14,3,1333.69,5,1,2,512,Nouveaux
U08077,Premium,217,13,1334.26,3,4,2,342,Clients fidèles
U10474,Inconnu,526,3,1334.57,1,1,2,112,Perdus
U03503,Standard,227,8,1334.98,3,3,2,332,Clients fidèles
U00530,Premium,4,13,1335.1,5,4,2,542,Clients fidèles
U06811,Budget,233,6,1335.59,3,2,2,322,Nouveaux
U02034,Standard,457,6,1336.02,1,2,2,122,Perdus
U10813,Standard,490,8,1336.35,1,3,2,132,À risque
U04393,Budget,63,10,1336.61,4,3,2,432,Clients fidèles
U06287,Standard,276,11,1336.91,2,3,2,232,À risque
U02465,Budget,191,3,1337.77,3,1,2,312,Nouveaux
U07553,Standard,126,10,1338.5,4,3,2,432,Clients fidèles
U01309,Budget,3,3,1339.9,5,1,2,512,Nouveaux
U02323,Budget,255,6,1340.45,2,2,2,222,Perdus
U00361,Standard,11,13,1340.73,5,4,2,542,Clients fidèles
U09174,Budget,490,6,1342.07,1,2,2,122,Perdus
U05820,Standard,13,7,1344.74,5,2,2,522,Nouveaux
U04542,Standard,62,6,1346.76,4,2,2,422,Nouveaux
U94303,Inconnu,395,1,1347.04,1,1,2,112,Perdus
U07771,Premium,492,11,1347.99,1,3,2,132,À risque
U05179,Standard,225,6,1349.38,3,2,2,322,Nouveaux
U03189,Budget,581,3,1349.81,1,1,2,112,Perdus
U01179,Budget,413,5,1350.0,1,2,2,122,Perdus
U01205,Standard,158,5,1350.87,3,2,2,322,Nouveaux
U01867,Budget,185,9,1351.3,3,3,2,332,Clients fidèles
U11153,Budget,84,5,1353.45,4,2,2,422,Nouveaux
U05822,Budget,81,1,1355.0,4,1,2,412,Nouveaux
U03568,Budget,33,2,1356.95,5,1,2,512,Nouveaux
U11245,Standard,17,3,1357.13,5,1,2,512,Nouveaux
U08584,Premium,641,4,1357.68,1,2,2,122,Perdus
U01625,Budget,487,8,1359.39,1,3,2,132,À risque
U08515,Standard,35,15,1359.4,5,4,2,542,Clients fidèles
U05075,Budget,635,2,1359.69,1,1,2,112,Perdus
U08312,Budget,429,4,1359.91,1,2,2,122,Perdus
U10564,Budget,18,10,1360.6,5,3,2,532,Clients fidèles
U08203,Budget,465,3,1361.32,1,1,2,112,Perdus
U11087,Standard,224,13,1361.56,3,4,2,342,Clients fidèles
U08870,Premium,52,13,1361.59,4,4,2,442,Clients fidèles
U05764,Budget,310,6,1361.86,2,2,2,222,Perdus
U09287,Standard,459,13,1362.73,1,4,2,142,À risque
U08064,Premium,491,13,1363.29,1,4,2,142,À risque
U01833,Budget,462,6,1363.84,1,2,2,122,Perdus
U11572,Standard,154,12,1364.24,3,4,2,342,Clients fidèles
U03836,Standard,4,3,1364.53,5,1,2,512,Nouveaux
U05936,Budget,259,7,1364.64,2,2,2,222,Perdus
U03560,Inconnu,450,5,1365.85,1,2,2,122,Perdus
U11565,Standard,458,4,1366.4,1,2,2,122,Perdus
U00379,Budget,396,2,1366.72,1,1,2,112,Perdus
U01649,Budget,616,6,1368.18,1,2,2,122,Perdus
U03028,Budget,282,7,1368.8,2,2,2,222,Perdus
U05889,Budget,51,3,1369.06,4,1,2,412,Nouveaux
U04987,Budget,267,9,1370.95,2,3,2,232,À risque
U03219,Standard,306,12,1371.52,2,4,2,242,À risque
U07768,Premium,5,5,1372.01,5,2,2,522,Nouveaux
U00061,Inconnu,245,6,1372.2,3,2,2,322,Nouveaux
U04606,Budget,246,9,1372.51,2,3,2,232,À risque
U02766,Standard,365,7,1373.09,2,2,2,222,Perdus
U06812,Standard,426,6,1373.48,1,2,2,122,Perdus
U04233,Budget,460,4,1374.41,1,1,2,112,Perdus
U02042,Premium,134,5,1375.94,3,2,2,322,Nouveaux
U10512,Standard,142,8,1376.0,3,3,2,332,Clients fidèles
U10855,Budget,14,4,1376.16,5,2,2,522,Nouveaux
U04751,Standard,251,6,1376.84,2,2,2,222,Perdus
U08370,Standard,446,7,1377.71,1,2,2,122,Perdus
U08980,Budget,641,4,1377.78,1,2,2,122,Perdus
U09612,Budget,18,3,1377.98,5,1,2,512,Nouveaux
U10772,Standard,335,7,1379.03,2,3,2,232,À risque
U03605,Standard,427,9,1380.14,1,3,2,132,À risque
U02103,Standard,279,4,1380.23,2,1,2,212,Perdus
U08930,Budget,76,5,1380.68,4,2,2,422,Nouveaux
U10180,Budget,457,5,1380.7,1,2,2,122,Perdus
U05338,Premium,307,8,1381.22,2,3,2,232,À risque
U02920,Inconnu,247,5,1381.61,2,2,2,222,Perdus
U09005,Budget,434,5,1381.89,1,2,2,122,Perdus
U04149,Budget,277,7,1383.02,2,2,2,222,Perdus
U09468,Premium,414,9,1383.25,1,3,2,132,À risque
U04665,Budget,502,3,1383.34,1,1,2,112,Perdus
U02953,Budget,30,8,1383.57,5,3,2,532,Clients fidèles
U04326,Standard,33,8,1383.98,5,3,2,532,Clients fidèles
U01551,Standard,94,11,1384.01,4,3,2,432,Clients fidèles
U10243,Standard,29,11,1384.15,5,3,2,532,Clients fidèles
U03571,Budget,5,9,1385.32,5,3,2,532,Clients fidèles
U00344,Standard,181,3,1385.64,3,1,2,312,Nouveaux
U08721,Standard,37,6,1385.8,5,2,2,522,Nouveaux
U00411,Standard,308,5,1386.43,2,2,2,222,Perdus
U10102,Standard,114,12,1386.55,4,4,2,442,Clients fidèles
U10884,Budget,39,6,1387.76,5,2,2,522,Nouveaux
U06412,Budget,497,1,1388.64,1,1,2,112,Perdus
U02675,Standard,82,7,1389.11,4,2,2,422,Nouveaux
U10099,Inconnu,36,13,1389.8,5,4,2,542,Clients fidèles
U00336,Premium,554,12,1389.89,1,4,2,142,À risque
U03293,Premium,2,5,1390.38,5,2,2,522,Nouveaux
U05838,Budget,313,7,1390.4,2,2,2,222,Perdus
U02965,Standard,427,5,1391.33,1,2,2,122,Perdus
U00800,Budget,113,2,1391.82,4,1,2,412,Nouveaux
U08926,Budget,421,5,1392.09,1,2,2,122,Perdus
U06087,Budget,206,5,1392.17,3,2,2,322,Nouveaux
U09886,Standard,39,6,1392.6,5,2,2,522,Nouveaux
U03368,Budget,420,4,1392.72,1,1,2,112,Perdus
U00520,Premium,5,8,1395.43,5,3,2,532,Clients fidèles
U08425,Standard,42,10,1395.47,5,3,2,532,Clients fidèles
U02329,Budget,356,5,1395.83,2,2,2,222,Perdus
U07442,Budget,458,3,1395.96,1,1,2,112,Perdus
U08292,Budget,32,3,1396.28,5,1,2,512,Nouveaux
U03805,Premium,100,10,1397.46,4,3,2,432,Clients fidèles
U00987,Standard,348,11,1398.61,2,3,2,232,À risque
U11766,Budget,34,7,1398.66,5,3,2,532,Clients fidèles
U08405,Budget,4,8,1399.57,5,3,2,532,Clients fidèles
U00390,Budget,32,7,1400.94,5,2,2,522,Nouveaux
U01236,Standard,591,8,1401.18,1,3,2,132,À risque
U08684,Standard,99,4,1401.41,4,2,2,422,Nouveaux
U07793,Premium,285,10,1401.62,2,3,2,232,À risque
U90108,Inconnu,478,1,1401.89,1,1,2,112,Perdus
U02315,Standard,67,12,1402.25,4,4,2,442,Clients fidèles
U01870,Budget,457,6,1402.26,1,2,2,122,Perdus
U08310,Premium,441,11,1402.95,1,3,2,132,À risque
U01568,Standard,394,1,1403.62,1,1,2,112,Perdus
U08484,Budget,61,7,1404.37,4,2,2,422,Nouveaux
U03185,Premium,35,13,1404.49,5,4,2,542,Clients fidèles
U10758,Budget,10,5,1404.59,5,2,2,522,Nouveaux
U07750,Standard,13,7,1404.71,5,2,2,522,Nouveaux
U01829,Standard,490,7,1405.1,1,2,2,122,Perdus
U11679,Standard,353,6,1406.26,2,2,2,222,Perdus
U10538,Standard,461,13,1406.57,1,4,2,142,À risque
U09353,Standard,83,8,1407.45,4,3,2,432,Clients fidèles
U03900,Premium,279,10,1408.27,2,3,2,232,À risque
U04669,Standard,82,10,1408.38,4,3,2,432,Clients fidèles
U05486,Standard,72,3,1408.65,4,1,2,412,Nouveaux
U05321,Standard,220,10,1409.09,3,3,2,332,Clients fidèles
U04442,Budget,309,2,1410.6,2,1,2,212,Perdus
U11156,Standard,195,9,1411.36,3,3,2,332,Clients fidèles
U07034,Budget,258,2,1412.81,2,1,2,212,Perdus
U02553,Standard,61,7,1413.23,4,2,2,422,Nouveaux
U09457,Budget,278,5,1413.66,2,2,2,222,Perdus
U02386,Budget,17,5,1414.39,5,2,2,522,Nouveaux
U10324,Budget,428,6,1414.54,1,2,2,122,Perdus
U05696,Budget,47,7,1414.96,4,2,2,422,Nouveaux
U03714,Standard,532,6,1415.91,1,2,2,122,Perdus
U02665,Budget,314,10,1417.43,2,3,2,232,À risque
U11930,Budget,51,9,1417.94,4,3,2,432,Clients fidèles
U08245,Budget,673,3,1418.04,1,1,2,112,Perdus
U00908,Standard,206,6,1418.7,3,2,2,322,Nouveaux
U01631,Standard,93,11,1418.9,4,3,2,432,Clients fidèles
U05922,Standard,202,5,1420.08,3,2,2,322,Nouveaux
U02462,Budget,197,6,1421.03,3,2,2,322,Nouveaux
U04366,Standard,271,4,1421.13,2,1,2,212,Perdus
U06944,Standard,516,3,1421.15,1,1,2,112,Perdus
U02429,Standard,7,2,1423.31,5,1,2,512,Nouveaux
U00381,Standard,520,15,1425.66,1,4,2,142,À risque
U03042,Budget,228,4,1425.77,3,1,2,312,Nouveaux
U09183,Budget,94,9,1426.06,4,3,2,432,Clients fidèles
U03315,Premium,35,15,1427.88,5,4,2,542,Clients fidèles
U02703,Budget,511,2,1428.08,1,1,2,112,Perdus
U11773,Premium,33,6,1429.56,5,2,2,522,Nouveaux
U06750,Budget,315,1,1429.65,2,1,2,212,Perdus
U02932,Budget,80,4,1430.24,4,1,2,412,Nouveaux
U04377,Standard,461,7,1430.24,1,2,2,122,Perdus
U10809,Budget,209,2,1430.36,3,1,2,312,Nouveaux
U11913,Standard,28,4,1430.99,5,2,2,522,Nouveaux
U05166,Budget,136,7,1431.67,3,2,2,322,Nouveaux
U02505,Budget,654,3,1432.29,1,1,2,112,Perdus
U06373,Budget,160,11,1432.44,3,3,2,332,Clients fidèles
U03639,Standard,576,3,1434.11,1,1,2,112,Perdus
U01358,Budget,247,9,1434.62,2,3,2,232,À risque
U08645,Standard,153,10,1434.8,3,3,2,332,Clients fidèles
U98057,Inconnu,420,1,1435.7,1,1,2,112,Perdus
U06682,Standard,657,14,1436.7,1,4,2,142,À risque
U04817,Standard,216,16,1436.86,3,4,2,342,Clients fidèles
U07404,Budget,108,5,1438.71,4,2,2,422,Nouveaux
U04150,Budget,13,8,1438.84,5,3,2,532,Clients fidèles
U09743,Standard,66,5,1439.03,4,2,2,422,Nouveaux
U06501,Standard,191,4,1439.44,3,1,2,312,Nouveaux
U00976,Budget,554,3,1439.84,1,1,2,112,Perdus
U01722,Standard,608,4,1439.96,1,1,2,112,Perdus
U06775,Budget,192,3,1440.15,3,1,2,312,Nouveaux
U00491,Budget,329,2,1442.08,2,1,2,212,Perdus
U99970,Inconnu,105,1,1442.1,4,1,2,412,Nouveaux
U10071,Standard,435,8,1442.26,1,3,2,132,À risque
U09572,Standard,2,8,1442.6,5,3,2,532,Clients fidèles
U03730,Standard,282,3,1443.41,2,1,2,212,Perdus
U02783,Standard,93,12,1445.11,4,4,2,442,Clients fidèles
U03621,Budget,17,3,1445.87,5,1,2,512,Nouveaux
U02945,Budget,580,7,1445.95,1,2,2,122,Perdus
U01723,Budget,231,2,1446.78,3,1,2,312,Nouveaux
U10274,Premium,0,2,1447.13,5,1,2,512,Nouveaux
U08798,Premium,103,10,1447.22,4,3,2,432,Clients fidèles
U09636,Premium,458,12,1447.24,1,4,2,142,À risque
U04939,Budget,55,5,1447.31,4,2,2,422,Nouveaux
U93231,Inconnu,280,1,1447.92,2,1,2,212,Perdus
U11989,Standard,193,9,1448.02,3,3,2,332,Clients fidèles
U05967,Budget,552,9,1448.56,1,3,2,132,À risque
U01180,Budget,54,1,1449.04,4,1,2,412,Nouveaux
U07301,Standard,102,8,1449.2,4,3,2,432,Clients fidèles
U03444,Standard,242,8,1449.33,3,3,2,332,Clients fidèles
U07878,Budget,220,2,1449.53,3,1,2,312,Nouveaux
U02093,Premium,195,10,1449.86,3,3,2,332,Clients fidèles
U09527,Inconnu,0,12,1451.46,5,4,2,542,Clients fidèles
U02279,Standard,318,10,1452.32,2,3,2,232,À risque
U08216,Budget,257,5,1453.01,2,2,2,222,Perdus
U00217,Budget,252,5,1453.02,2,2,2,222,Perdus
U09098,Budget,182,5,1453.41,3,2,2,322,Nouveaux
U03937,Standard,275,14,1453.78,2,4,2,242,À risque
U08428,Standard,553,10,1454.23,1,3,2,132,À risque
U08567,Premium,35,11,1454.38,5,3,2,532,Clients fidèles
U04539,Budget,37,6,1454.68,5,2,2,522,Nouveaux
U09335,Budget,93,5,1455.16,4,2,2,422,Nouveaux
U07203,Standard,71,11,1455.88,4,3,2,432,Clients fidèles
U09736,Standard,156,6,1456.56,3,2,2,322,Nouveaux
U00991,Premium,68,10,1458.46,4,3,2,432,Clients fidèles
U07620,Budget,459,2,1458.83,1,1,2,112,Perdus
U11194,Standard,46,5,1459.06,5,2,2,522,Nouveaux
U00410,Budget,161,11,1459.63,3,3,2,332,Clients fidèles
U11473,Standard,97,9,1460.03,4,3,2,432,Clients fidèles
U07778,Inconnu,445,4,1461.81,1,2,2,122,Perdus
U91215,Inconnu,670,1,1462.29,1,1,2,112,Perdus
U04490,Inconnu,156,8,1462.54,3,3,2,332,Clients fidèles
U98094,Inconnu,228,1,1463.27,3,1,2,312,Nouveaux
U08553,Budget,213,7,1463.38,3,2,2,322,Nouveaux
U04096,Inconnu,56,16,1464.7,4,4,2,442,Clients fidèles
U01312,Budget,255,5,1464.73,2,2,2,222,Perdus
U08849,Budget,225,9,1464.74,3,3,2,332,Clients fidèles
U11008,Standard,2,12,1464.75,5,4,2,542,Clients fidèles
U08740,Inconnu,68,4,1465.19,4,2,2,422,Nouveaux
U00300,Budget,173,5,1465.64,3,2,2,322,Nouveaux
U05093,Standard,467,8,1466.44,1,3,2,132,À risque
U11839,Inconnu,497,7,1466.5,1,3,2,132,À risque
U06107,Budget,366,1,1466.74,2,1,2,212,Perdus
U04095,Standard,87,3,1466.78,4,1,2,412,Nouveaux
U11204,Budget,193,5,1466.83,3,2,2,322,Nouveaux
U07375,Standard,312,1,1467.33,2,1,2,212,Perdus
U11399,Budget,91,4,1469.14,4,2,2,422,Nouveaux
U10438,Standard,282,7,1470.62,2,2,2,222,Perdus
U06141,Standard,14,8,1470.71,5,3,2,532,Clients fidèles
U11025,Budget,306,6,1470.72,2,2,2,222,Perdus
U02543,Budget,16,16,1470.83,5,4,2,542,Clients fidèles
U03847,Standard,59,9,1471.0,4,3,2,432,Clients fidèles
U08727,Standard,2,3,1471.08,5,1,2,512,Nouveaux
U11876,Premium,102,15,1471.11,4,4,2,442,Clients fidèles
U04288,Standard,372,7,1471.89,2,2,2,222,Perdus
U10121,Budget,228,5,1473.05,3,2,2,322,Nouveaux
U09318,Budget,313,6,1473.07,2,2,2,222,Perdus
U02163,Budget,65,5,1473.08,4,2,2,422,Nouveaux
U07948,Standard,96,10,1473.11,4,3,2,432,Clients fidèles
U00736,Standard,509,8,1473.22,1,3,2,132,À risque
U10475,Budget,278,6,1474.62,2,2,2,222,Perdus
U08932,Standard,127,13,1474.99,4,4,2,442,Clients fidèles
U09383,Budget,43,13,1475.82,5,4,2,542,Clients fidèles
U07117,Budget,101,7,1476.07,4,2,2,422,Nouveaux
U00814,Budget,108,5,1476.13,4,2,2,422,Nouveaux
U00116,Standard,274,5,1476.16,2,2,2,222,Perdus
U06325,Budget,529,5,1477.4,1,2,2,122,Perdus
U00694,Standard,20,2,1477.46,5,1,2,512,Nouveaux
U07814,Standard,158,7,1477.51,3,2,2,322,Nouveaux
U02797,Budget,397,8,1477.85,1,3,2,132,À risque
U04031,Standard,104,7,1480.63,4,2,2,422,Nouveaux
U06265,Budget,399,4,1481.01,1,1,2,112,Perdus
U03225,Standard,313,12,1481.2,2,4,2,242,À risque
U10609,Budget,311,7,1481.59,2,2,2,222,Perdus
U08642,Budget,224,3,1482.34,3,1,2,312,Nouveaux
U06904,Budget,65,4,1482.45,4,1,2,412,Nouveaux
U00117,Budget,5,8,1483.07,5,3,2,532,Clients fidèles
U01443,Inconnu,207,1,1483.31,3,1,2,312,Nouveaux
U02075,Budget,208,8,1483.85,3,3,2,332,Clients fidèles
U06165,Budget,248,4,1484.27,2,1,2,212,Perdus
U07752,Budget,231,7,1485.03,3,2,2,322,Nouveaux
U00686,Budget,619,5,1485.17,1,2,2,122,Perdus
U00339,Budget,105,2,1485.31,4,1,2,412,Nouveaux
U10702,Budget,363,6,1486.03,2,2,2,222,Perdus
U05167,Budget,88,5,1486.35,4,2,2,422,Nouveaux
U11879,Standard,129,12,1487.64,4,4,2,442,Clients fidèles
U04449,Inconnu,610,12,1487.95,1,4,2,142,À risque
U09699,Standard,676,6,1488.49,1,2,2,122,Perdus
U10948,Budget,556,3,1488.68,1,1,2,112,Perdus
U08323,Standard,397,7,1488.95,1,2,2,122,Perdus
U06117,Budget,167,4,1489.16,3,1,2,312,Nouveaux
U05092,Premium,9,13,1489.18,5,4,2,542,Clients fidèles
U04494,Budget,25,9,1489.98,5,3,2,532,Clients fidèles
U01155,Standard,469,9,1490.05,1,3,2,132,À risque
U09262,Budget,370,8,1490.86,2,3,2,232,À risque
U02407,Standard,176,11,1490.89,3,3,2,332,Clients fidèles
U10089,Budget,67,6,1490.92,4,2,2,422,Nouveaux
U07834,Premium,155,17,1491.46,3,4,2,342,Clients fidèles
U01354,Budget,316,2,1492.44,2,1,2,212,Perdus
U08990,Budget,310,6,1492.63,2,2,2,222,Perdus
U06975,Standard,102,6,1492.72,4,2,2,422,Nouveaux
U00148,Premium,94,16,1494.77,4,4,2,442,Clients fidèles
U02149,Budget,83,4,1495.75,4,1,2,412,Nouveaux
U11381,Budget,496,3,1496.32,1,1,2,112,Perdus
U10469,Premium,133,9,1497.34,3,3,2,332,Clients fidèles
U05263,VIP,7,7,1498.07,5,2,2,522,Nouveaux
U03755,Standard,42,12,1499.7,5,4,2,542,Clients fidèles
U02118,Premium,200,17,1500.29,3,4,2,342,Clients fidèles
U06816,VIP,96,8,1500.29,4,3,2,432,Clients fidèles
U04020,Standard,171,3,1500.67,3,1,2,312,Nouveaux
U08915,Standard,306,6,1501.91,2,2,2,222,Perdus
U00373,Standard,186,7,1503.14,3,2,2,322,Nouveaux
U00332,Standard,504,5,1503.68,1,2,2,122,Perdus
U01856,Premium,85,11,1503.75,4,3,2,432,Clients fidèles
U07373,Standard,190,12,1504.07,3,4,2,342,Clients fidèles
U06730,Budget,366,10,1504.15,2,3,2,232,À risque
U07255,Budget,189,12,1504.57,3,4,2,342,Clients fidèles
U02969,Premium,400,22,1505.16,1,5,2,152,À risque
U09671,Budget,93,6,1505.47,4,2,2,422,Nouveaux
U07413,Budget,521,7,1505.67,1,2,2,122,Perdus
U03258,Premium,95,11,1506.07,4,3,2,432,Clients fidèles
U02970,Premium,37,15,1506.69,5,4,2,542,Clients fidèles
U06911,Budget,561,4,1508.01,1,1,2,112,Perdus
U00749,Standard,18,6,1509.08,5,2,2,522,Nouveaux
U11212,Inconnu,62,6,1510.01,4,2,2,422,Nouveaux
U07013,Premium,506,13,1510.94,1,4,2,142,À risque
U04790,Premium,4,8,1511.2,5,3,2,532,Clients fidèles
U10314,Budget,393,9,1511.94,1,3,2,132,À risque
U11172,Standard,220,5,1512.4,3,2,2,322,Nouveaux
U06789,Budget,316,6,1512.92,2,2,2,222,Perdus
U02065,Standard,107,9,1513.37,4,3,2,432,Clients fidèles
U08367,Budget,5,5,1513.71,5,2,2,522,Nouveaux
U06646,Budget,301,5,1513.91,2,2,2,222,Perdus
U03242,Premium,551,4,1514.44,1,1,2,112,Perdus
U03025,Budget,140,5,1514.49,3,2,2,322,Nouveaux
U08236,Standard,31,7,1514.9,5,2,2,522,Nouveaux
U01412,Budget,307,3,1515.7,2,1,2,212,Perdus
U93539,Inconnu,475,1,1516.33,1,1,2,112,Perdus
U04032,Budget,460,6,1516.88,1,2,2,122,Perdus
U08366,Standard,231,6,1518.55,3,2,2,322,Nouveaux
U09576,Standard,130,13,1519.84,3,4,2,342,Clients fidèles
U00363,Budget,490,3,1520.6,1,1,2,112,Perdus
U07684,Standard,438,2,1521.5,1,1,2,112,Perdus
U01793,Premium,8,6,1522.13,5,2,2,522,Nouveaux
U04674,Budget,72,7,1522.21,4,2,2,422,Nouveaux
U02104,Premium,336,15,1522.94,2,4,2,242,À risque
U02750,Standard,529,9,1522.96,1,3,2,132,À risque
U01276,Standard,164,2,1523.58,3,1,2,312,Nouveaux
U04147,Inconnu,642,3,1525.3,1,1,2,112,Perdus
U05872,Standard,348,7,1525.71,2,2,2,222,Perdus
U04659,Budget,583,9,1526.43,1,3,2,132,À risque
U10945,Budget,615,4,1526.59,1,2,2,122,Perdus
U11005,Standard,63,5,1526.75,4,2,2,422,Nouveaux
U01975,Standard,190,13,1527.27,3,4,2,342,Clients fidèles
U07312,Budget,73,4,1528.56,4,1,2,412,Nouveaux
U02988,Standard,48,7,1530.9,4,2,2,422,Nouveaux
U04689,Standard,162,9,1531.34,3,3,2,332,Clients fidèles
U05856,Standard,6,4,1531.6,5,1,2,512,Nouveaux
U11258,Standard,75,6,1531.81,4,2,2,422,Nouveaux
U00754,Premium,1,7,1532.36,5,2,2,522,Nouveaux
U07299,Premium,132,14,1532.59,3,4,2,342,Clients fidèles
U05885,Standard,271,12,1532.87,2,4,2,242,À risque
U99481,Inconnu,318,1,1534.57,2,1,2,212,Perdus
U05393,Budget,374,8,1534.84,2,3,2,232,À risque
U10421,Standard,432,6,1534.89,1,2,2,122,Perdus
U11072,Budget,160,4,1535.37,3,2,2,322,Nouveaux
U05063,Budget,297,6,1535.93,2,2,2,222,Perdus
U01803,Standard,178,4,1536.16,3,1,2,312,Nouveaux
U06546,Budget,260,7,1536.38,2,2,2,222,Perdus
U04304,Budget,701,2,1537.47,1,1,2,112,Perdus
U06925,Budget,94,4,1537.68,4,1,2,412,Nouveaux
U05641,Standard,247,6,1537.95,2,2,2,222,Perdus
U11745,Standard,613,5,1539.15,1,2,2,122,Perdus
U00033,Budget,439,2,1540.06,1,1,2,112,Perdus
U00073,Standard,34,9,1540.99,5,3,2,532,Clients fidèles
U05633,Standard,467,5,1541.53,1,2,2,122,Perdus
U04403,Budget,106,2,1541.9,4,1,2,412,Nouveaux
U08424,Standard,217,11,1541.95,3,3,2,332,Clients fidèles
U09054,Budget,445,4,1541.99,1,2,2,122,Perdus
U05086,Standard,9,5,1542.65,5,2,2,522,Nouveaux
U05542,Standard,239,4,1543.57,3,1,2,312,Nouveaux
U03877,Standard,289,14,1543.59,2,4,2,242,À risque
U02117,Budget,151,3,1544.6,3,1,2,312,Nouveaux
U05244,Budget,365,7,1544.77,2,2,2,222,Perdus
U04212,Premium,426,19,1545.02,1,4,2,142,À risque
U01393,Budget,488,6,1545.06,1,2,2,122,Perdus
U09695,Budget,109,7,1546.12,4,2,2,422,Nouveaux
U11188,Standard,216,23,1546.18,3,5,2,352,Clients fidèles
U11228,Standard,106,6,1546.35,4,2,2,422,Nouveaux
U09739,Premium,308,13,1546.53,2,4,2,242,À risque
U07702,Standard,6,2,1547.82,5,1,2,512,Nouveaux
U10955,Standard,519,12,1548.63,1,4,2,142,À risque
U02555,Standard,146,9,1549.41,3,3,2,332,Clients fidèles
U10944,Standard,566,9,1549.63,1,3,2,132,À risque
U10843,Standard,39,7,1551.08,5,3,2,532,Clients fidèles
U05805,Budget,187,6,1551.25,3,2,2,322,Nouveaux
U02542,Premium,3,12,1551.47,5,4,2,542,Clients fidèles
U09618,Budget,485,5,1552.62,1,2,2,122,Perdus
U05038,Standard,443,8,1554.11,1,3,2,132,À risque
U07646,Standard,308,7,1555.56,2,2,2,222,Perdus
U07195,Standard,35,4,1555.78,5,1,2,512,Nouveaux
U00854,Standard,2,7,1556.22,5,2,2,522,Nouveaux
U07730,Premium,260,7,1557.25,2,2,2,222,Perdus
U01695,Budget,341,2,1557.52,2,1,2,212,Perdus
U02475,Standard,28,15,1558.41,5,4,2,542,Clients fidèles
U03195,Standard,0,6,1558.72,5,2,2,522,Nouveaux
U06936,Standard,391,13,1558.86,1,4,2,142,À risque
U04720,Budget,423,3,1560.68,1,1,2,112,Perdus
U08450,Standard,3,4,1560.89,5,2,2,522,Nouveaux
U04801,Premium,96,11,1564.42,4,3,2,432,Clients fidèles
U08728,Premium,8,4,1564.45,5,2,2,522,Nouveaux
U08008,Budget,217,4,1564.71,3,2,2,322,Nouveaux
U08796,Standard,122,13,1564.85,4,4,2,442,Clients fidèles
U07172,Budget,502,3,1565.36,1,1,2,112,Perdus
U01610,Standard,131,9,1565.64,3,3,2,332,Clients fidèles
U01524,Premium,369,19,1566.22,2,4,2,242,À risque
U03451,Standard,68,4,1566.99,4,1,2,412,Nouveaux
U01102,Budget,550,5,1568.73,1,2,2,122,Perdus
U08917,Standard,96,6,1568.8,4,2,2,422,Nouveaux
U06737,Standard,109,9,1568.89,4,3,2,432,Clients fidèles
U11699,Standard,32,4,1569.01,5,2,2,522,Nouveaux
U04918,Budget,234,6,1570.59,3,2,2,322,Nouveaux
U05584,Budget,571,5,1570.69,1,2,2,122,Perdus
U02761,Budget,67,8,1571.11,4,3,2,432,Clients fidèles
U02874,Inconnu,45,5,1571.3,5,2,2,522,Nouveaux
U09160,Standard,400,7,1571.56,1,2,2,122,Perdus
U05994,Standard,336,15,1571.69,2,4,2,242,À risque
U08808,Premium,2,6,1572.23,5,2,2,522,Nouveaux
U05726,Budget,161,5,1573.15,3,2,2,322,Nouveaux
U01761,Standard,131,6,1573.2,3,2,2,322,Nouveaux
U09338,Standard,46,5,1573.42,5,2,2,522,Nouveaux
U04263,Budget,9,10,1573.46,5,3,2,532,Clients fidèles
U06621,Inconnu,118,9,1573.48,4,3,2,432,Clients fidèles
U03398,Standard,42,17,1574.44,5,4,2,542,Clients fidèles
U05498,Premium,1,9,1574.76,5,3,2,532,Clients fidèles
U06015,Standard,10,3,1575.55,5,1,2,512,Nouveaux
U05667,Standard,34,22,1575.74,5,5,2,552,Clients fidèles
U02888,Premium,402,16,1576.23,1,4,2,142,À risque
U11398,Budget,123,7,1576.52,4,3,2,432,Clients fidèles
U00460,Standard,66,10,1576.82,4,3,2,432,Clients fidèles
U11219,Budget,412,8,1576.93,1,3,2,132,À risque
U04089,Standard,71,10,1577.23,4,3,2,432,Clients fidèles
U02162,Budget,427,3,1577.78,1,1,2,112,Perdus
U09278,Standard,133,13,1578.17,3,4,2,342,Clients fidèles
U90745,Inconnu,422,1,1578.47,1,1,2,112,Perdus
U09507,Standard,279,9,1578.64,2,3,2,232,À risque
U07247,Premium,126,15,1580.11,4,4,2,442,Clients fidèles
U08341,Standard,185,8,1580.54,3,3,2,332,Clients fidèles
U02873,Standard,657,2,1580.65,1,1,2,112,Perdus
U07303,Standard,405,9,1581.08,1,3,2,132,À risque
U07619,Budget,231,3,1581.19,3,1,2,312,Nouveaux
U10985,Standard,298,8,1581.68,2,3,2,232,À risque
U00214,Standard,314,10,1582.29,2,3,2,232,À risque
U08960,Premium,6,12,1583.79,5,4,2,542,Clients fidèles
U06875,Standard,159,11,1584.76,3,3,2,332,Clients fidèles
U03321,Budget,458,5,1584.93,1,2,2,122,Perdus
U07083,Premium,596,8,1585.31,1,3,2,132,À risque
U08613,Standard,130,8,1586.46,3,3,2,332,Clients fidèles
U92863,Inconnu,149,1,1586.8,3,1,2,312,Nouveaux
U07540,Standard,11,5,1586.84,5,2,2,522,Nouveaux
U09339,Standard,644,7,1586.98,1,2,2,122,Perdus
U08477,Budget,476,3,1587.4,1,1,2,112,Perdus
U06062,Standard,338,9,1587.52,2,3,2,232,À risque
U08714,Standard,173,6,1588.05,3,2,2,322,Nouveaux
U05948,Standard,563,5,1588.15,1,2,2,122,Perdus
U02733,Budget,608,7,1588.16,1,2,2,122,Perdus
U10419,Budget,22,1,1589.01,5,1,2,512,Nouveaux
U06492,Premium,34,4,1589.66,5,1,2,512,Nouveaux
U01846,Premium,350,14,1590.08,2,4,2,242,À risque
U04713,Budget,416,6,1590.18,1,2,2,122,Perdus
U03579,Budget,0,11,1591.6,5,3,2,532,Clients fidèles
U04080,Budget,336,8,1593.0,2,3,2,232,À risque
U04835,Standard,67,8,1593.91,4,3,2,432,Clients fidèles
U00685,Budget,360,5,1594.76,2,2,2,222,Perdus
U07390,Standard,67,9,1594.81,4,3,2,432,Clients fidèles
U03920,Inconnu,93,5,1595.18,4,2,2,422,Nouveaux
U05011,Budget,158,8,1596.68,3,3,2,332,Clients fidèles
U01283,Standard,184,8,1598.52,3,3,2,332,Clients fidèles
U04936,Budget,526,6,1598.56,1,2,2,122,Perdus
U07543,Budget,400,10,1598.6,1,3,2,132,À risque
U06111,Budget,222,6,1598.66,3,2,2,322,Nouveaux
U09462,Inconnu,521,5,1599.1,1,2,2,122,Perdus
U04887,Standard,1,13,1599.29,5,4,2,542,Clients fidèles
U03257,Standard,293,10,1599.38,2,3,2,232,À risque
U10792,Budget,584,7,1599.61,1,3,2,132,À risque
U06289,Standard,372,8,1600.02,2,3,2,232,À risque
U02199,Budget,410,9,1600.07,1,3,2,132,À risque
U03995,Budget,95,4,1600.61,4,1,2,412,Nouveaux
U09765,Standard,329,6,1600.89,2,2,2,222,Perdus
U01926,Budget,125,6,1601.43,4,2,2,422,Nouveaux
U07087,Standard,195,13,1601.59,3,4,2,342,Clients fidèles
U04749,Premium,397,15,1602.18,1,4,2,142,À risque
U06019,Budget,127,6,1602.64,4,2,2,422,Nouveaux
U10145,Premium,96,9,1603.93,4,3,2,432,Clients fidèles
U00279,Premium,495,16,1604.96,1,4,2,142,À risque
U02301,Standard,396,12,1605.05,1,4,2,142,À risque
U06153,Standard,106,11,1605.24,4,3,2,432,Clients fidèles
U05694,Budget,97,11,1605.46,4,3,2,432,Clients fidèles
U07487,Standard,298,12,1605.63,2,4,2,242,À risque
U02098,Standard,144,8,1607.36,3,3,2,332,Clients fidèles
U02730,Standard,461,13,1608.94,1,4,2,142,À risque
U01936,Budget,13,3,1608.97,5,1,2,512,Nouveaux
U10194,Budget,640,6,1609.04,1,2,2,122,Perdus
U10819,Standard,0,2,1609.64,5,1,2,512,Nouveaux
U00129,Budget,206,5,1610.73,3,2,2,322,Nouveaux
U10033,Budget,126,9,1610.78,4,3,2,432,Clients fidèles
U11518,Budget,190,13,1611.71,3,4,2,342,Clients fidèles
U03064,Standard,73,6,1612.36,4,2,2,422,Nouveaux
U08646,Standard,181,11,1612.57,3,3,2,332,Clients fidèles
U10327,Standard,62,6,1612.7,4,2,2,422,Nouveaux
U99546,Inconnu,513,1,1614.04,1,1,2,112,Perdus
U09254,Premium,336,6,1614.17,2,2,2,222,Perdus
U07954,Standard,74,7,1614.22,4,2,2,422,Nouveaux
U06862,Standard,277,5,1614.39,2,2,2,222,Perdus
U04249,Budget,610,4,1615.34,1,1,2,112,Perdus
U04015,Standard,255,15,1616.05,2,4,2,242,À risque
U08863,Budget,336,7,1616.76,2,2,2,222,Perdus
U04135,Budget,184,4,1617.69,3,1,2,312,Nouveaux
U04697,Budget,264,3,1617.81,2,1,2,212,Perdus
U07762,Inconnu,156,8,1617.92,3,3,2,332,Clients fidèles
U00994,Standard,227,9,1618.35,3,3,2,332,Clients fidèles
U00651,Budget,130,3,1618.41,3,1,2,312,Nouveaux
U04453,Budget,90,7,1618.48,4,2,2,422,Nouveaux
U02674,Standard,123,5,1619.0,4,2,2,422,Nouveaux
U10588,Premium,94,17,1619.18,4,4,2,442,Clients fidèles
U06854,Budget,63,9,1619.43,4,3,2,432,Clients fidèles
U10393,Budget,392,2,1619.89,1,1,2,112,Perdus
U10608,Standard,184,6,1620.39,3,2,2,322,Nouveaux
U05722,Standard,284,9,1620.53,2,3,2,232,À risque
U97756,Inconnu,255,1,1620.57,2,1,2,212,Perdus
U09036,Budget,126,6,1621.74,4,2,2,422,Nouveaux
U02438,Premium,43,14,1622.14,5,4,2,542,Clients fidèles
U04754,Budget,556,4,1622.19,1,1,2,112,Perdus
U10860,Premium,192,12,1623.57,3,4,2,342,Clients fidèles
U02801,Standard,521,7,1625.42,1,2,2,122,Perdus
U00096,Budget,335,6,1625.8,2,2,2,222,Perdus
U00740,Standard,69,5,1628.09,4,2,2,422,Nouveaux
U04735,Inconnu,95,14,1628.14,4,4,2,442,Clients fidèles
U09954,Standard,156,4,1628.16,3,2,2,322,Nouveaux
U06291,Budget,355,7,1628.31,2,2,2,222,Perdus
U05840,Budget,114,8,1628.72,4,3,2,432,Clients fidèles
U11707,Inconnu,430,4,1628.95,1,2,2,122,Perdus
U11640,Budget,262,5,1629.26,2,2,2,222,Perdus
U08228,Standard,169,13,1631.03,3,4,2,342,Clients fidèles
U10127,Budget,246,10,1631.67,3,3,2,332,Clients fidèles
U10229,Budget,529,3,1631.7,1,1,2,112,Perdus
U01586,Standard,33,10,1632.35,5,3,2,532,Clients fidèles
U04159,Standard,681,4,1632.65,1,1,2,112,Perdus
U11507,Standard,491,6,1633.15,1,2,2,122,Perdus
U02294,Budget,186,6,1633.3,3,2,2,322,Nouveaux
U03478,VIP,38,14,1633.52,5,4,2,542,Clients fidèles
U05680,Premium,368,14,1633.75,2,4,2,242,À risque
U06577,Budget,399,7,1633.88,1,2,2,122,Perdus
U02639,Budget,100,5,1633.94,4,2,2,422,Nouveaux
U06017,Budget,410,4,1633.95,1,1,2,112,Perdus
U00875,Premium,185,16,1634.48,3,4,2,342,Clients fidèles
U11705,Premium,2,9,1634.94,5,3,2,532,Clients fidèles
U06776,Premium,64,10,1635.11,4,3,2,432,Clients fidèles
U10230,Budget,433,6,1636.16,1,2,2,122,Perdus
U09873,Budget,9,8,1636.76,5,3,2,532,Clients fidèles
U00142,Standard,549,8,1636.95,1,3,2,132,À risque
U02756,Standard,432,18,1637.19,1,4,2,142,À risque
U11019,Standard,132,10,1638.32,3,3,2,332,Clients fidèles
U10130,Standard,155,7,1638.42,3,2,2,322,Nouveaux
U04618,Budget,340,3,1638.61,2,1,2,212,Perdus
U02410,Standard,4,7,1638.82,5,2,2,522,Nouveaux
U00836,Standard,45,15,1638.94,5,4,2,542,Clients fidèles
U00485,Standard,4,6,1640.52,5,2,2,522,Nouveaux
U04224,Standard,75,3,1641.61,4,1,2,412,Nouveaux
U11045,Budget,401,12,1641.91,1,4,2,142,À risque
U07368,Standard,220,17,1641.94,3,4,2,342,Clients fidèles
U06926,Premium,34,7,1642.11,5,2,2,522,Nouveaux
U01021,Standard,434,2,1642.41,1,1,2,112,Perdus
U01996,Budget,85,3,1643.12,4,1,2,412,Nouveaux
U06428,Standard,153,10,1643.28,3,3,2,332,Clients fidèles
U00743,Budget,292,5,1643.95,2,2,2,222,Perdus
U11459,Standard,94,12,1643.97,4,4,2,442,Clients fidèles
U10411,Budget,338,5,1644.83,2,2,2,222,Perdus
U08243,Budget,401,3,1645.17,1,1,2,112,Perdus
U06267,Premium,2,8,1645.39,5,3,2,532,Clients fidèles
U02006,Budget,1,12,1649.59,5,4,2,542,Clients fidèles
U03376,Standard,4,8,1649.78,5,3,2,532,Clients fidèles
U06941,Budget,463,3,1650.27,1,1,2,112,Perdus
U01096,Budget,186,2,1650.45,3,1,2,312,Nouveaux
U11143,Budget,69,16,1650.69,4,4,2,442,Clients fidèles
U08189,Budget,159,9,1651.32,3,3,2,332,Clients fidèles
U04154,Standard,282,6,1652.71,2,2,2,222,Perdus
U01271,Budget,272,4,1653.25,2,1,2,212,Perdus
U05319,Budget,371,3,1653.35,2,1,2,212,Perdus
U06504,Premium,36,7,1653.45,5,2,2,522,Nouveaux
U07059,Budget,108,3,1654.61,4,1,2,412,Nouveaux
U07924,Standard,165,7,1655.39,3,2,2,322,Nouveaux
U02848,Standard,307,12,1655.43,2,4,2,242,À risque
U05025,Standard,222,9,1655.86,3,3,2,332,Clients fidèles
U04574,Budget,328,6,1656.09,2,2,2,222,Perdus
U00960,Budget,347,5,1656.45,2,2,2,222,Perdus
U03021,Premium,61,16,1656.93,4,4,2,442,Clients fidèles
U08554,Standard,370,6,1657.7,2,2,2,222,Perdus
U11847,Standard,156,12,1658.76,3,4,2,342,Clients fidèles
U10703,Standard,200,11,1659.31,3,3,2,332,Clients fidèles
U06102,Budget,396,2,1659.51,1,1,2,112,Perdus
U01711,Standard,492,13,1660.58,1,4,2,142,À risque
U05085,Budget,81,8,1660.63,4,3,2,432,Clients fidèles
U10898,Budget,400,8,1660.96,1,3,2,132,À risque
U09696,Standard,31,12,1661.73,5,4,2,542,Clients fidèles
U01577,Premium,122,11,1661.9,4,3,2,432,Clients fidèles
U03403,Premium,123,13,1662.23,4,4,2,442,Clients fidèles
U04812,Standard,71,3,1664.87,4,1,2,412,Nouveaux
U07592,Budget,275,6,1666.05,2,2,2,222,Perdus
U06771,Budget,98,6,1666.17,4,2,2,422,Nouveaux
U08145,Premium,38,13,1666.29,5,4,2,542,Clients fidèles
U03036,Budget,21,4,1666.37,5,1,2,512,Nouveaux
U00567,Standard,2,8,1666.38,5,3,2,532,Clients fidèles
U00184,Premium,67,6,1667.0,4,2,2,422,Nouveaux
U10821,Standard,466,9,1667.41,1,3,2,132,À risque
U01112,Budget,174,7,1667.95,3,2,2,322,Nouveaux
U03575,Premium,426,18,1668.06,1,4,2,142,À risque
U10834,Standard,220,7,1668.5,3,3,2,332,Clients fidèles
U02389,Standard,68,5,1670.58,4,2,2,422,Nouveaux
U11522,Budget,320,9,1670.69,2,3,2,232,À risque
U05226,Standard,374,12,1670.82,2,4,2,242,À risque
U01333,Standard,369,13,1670.95,2,4,2,242,À risque
U01845,Budget,526,6,1671.44,1,2,2,122,Perdus
U03701,Budget,96,12,1671.92,4,4,2,442,Clients fidèles
U07962,Budget,125,9,1672.05,4,3,2,432,Clients fidèles
U09424,Premium,61,12,1673.21,4,4,2,442,Clients fidèles
U90772,Inconnu,297,1,1673.46,2,1,2,212,Perdus
U01213,Budget,94,5,1673.81,4,2,2,422,Nouveaux
U10446,Budget,150,5,1674.49,3,2,2,322,Nouveaux
U01360,Budget,653,3,1674.82,1,1,2,112,Perdus
U07691,Standard,218,3,1674.99,3,1,2,312,Nouveaux
U06500,Standard,2,4,1675.76,5,1,2,512,Nouveaux
U00306,Standard,128,14,1676.34,4,4,2,442,Clients fidèles
U05546,Budget,185,7,1677.08,3,2,2,322,Nouveaux
U01449,Standard,190,9,1679.03,3,3,2,332,Clients fidèles
U11661,Budget,354,3,1679.25,2,1,2,212,Perdus
U08416,Premium,3,14,1679.53,5,4,2,542,Clients fidèles
U00434,Premium,126,12,1679.84,4,4,2,442,Clients fidèles
U06366,Budget,5,2,1680.79,5,1,2,512,Nouveaux
U98048,Inconnu,503,1,1681.29,1,1,2,112,Perdus
U03912,Standard,187,9,1681.53,3,3,2,332,Clients fidèles
U08743,Premium,348,15,1683.03,2,4,2,242,À risque
U02847,Inconnu,87,8,1684.4,4,3,2,432,Clients fidèles
U04110,Budget,218,7,1684.55,3,2,2,322,Nouveaux
U01431,Budget,216,6,1685.22,3,2,2,322,Nouveaux
U10116,Budget,141,4,1685.34,3,2,2,322,Nouveaux
U11685,Budget,315,4,1685.55,2,2,2,222,Perdus
U08511,Standard,282,13,1685.56,2,4,2,242,À risque
U08486,Budget,662,2,1685.77,1,1,2,112,Perdus
U08888,Budget,186,5,1686.19,3,2,2,322,Nouveaux
U11829,Budget,4,10,1687.87,5,3,2,532,Clients fidèles
U07710,Standard,386,9,1690.14,1,3,2,132,À risque
U03074,Premium,184,16,1690.42,3,4,2,342,Clients fidèles
U07683,Budget,76,8,1690.82,4,3,2,432,Clients fidèles
U09957,Standard,81,10,1694.39,4,3,2,432,Clients fidèles
U09976,Premium,403,8,1695.06,1,3,2,132,À risque
U00324,Standard,63,12,1695.19,4,4,2,442,Clients fidèles
U04406,Budget,7,5,1695.89,5,2,2,522,Nouveaux
U01314,Standard,184,9,1696.07,3,3,2,332,Clients fidèles
U02146,Standard,76,6,1696.09,4,2,2,422,Nouveaux
U00830,Budget,101,13,1696.34,4,4,2,442,Clients fidèles
U09349,Budget,419,5,1697.11,1,2,2,122,Perdus
U07478,Standard,8,9,1697.25,5,3,2,532,Clients fidèles
U05892,Premium,521,16,1697.47,1,4,2,142,À risque
U01575,Premium,128,10,1697.73,4,3,2,432,Clients fidèles
U11250,Standard,46,13,1699.71,5,4,2,542,Clients fidèles
U02159,Budget,398,6,1700.03,1,2,2,122,Perdus
U01948,Standard,471,7,1700.24,1,2,2,122,Perdus
U03648,Budget,86,9,1700.25,4,3,2,432,Clients fidèles
U03962,Standard,251,10,1700.32,2,3,2,232,À risque
U08643,Premium,154,9,1701.48,3,3,2,332,Clients fidèles
U08258,Standard,255,5,1702.01,2,2,2,222,Perdus
U05013,Standard,256,12,1702.96,2,4,2,242,À risque
U01589,Standard,419,7,1703.17,1,2,2,122,Perdus
U04460,Budget,3,8,1704.03,5,3,2,532,Clients fidèles
U10913,Standard,365,7,1704.19,2,3,2,232,À risque
U08639,Standard,533,10,1704.63,1,3,2,132,À risque
U03645,Premium,0,5,1704.83,5,2,2,522,Nouveaux
U05052,Budget,0,2,1705.53,5,1,2,512,Nouveaux
U04570,Premium,95,13,1706.59,4,4,2,442,Clients fidèles
U01493,Standard,312,10,1706.62,2,3,2,232,À risque
U00351,Standard,467,12,1707.88,1,4,2,142,À risque
U01380,Standard,49,7,1708.76,4,2,2,422,Nouveaux
U02717,Budget,418,4,1708.8,1,1,2,112,Perdus
U06999,Budget,365,13,1709.06,2,4,2,242,À risque
U08504,Standard,278,7,1710.08,2,2,2,222,Perdus
U01666,VIP,96,12,1710.3,4,4,2,442,Clients fidèles
U06520,VIP,6,21,1710.62,5,5,2,552,Clients fidèles
U08309,Standard,216,8,1710.62,3,3,2,332,Clients fidèles
U09792,Budget,138,11,1711.14,3,3,2,332,Clients fidèles
U02204,Budget,238,4,1713.76,3,1,2,312,Nouveaux
U05358,Standard,36,12,1715.16,5,4,2,542,Clients fidèles
U11525,Standard,203,14,1716.74,3,4,2,342,Clients fidèles
U07821,Standard,80,14,1717.27,4,4,2,442,Clients fidèles
U03546,Standard,410,10,1717.81,1,3,2,132,À risque
U02549,Budget,336,6,1718.05,2,2,2,222,Perdus
U10436,Budget,404,1,1718.36,1,1,2,112,Perdus
U10161,Budget,248,9,1718.94,2,3,2,232,À risque
U09177,Inconnu,1,4,1719.41,5,2,2,522,Nouveaux
U03932,Premium,186,15,1719.42,3,4,2,342,Clients fidèles
U02582,Premium,3,13,1721.7,5,4,2,542,Clients fidèles
U06713,Standard,62,8,1724.28,4,3,2,432,Clients fidèles
U11844,Standard,154,6,1724.51,3,2,2,322,Nouveaux
U99318,Inconnu,437,1,1724.56,1,1,2,112,Perdus
U09325,Standard,1,9,1725.72,5,3,2,532,Clients fidèles
U04357,Standard,250,8,1725.79,2,3,2,232,À risque
U11586,Standard,122,3,1725.86,4,1,2,412,Nouveaux
U07522,Standard,315,11,1727.47,2,3,2,232,À risque
U09295,Budget,185,5,1727.48,3,2,2,322,Nouveaux
U01289,Standard,396,15,1729.05,1,4,2,142,À risque
U10548,Premium,32,14,1729.19,5,4,2,542,Clients fidèles
U02627,Standard,345,6,1729.66,2,2,2,222,Perdus
U08246,Standard,246,7,1731.03,3,2,2,322,Nouveaux
U02716,Budget,204,4,1731.49,3,1,2,312,Nouveaux
U09722,Budget,342,10,1732.18,2,3,2,232,À risque
U05518,Budget,455,3,1733.27,1,1,2,112,Perdus
U09953,Standard,13,6,1733.99,5,2,2,522,Nouveaux
U03703,Budget,17,6,1735.53,5,2,2,522,Nouveaux
U07643,Budget,310,3,1735.56,2,1,2,212,Perdus
U07661,Budget,612,3,1735.57,1,1,2,112,Perdus
U02302,Premium,255,3,1736.63,2,1,2,212,Perdus
U00046,Budget,111,7,1737.1,4,2,2,422,Nouveaux
U09646,VIP,65,19,1737.91,4,5,2,452,Clients fidèles
U07681,Premium,1,4,1738.77,5,2,2,522,Nouveaux
U07173,Premium,31,14,1738.93,5,4,2,542,Clients fidèles
U06758,Budget,713,1,1739.12,1,1,2,112,Perdus
U11944,Standard,10,4,1739.87,5,2,2,522,Nouveaux
U02693,Budget,184,2,1740.04,3,1,2,312,Nouveaux
U09749,Budget,42,14,1740.33,5,4,2,542,Clients fidèles
U06922,Standard,192,2,1741.16,3,1,2,312,Nouveaux
U06027,Budget,154,3,1741.43,3,1,2,312,Nouveaux
U02958,Premium,195,9,1741.68,3,3,2,332,Clients fidèles
U00355,Budget,495,3,1741.89,1,1,2,112,Perdus
U10128,Premium,39,8,1742.56,5,3,2,532,Clients fidèles
U00362,Premium,62,8,1743.05,4,3,2,432,Clients fidèles
U03275,Budget,458,4,1743.54,1,1,2,112,Perdus
U08502,Standard,284,9,1743.84,2,3,2,232,À risque
U08630,Budget,402,4,1744.04,1,2,2,122,Perdus
U01445,Standard,155,7,1744.61,3,2,2,322,Nouveaux
U05416,Standard,335,5,1745.02,2,2,2,222,Perdus
U05074,Standard,67,7,1745.68,4,2,2,422,Nouveaux
U10931,Premium,490,10,1747.04,1,3,2,132,À risque
U00305,Standard,269,11,1747.92,2,3,2,232,À risque
U05430,Premium,63,17,1748.29,4,4,2,442,Clients fidèles
U01251,Budget,80,5,1748.91,4,2,2,422,Nouveaux
U10184,Standard,28,10,1749.84,5,3,2,532,Clients fidèles
U10675,Standard,77,8,1749.88,4,3,2,432,Clients fidèles
U09001,Standard,5,4,1751.82,5,2,2,522,Nouveaux
U00074,Budget,439,10,1752.08,1,3,2,132,À risque
U06029,Premium,380,8,1752.08,2,3,2,232,À risque
U01185,Budget,34,1,1752.21,5,1,2,512,Nouveaux
U05875,Standard,108,6,1752.23,4,2,2,422,Nouveaux
U07946,Standard,114,11,1752.77,4,3,2,432,Clients fidèles
U02442,Budget,283,9,1753.02,2,3,2,232,À risque
U06096,Standard,126,15,1753.71,4,4,2,442,Clients fidèles
U03067,Premium,439,11,1753.81,1,3,2,132,À risque
U04525,Standard,6,2,1754.09,5,1,2,512,Nouveaux
U06047,Premium,520,11,1754.22,1,3,2,132,À risque
U02099,Budget,381,2,1754.7,2,1,2,212,Perdus
U05297,Budget,493,5,1755.69,1,2,2,122,Perdus
U08321,Standard,304,6,1756.15,2,2,2,222,Perdus
U07882,Budget,480,2,1756.95,1,1,2,112,Perdus
U06487,Budget,6,12,1758.2,5,4,2,542,Clients fidèles
U07211,Budget,407,12,1758.31,1,4,2,142,À risque
U05912,Premium,137,16,1759.38,3,4,2,342,Clients fidèles
U11117,Premium,225,20,1759.92,3,5,2,352,Clients fidèles
U10914,Premium,464,15,1760.24,1,4,2,142,À risque
U05884,Budget,104,10,1760.48,4,3,2,432,Clients fidèles
U09496,Budget,55,3,1760.73,4,1,2,412,Nouveaux
U05397,Standard,159,5,1761.66,3,2,2,322,Nouveaux
U06876,Inconnu,31,4,1763.57,5,1,2,512,Nouveaux
U03328,Standard,489,6,1764.12,1,2,2,122,Perdus
U10015,Standard,138,8,1764.37,3,3,2,332,Clients fidèles
U03043,Budget,260,6,1765.26,2,2,2,222,Perdus
U99459,Inconnu,53,1,1766.01,4,1,2,412,Nouveaux
U01427,Standard,207,8,1766.76,3,3,2,332,Clients fidèles
U04919,Standard,401,9,1767.38,1,3,2,132,À risque
U00532,Budget,39,4,1769.16,5,1,2,512,Nouveaux
U07052,Standard,27,2,1769.19,5,1,2,512,Nouveaux
U00768,Budget,16,3,1769.91,5,1,2,512,Nouveaux
U02014,Budget,277,4,1771.73,2,1,2,212,Perdus
U04864,Standard,275,7,1771.79,2,2,2,222,Perdus
U11590,Premium,198,12,1771.85,3,4,2,342,Clients fidèles
U10882,Budget,393,8,1772.13,1,3,2,132,À risque
U04929,Budget,631,2,1772.75,1,1,2,112,Perdus
U10193,Standard,286,19,1772.86,2,5,2,252,À risque
U05443,Standard,98,11,1773.16,4,3,2,432,Clients fidèles
U04162,Premium,249,12,1774.08,2,4,2,242,À risque
U00729,Budget,99,7,1774.2,4,2,2,422,Nouveaux
U07952,Standard,373,8,1774.32,2,3,2,232,À risque
U06649,Premium,96,8,1774.36,4,3,2,432,Clients fidèles
U08950,Standard,249,6,1774.69,2,2,2,222,Perdus
U00241,Budget,67,11,1776.01,4,3,2,432,Clients fidèles
U09026,Standard,94,11,1776.36,4,3,2,432,Clients fidèles
U01490,Standard,322,13,1777.05,2,4,2,242,À risque
U09943,Standard,335,8,1777.58,2,3,2,232,À risque
U04435,Standard,377,10,1778.11,2,3,2,232,À risque
U03660,Standard,202,7,1778.78,3,2,2,322,Nouveaux
U06899,Inconnu,135,8,1779.22,3,3,2,332,Clients fidèles
U08934,Budget,492,9,1779.33,1,3,2,132,À risque
U11978,Standard,197,10,1779.35,3,3,2,332,Clients fidèles
U04742,Budget,519,8,1779.54,1,3,2,132,À risque
U01956,Premium,43,3,1780.82,5,1,2,512,Nouveaux
U00848,Standard,11,11,1782.32,5,3,2,532,Clients fidèles
U05558,Budget,307,3,1782.38,2,1,2,212,Perdus
U08812,Standard,124,6,1784.14,4,2,2,422,Nouveaux
U03048,Budget,613,3,1785.09,1,1,2,112,Perdus
U08191,Standard,208,7,1785.73,3,2,2,322,Nouveaux
U09970,Standard,35,8,1786.02,5,3,2,532,Clients fidèles
U05140,Budget,176,14,1787.02,3,4,2,342,Clients fidèles
U02909,Standard,427,14,1787.23,1,4,2,142,À risque
U07473,Standard,201,15,1787.83,3,4,2,342,Clients fidèles
U06686,Standard,54,6,1788.11,4,2,2,422,Nouveaux
U03452,Standard,281,16,1788.72,2,4,2,242,À risque
U07532,Standard,415,5,1789.48,1,2,2,122,Perdus
U04413,Premium,428,19,1790.05,1,4,2,142,À risque
U01842,Budget,104,4,1790.34,4,1,2,412,Nouveaux
U07949,Budget,65,2,1790.38,4,1,2,412,Nouveaux
U00696,Premium,123,14,1790.78,4,4,2,442,Clients fidèles
U01117,Budget,108,12,1791.19,4,4,2,442,Clients fidèles
U00758,Budget,336,2,1791.48,2,1,2,212,Perdus
U09930,Standard,226,20,1791.49,3,5,2,352,Clients fidèles
U04027,Standard,397,11,1792.88,1,3,2,132,À risque
U03515,Budget,12,3,1793.89,5,1,2,512,Nouveaux
U02167,Standard,215,7,1794.25,3,2,2,322,Nouveaux
U02478,Standard,122,6,1794.33,4,2,2,422,Nouveaux
U04857,Budget,72,2,1794.56,4,1,2,412,Nouveaux
U11036,Standard,345,9,1795.05,2,3,2,232,À risque
U06109,Budget,226,1,1795.29,3,1,2,312,Nouveaux
U06393,Standard,487,9,1795.58,1,3,2,132,À risque
U03476,Budget,622,9,1795.94,1,3,2,132,À risque
U11594,Standard,98,6,1796.21,4,2,2,422,Nouveaux
U03636,Premium,12,9,1796.39,5,3,2,532,Clients fidèles
U00647,VIP,61,12,1796.98,4,4,2,442,Clients fidèles
U06830,Standard,409,9,1797.08,1,3,2,132,À risque
U08550,Standard,69,5,1797.12,4,2,2,422,Nouveaux
U10590,Standard,285,10,1797.27,2,3,2,232,À risque
U11259,Budget,74,7,1797.86,4,3,2,432,Clients fidèles
U05898,Standard,496,12,1798.83,1,4,2,142,À risque
U02636,Budget,327,7,1799.58,2,2,2,222,Perdus
U08877,Standard,39,16,1801.36,5,4,2,542,Clients fidèles
U03790,Standard,5,8,1801.43,5,3,2,532,Clients fidèles
U06590,Budget,334,6,1802.47,2,2,2,222,Perdus
U09814,Premium,63,13,1803.21,4,4,2,442,Clients fidèles
U02814,Premium,170,9,1803.22,3,3,2,332,Clients fidèles
U08996,Premium,124,13,1804.4,4,4,2,442,Clients fidèles
U00885,Standard,33,8,1805.63,5,3,2,532,Clients fidèles
U11798,Budget,292,2,1807.65,2,1,2,212,Perdus
U06418,Inconnu,336,5,1810.52,2,2,2,222,Perdus
U08977,Budget,61,7,1810.87,4,2,2,422,Nouveaux
U00619,Budget,308,3,1810.97,2,1,2,212,Perdus
U09962,Budget,97,5,1811.24,4,2,2,422,Nouveaux
U11922,Premium,427,17,1811.27,1,4,2,142,À risque
U08328,Standard,66,15,1811.91,4,4,2,442,Clients fidèles
U05540,Budget,110,8,1812.32,4,3,2,432,Clients fidèles
U04714,Standard,153,12,1812.75,3,4,2,342,Clients fidèles
U05017,Standard,316,5,1813.4,2,2,2,222,Perdus
U10836,Budget,427,4,1814.54,1,2,2,122,Perdus
U06929,Premium,429,11,1815.65,1,3,2,132,À risque
U07238,Budget,314,1,1815.66,2,1,2,212,Perdus
U04841,Standard,287,13,1816.61,2,4,2,242,À risque
U03454,Budget,45,10,1817.55,5,3,2,532,Clients fidèles
U04088,Budget,11,3,1818.21,5,1,2,512,Nouveaux
U02830,Standard,469,8,1818.34,1,3,2,132,À risque
U00962,Budget,440,5,1818.88,1,2,2,122,Perdus
U05895,Standard,154,8,1819.13,3,3,2,332,Clients fidèles
U00165,Standard,592,8,1819.25,1,3,2,132,À risque
U09269,Budget,582,4,1819.97,1,2,2,122,Perdus
U05001,Budget,2,9,1820.55,5,3,2,532,Clients fidèles
U03614,Budget,246,4,1820.63,2,1,2,212,Perdus
U07419,Standard,45,8,1821.39,5,3,2,532,Clients fidèles
U01305,Budget,618,9,1822.05,1,3,2,132,À risque
U01446,Standard,133,8,1822.66,3,3,2,332,Clients fidèles
U10642,Standard,558,7,1823.14,1,2,2,122,Perdus
U08775,Premium,4,14,1824.22,5,4,2,542,Clients fidèles
U02120,Premium,495,11,1824.76,1,3,2,132,À risque
U10001,Standard,187,3,1825.14,3,1,2,312,Nouveaux
U02201,Standard,74,6,1826.29,4,2,2,422,Nouveaux
U07847,Inconnu,124,5,1827.97,4,2,2,422,Nouveaux
U09458,Budget,584,5,1828.97,1,2,2,122,Perdus
U01388,Budget,372,7,1829.98,2,2,2,222,Perdus
U05989,Standard,281,15,1830.02,2,4,2,242,À risque
U06733,Budget,340,4,1830.26,2,1,2,212,Perdus
U09461,Premium,334,14,1830.96,2,4,2,242,À risque
U03434,Budget,372,5,1831.37,2,2,2,222,Perdus
U09519,Standard,157,11,1831.82,3,3,2,332,Clients fidèles
U05963,Budget,222,11,1832.18,3,3,2,332,Clients fidèles
U06935,Budget,603,4,1835.14,1,1,2,112,Perdus
U03105,Budget,464,8,1835.34,1,3,2,132,À risque
U08471,Budget,190,5,1836.33,3,2,2,322,Nouveaux
U09093,Standard,184,12,1837.57,3,4,2,342,Clients fidèles
U11991,Standard,229,10,1837.59,3,3,2,332,Clients fidèles
U01602,Standard,42,12,1837.96,5,4,2,542,Clients fidèles
U01454,Standard,234,4,1838.68,3,1,2,312,Nouveaux
U06873,Standard,34,9,1839.18,5,3,2,532,Clients fidèles
U01808,Budget,31,4,1839.21,5,1,2,512,Nouveaux
U08559,Budget,374,4,1839.4,2,2,2,222,Perdus
U08108,Standard,1,13,1839.55,5,4,2,542,Clients fidèles
U04258,Budget,215,2,1839.83,3,1,2,312,Nouveaux
U02248,Standard,385,10,1839.96,1,3,2,132,À risque
U00628,VIP,32,20,1840.94,5,5,2,552,Clients fidèles
U05721,Standard,13,10,1841.73,5,3,2,532,Clients fidèles
U10480,Budget,366,7,1841.87,2,2,2,222,Perdus
U01414,Inconnu,610,7,1842.74,1,2,2,122,Perdus
U06404,Standard,612,10,1843.2,1,3,2,132,À risque
U08274,Premium,316,25,1844.0,2,5,2,252,À risque
U05104,Standard,674,7,1844.49,1,2,2,122,Perdus
U08417,Inconnu,566,3,1844.82,1,1,2,112,Perdus
U03906,Budget,163,6,1845.24,3,2,2,322,Nouveaux
U03418,Budget,77,7,1846.2,4,2,2,422,Nouveaux
U09342,Budget,98,6,1847.09,4,2,2,422,Nouveaux
U10286,Premium,61,5,1847.21,4,2,2,422,Nouveaux
U97277,Inconnu,344,1,1847.26,2,1,2,212,Perdus
U01191,Premium,591,12,1847.43,1,4,2,142,À risque
U04483,Premium,366,11,1847.84,2,3,2,232,À risque
U09072,Standard,403,15,1848.5,1,4,2,142,À risque
U11365,Standard,34,12,1848.69,5,4,2,542,Clients fidèles
U04613,Standard,5,5,1849.64,5,2,2,522,Nouveaux
U07376,Standard,154,13,1849.72,3,4,2,342,Clients fidèles
U06618,Budget,92,7,1849.77,4,2,2,422,Nouveaux
U04094,Budget,313,7,1850.64,2,2,2,222,Perdus
U10214,Premium,39,11,1851.06,5,3,2,532,Clients fidèles
U05606,Budget,513,9,1851.58,1,3,2,132,À risque
U11878,Standard,380,8,1851.7,2,3,2,232,À risque
U05658,Budget,35,13,1852.02,5,4,2,542,Clients fidèles
U04046,VIP,3,14,1852.6,5,4,2,542,Clients fidèles
U11786,Budget,602,7,1852.92,1,3,2,132,À risque
U09652,Standard,165,9,1853.52,3,3,2,332,Clients fidèles
U03712,Standard,403,8,1854.37,1,3,2,132,À risque
U09208,Standard,70,6,1854.78,4,2,2,422,Nouveaux
U05804,Budget,17,7,1854.83,5,2,2,522,Nouveaux
U09629,Premium,123,5,1854.84,4,2,2,422,Nouveaux
U07430,Premium,2,6,1855.19,5,2,2,522,Nouveaux
U02039,Standard,33,4,1855.37,5,1,2,512,Nouveaux
U10851,Standard,33,2,1855.43,5,1,2,512,Nouveaux
U02910,Standard,209,9,1856.51,3,3,2,332,Clients fidèles
U03694,Standard,9,4,1857.07,5,1,2,512,Nouveaux
U08365,Standard,37,8,1857.17,5,3,2,532,Clients fidèles
U11174,Budget,13,8,1857.64,5,3,2,532,Clients fidèles
U08188,Budget,112,10,1858.18,4,3,2,432,Clients fidèles
U01368,Budget,459,6,1858.63,1,2,2,122,Perdus
U08339,Standard,28,11,1858.84,5,3,2,532,Clients fidèles
U01308,Budget,36,9,1858.96,5,3,2,532,Clients fidèles
U06530,Budget,14,9,1859.18,5,3,2,532,Clients fidèles
U05506,Budget,331,6,1859.52,2,2,2,222,Perdus
U07545,Budget,92,11,1859.97,4,3,2,432,Clients fidèles
U09231,Standard,214,10,1860.69,3,3,2,332,Clients fidèles
U11440,Standard,69,9,1861.42,4,3,2,432,Clients fidèles
U11006,Standard,252,10,1861.52,2,3,2,232,À risque
U02977,Budget,73,10,1862.02,4,3,2,432,Clients fidèles
U05608,Premium,408,10,1862.18,1,3,2,132,À risque
U07580,Standard,252,4,1863.76,2,2,2,222,Perdus
U11240,Budget,235,5,1864.14,3,2,2,322,Nouveaux
U10047,Standard,17,7,1864.33,5,2,2,522,Nouveaux
U11385,Budget,218,5,1864.73,3,2,2,322,Nouveaux
U10783,Budget,306,6,1865.02,2,2,2,222,Perdus
U06732,Standard,519,8,1865.29,1,3,2,132,À risque
U02186,Standard,214,12,1865.41,3,4,2,342,Clients fidèles
U08837,Standard,187,18,1865.55,3,4,2,342,Clients fidèles
U08253,Budget,398,3,1866.05,1,1,2,112,Perdus
U06957,Standard,101,13,1866.53,4,4,2,442,Clients fidèles
U04420,VIP,5,8,1866.62,5,3,2,532,Clients fidèles
U11110,Standard,47,17,1868.0,5,4,2,542,Clients fidèles
U00212,Standard,33,11,1868.32,5,3,2,532,Clients fidèles
U02028,Standard,14,5,1868.62,5,2,2,522,Nouveaux
U07909,Premium,124,7,1869.08,4,2,2,422,Nouveaux
U05145,Standard,334,10,1869.14,2,3,2,232,À risque
U11407,Premium,0,7,1869.14,5,3,2,532,Clients fidèles
U05004,Standard,155,15,1871.03,3,4,2,342,Clients fidèles
U09555,Standard,191,8,1872.83,3,3,2,332,Clients fidèles
U11897,Standard,440,5,1872.98,1,2,2,122,Perdus
U08867,Inconnu,338,7,1873.03,2,2,2,222,Perdus
U02178,Standard,1,2,1875.87,5,1,2,512,Nouveaux
U04900,Standard,259,8,1876.05,2,3,2,232,À risque
U05431,Standard,253,10,1876.17,2,3,2,232,À risque
U02026,Premium,61,15,1877.49,4,4,2,442,Clients fidèles
U02083,Budget,130,4,1878.19,3,1,2,312,Nouveaux
U02119,Standard,124,12,1879.04,4,4,2,442,Clients fidèles
U02406,Standard,154,10,1879.52,3,3,2,332,Clients fidèles
U03922,Premium,184,12,1879.82,3,4,2,342,Clients fidèles
U04807,Budget,108,8,1880.1,4,3,2,432,Clients fidèles
U03460,Budget,611,4,1880.69,1,1,2,112,Perdus
U07769,Budget,154,9,1881.1,3,3,2,332,Clients fidèles
U02934,VIP,42,7,1882.83,5,2,2,522,Nouveaux
U08587,Standard,669,7,1883.08,1,2,2,122,Perdus
U10261,Standard,337,9,1883.42,2,3,2,232,À risque
U11455,VIP,398,16,1886.2,1,4,2,142,À risque
U06175,Budget,567,3,1886.65,1,1,2,112,Perdus
U08087,Budget,123,4,1887.96,4,2,2,422,Nouveaux
U07338,Standard,226,7,1888.38,3,2,2,322,Nouveaux
U08474,Standard,219,5,1888.79,3,2,2,322,Nouveaux
U07808,Standard,554,5,1888.82,1,2,2,122,Perdus
U09723,Standard,65,8,1889.69,4,3,2,432,Clients fidèles
U00020,Premium,426,12,1890.11,1,4,2,142,À risque
U07103,Standard,600,7,1890.51,1,2,2,122,Perdus
U00146,Premium,160,5,1891.49,3,2,2,322,Nouveaux
U05421,Premium,463,8,1891.55,1,3,2,132,À risque
U09114,Budget,394,7,1891.72,1,2,2,122,Perdus
U07033,Premium,5,8,1891.79,5,3,2,532,Clients fidèles
U00377,Inconnu,403,8,1892.79,1,3,2,132,À risque
U06361,Budget,88,4,1893.19,4,1,2,412,Nouveaux
U04947,Premium,153,16,1893.26,3,4,2,342,Clients fidèles
U07774,Budget,701,4,1893.87,1,2,2,122,Perdus
U01632,Budget,368,9,1895.28,2,3,2,232,À risque
U08855,Standard,678,4,1895.42,1,2,2,122,Perdus
U06731,Premium,11,3,1897.2,5,1,2,512,Nouveaux
U00723,Inconnu,563,5,1898.32,1,2,2,122,Perdus
U07142,Standard,226,15,1898.33,3,4,2,342,Clients fidèles
U01187,Budget,529,12,1898.98,1,4,2,142,À risque
U05173,Budget,366,8,1899.17,2,3,2,232,À risque
U11097,Budget,489,4,1900.57,1,2,2,122,Perdus
U09083,Budget,305,5,1901.62,2,2,2,222,Perdus
U07930,Premium,20,7,1902.46,5,2,2,522,Nouveaux
U05098,Budget,92,2,1902.68,4,1,2,412,Nouveaux
U09718,Standard,42,3,1902.72,5,1,2,512,Nouveaux
U05047,Budget,19,5,1903.25,5,2,2,522,Nouveaux
U06825,Budget,218,3,1904.2,3,1,2,312,Nouveaux
U11131,Budget,551,2,1904.68,1,1,2,112,Perdus
U04994,Budget,303,4,1905.31,2,1,2,212,Perdus
U06614,Standard,400,8,1905.79,1,3,2,132,À risque
U00711,Premium,32,10,1905.99,5,3,2,532,Clients fidèles
U11853,Premium,0,13,1906.03,5,4,2,542,Clients fidèles
U07180,Budget,32,1,1906.11,5,1,2,512,Nouveaux
U00417,Standard,44,10,1908.01,5,3,2,532,Clients fidèles
U02090,Premium,13,8,1908.16,5,3,2,532,Clients fidèles
U03390,Budget,63,2,1908.41,4,1,2,412,Nouveaux
U03597,Standard,270,10,1908.56,2,3,2,232,À risque
U11351,Budget,41,9,1909.04,5,3,2,532,Clients fidèles
U00113,Budget,230,5,1909.78,3,2,2,322,Nouveaux
U10407,Standard,124,3,1911.34,4,1,2,412,Nouveaux
U03971,Standard,400,6,1911.71,1,2,2,122,Perdus
U10242,Budget,399,8,1913.61,1,3,2,132,À risque
U11450,Budget,44,3,1914.25,5,1,2,512,Nouveaux
U10521,Inconnu,83,7,1914.74,4,2,2,422,Nouveaux
U04815,Budget,488,8,1915.4,1,3,2,132,À risque
U01103,Budget,478,2,1915.6,1,1,2,112,Perdus
U07735,Budget,31,2,1918.31,5,1,2,512,Nouveaux
U04548,Premium,307,12,1918.72,2,4,2,242,À risque
U10650,Budget,371,6,1919.35,2,2,2,222,Perdus
U11892,Budget,184,3,1919.72,3,1,2,312,Nouveaux
U10939,Standard,0,6,1920.05,5,2,2,522,Nouveaux
U10382,Standard,153,12,1920.91,3,4,2,342,Clients fidèles
U10959,Standard,61,6,1922.4,4,2,2,422,Nouveaux
U06248,Standard,250,20,1922.68,2,5,2,252,À risque
U07998,Standard,347,5,1923.19,2,2,2,222,Perdus
U01202,Standard,316,4,1924.25,2,1,2,212,Perdus
U03735,Inconnu,462,7,1924.4,1,2,2,122,Perdus
U05607,VIP,4,7,1924.85,5,2,2,522,Nouveaux
U03916,Standard,107,7,1925.34,4,2,2,422,Nouveaux
U01823,VIP,7,7,1926.09,5,2,2,522,Nouveaux
U08771,Budget,0,4,1926.27,5,2,2,522,Nouveaux
U05470,Budget,582,5,1926.77,1,2,2,122,Perdus
U11804,Standard,379,10,1926.79,2,3,2,232,À risque
U05697,Standard,61,7,1928.18,4,2,2,422,Nouveaux
U08050,Standard,73,11,1928.81,4,3,2,432,Clients fidèles
U01895,Budget,36,9,1928.83,5,3,2,532,Clients fidèles
U03333,Standard,98,4,1929.65,4,1,2,412,Nouveaux
U01827,Standard,221,9,1931.1,3,3,2,332,Clients fidèles
U03120,Standard,47,5,1931.13,4,2,2,422,Nouveaux
U02964,Budget,247,9,1931.45,2,3,2,232,À risque
U04387,Budget,592,6,1932.14,1,2,2,122,Perdus
U05372,Budget,584,5,1932.98,1,2,2,122,Perdus
U03471,VIP,215,13,1932.99,3,4,2,342,Clients fidèles
U11576,Budget,225,9,1933.0,3,3,2,332,Clients fidèles
U04658,Budget,72,7,1934.59,4,2,2,422,Nouveaux
U10228,Budget,222,5,1934.73,3,2,2,322,Nouveaux
U02635,VIP,371,22,1935.43,2,5,2,252,À risque
U03156,Premium,277,4,1935.99,2,1,2,212,Perdus
U09180,Budget,502,1,1936.61,1,1,2,112,Perdus
U08817,Standard,44,7,1937.48,5,2,2,522,Nouveaux
U01441,Premium,126,17,1938.29,4,4,2,442,Clients fidèles
U01345,Standard,491,7,1938.38,1,2,2,122,Perdus
U06268,Budget,49,5,1938.5,4,2,2,422,Nouveaux
U05560,Premium,8,9,1938.52,5,3,2,532,Clients fidèles
U11291,Premium,94,15,1938.89,4,4,2,442,Clients fidèles
U11621,Premium,365,18,1938.95,2,4,2,242,À risque
U09040,Premium,37,11,1941.33,5,3,2,532,Clients fidèles
U07802,Budget,431,6,1941.38,1,2,2,122,Perdus
U05673,Budget,289,8,1941.67,2,3,2,232,À risque
U03759,Budget,1,4,1943.2,5,1,2,512,Nouveaux
U94912,Inconnu,576,1,1945.11,1,1,2,112,Perdus
U11723,Inconnu,439,8,1945.3,1,3,2,132,À risque
U08501,Budget,95,5,1946.71,4,2,2,422,Nouveaux
U11906,Standard,6,7,1948.14,5,3,2,532,Clients fidèles
U00425,Standard,215,10,1948.93,3,3,2,332,Clients fidèles
U04148,Standard,73,6,1949.47,4,2,2,422,Nouveaux
U08912,Standard,64,8,1949.52,4,3,2,432,Clients fidèles
U01798,Standard,109,17,1949.63,4,4,2,442,Clients fidèles
U07315,Standard,505,9,1949.88,1,3,2,132,À risque
U06800,Inconnu,610,11,1949.98,1,3,2,132,À risque
U00919,Standard,124,3,1950.13,4,1,2,412,Nouveaux
U02471,Budget,374,7,1950.64,2,2,2,222,Perdus
U08435,Budget,49,4,1950.76,4,2,2,422,Nouveaux
U06446,Premium,33,8,1951.06,5,3,2,532,Clients fidèles
U09633,Budget,215,4,1952.37,3,2,2,322,Nouveaux
U00397,Standard,6,9,1952.55,5,3,2,532,Clients fidèles
U03825,Budget,219,6,1953.39,3,2,2,322,Nouveaux
U07660,Standard,231,8,1953.62,3,3,2,332,Clients fidèles
U03093,Standard,586,6,1953.75,1,2,2,122,Perdus
U07262,Budget,63,5,1954.69,4,2,2,422,Nouveaux
U04878,Budget,331,1,1954.84,2,1,2,212,Perdus
U11954,Standard,84,9,1955.97,4,3,2,432,Clients fidèles
U06703,Premium,32,11,1956.73,5,3,2,532,Clients fidèles
U06639,Premium,519,12,1957.93,1,4,2,142,À risque
U09479,Standard,249,7,1958.5,2,2,2,222,Perdus
U10661,Standard,105,7,1958.5,4,2,2,422,Nouveaux
U08916,Standard,371,12,1958.55,2,4,2,242,À risque
U10575,Standard,282,8,1960.88,2,3,2,232,À risque
U10901,Standard,4,2,1961.27,5,1,2,512,Nouveaux
U00210,Standard,327,15,1962.89,2,4,2,242,À risque
U06856,Budget,408,6,1963.43,1,2,2,122,Perdus
U01669,Budget,360,6,1963.75,2,2,2,222,Perdus
U04396,Budget,56,5,1963.95,4,2,2,422,Nouveaux
U10705,Standard,285,10,1964.25,2,3,2,232,À risque
U08308,Budget,657,1,1964.36,1,1,2,112,Perdus
U03778,Standard,346,13,1966.32,2,4,2,242,À risque
U07956,Standard,153,14,1966.6,3,4,2,342,Clients fidèles
U03629,Standard,6,7,1966.86,5,2,2,522,Nouveaux
U00821,Standard,426,8,1967.7,1,3,2,132,À risque
U09251,Standard,319,12,1968.79,2,4,2,242,À risque
U02336,Budget,215,15,1968.98,3,4,2,342,Clients fidèles
U05062,Standard,124,6,1969.01,4,2,2,422,Nouveaux
U02666,Standard,378,16,1969.02,2,4,2,242,À risque
U94618,Inconnu,233,1,1969.54,3,1,2,312,Nouveaux
U10969,Standard,275,4,1969.84,2,2,2,222,Perdus
U06708,Premium,366,15,1970.14,2,4,2,242,À risque
U01985,Budget,464,9,1970.66,1,3,2,132,À risque
U95713,Inconnu,531,1,1970.8,1,1,2,112,Perdus
U11265,Budget,96,11,1972.04,4,3,2,432,Clients fidèles
U03235,Standard,17,4,1972.58,5,1,2,512,Nouveaux
U09133,Standard,311,12,1972.62,2,4,2,242,À risque
U03046,Budget,703,5,1972.75,1,2,2,122,Perdus
U10204,Inconnu,122,4,1972.78,4,2,2,422,Nouveaux
U11520,Standard,43,17,1974.88,5,4,2,542,Clients fidèles
U04690,Standard,521,5,1974.9,1,2,2,122,Perdus
U02249,Premium,595,11,1975.17,1,3,2,132,À risque
U01782,Standard,61,9,1975.41,4,3,2,432,Clients fidèles
U92357,Inconnu,577,1,1976.16,1,1,2,112,Perdus
U07941,Standard,0,6,1976.64,5,2,2,522,Nouveaux
U09834,Budget,226,2,1976.65,3,1,2,312,Nouveaux
U08052,Budget,227,14,1976.96,3,4,2,342,Clients fidèles
U07125,Budget,349,7,1977.19,2,2,2,222,Perdus
U09698,Premium,231,18,1977.34,3,4,2,342,Clients fidèles
U10849,Budget,228,7,1978.15,3,3,2,332,Clients fidèles
U03508,Standard,218,5,1978.29,3,2,2,322,Nouveaux
U09983,Inconnu,373,9,1980.28,2,3,2,232,À risque
U00578,Budget,66,7,1980.56,4,2,2,422,Nouveaux
U11002,Budget,374,5,1981.83,2,2,2,222,Perdus
U08409,Standard,142,5,1982.18,3,2,2,322,Nouveaux
U11451,Premium,10,4,1983.89,5,2,2,522,Nouveaux
U09815,Budget,277,8,1983.98,2,3,2,232,À risque
U00299,Inconnu,209,12,1985.52,3,4,2,342,Clients fidèles
U00586,Premium,12,5,1985.7,5,2,2,522,Nouveaux
U11066,Budget,325,8,1986.7,2,3,2,232,À risque
U10323,Budget,490,10,1986.99,1,3,2,132,À risque
U05640,Premium,142,18,1987.13,3,4,2,342,Clients fidèles
U06974,Standard,375,11,1988.98,2,3,2,232,À risque
U04257,Standard,36,8,1989.43,5,3,2,532,Clients fidèles
U01460,Budget,437,7,1990.1,1,2,2,122,Perdus
U10714,Budget,26,6,1990.62,5,2,2,522,Nouveaux
U07535,Budget,529,7,1992.18,1,2,2,122,Perdus
U11761,Standard,341,17,1992.35,2,4,2,242,À risque
U00900,Standard,123,9,1994.27,4,3,2,432,Clients fidèles
U01655,Standard,1,14,1994.57,5,4,2,542,Clients fidèles
U06986,Standard,127,11,1995.42,4,3,2,432,Clients fidèles
U00810,Standard,40,20,1995.71,5,5,2,552,Clients fidèles
U02616,Premium,38,20,1995.96,5,5,2,552,Clients fidèles
U00294,Standard,429,6,1996.62,1,2,2,122,Perdus
U06641,Standard,610,8,1997.8,1,3,2,132,À risque
U10692,Premium,92,8,1999.89,4,3,2,432,Clients fidèles
U10332,Standard,40,6,2000.04,5,2,2,522,Nouveaux
U08500,Budget,91,2,2000.55,4,1,2,412,Nouveaux
U08713,Budget,224,6,2001.26,3,2,2,322,Nouveaux
U03091,Standard,234,4,2001.36,3,1,2,312,Nouveaux
U06162,Premium,222,9,2001.7,3,3,2,332,Clients fidèles
U00444,Premium,442,10,2001.97,1,3,2,132,À risque
U10600,Premium,42,11,2002.71,5,3,2,532,Clients fidèles
U03999,Standard,402,11,2002.8,1,3,2,132,À risque
U08288,Budget,611,8,2003.76,1,3,2,132,À risque
U06745,Budget,205,5,2004.66,3,2,2,322,Nouveaux
U11433,Standard,43,7,2005.03,5,3,2,532,Clients fidèles
U03000,Budget,40,6,2006.27,5,2,2,522,Nouveaux
U11124,Standard,402,18,2007.13,1,4,2,142,À risque
U11444,Standard,38,6,2007.54,5,2,2,522,Nouveaux
U11943,Budget,506,3,2008.08,1,1,2,112,Perdus
U04706,Standard,2,7,2008.46,5,2,2,522,Nouveaux
U02191,Standard,4,3,2008.5,5,1,2,512,Nouveaux
U04509,Budget,399,16,2010.08,1,4,2,142,À risque
U09640,Standard,338,10,2010.23,2,3,2,232,À risque
U01134,Standard,7,13,2010.95,5,4,2,542,Clients fidèles
U10935,Standard,100,11,2011.26,4,3,2,432,Clients fidèles
U01714,Standard,194,8,2011.36,3,3,2,332,Clients fidèles
U10625,Budget,128,8,2011.9,4,3,2,432,Clients fidèles
U03279,Budget,134,6,2012.28,3,2,2,322,Nouveaux
U06635,Premium,34,12,2013.69,5,4,2,542,Clients fidèles
U06114,Standard,309,8,2014.14,2,3,2,232,À risque
U08462,Standard,62,8,2014.79,4,3,2,432,Clients fidèles
U00793,Budget,282,5,2015.87,2,2,2,222,Perdus
U05185,Budget,7,4,2018.14,5,1,2,512,Nouveaux
U05770,Standard,155,4,2018.56,3,1,2,312,Nouveaux
U07233,Budget,40,2,2018.73,5,1,2,512,Nouveaux
U03934,Standard,153,9,2019.32,3,3,2,332,Clients fidèles
U06790,Standard,191,8,2019.97,3,3,2,332,Clients fidèles
U11510,Standard,92,3,2021.17,4,1,2,412,Nouveaux
U10781,Budget,335,6,2021.51,2,2,2,222,Perdus
U07104,Standard,167,11,2021.95,3,3,2,332,Clients fidèles
U08690,Standard,230,3,2023.54,3,1,2,312,Nouveaux
U01542,Standard,404,10,2024.28,1,3,2,132,À risque
U05791,VIP,214,28,2025.88,3,5,2,352,Clients fidèles
U08833,Premium,190,19,2026.94,3,5,2,352,Clients fidèles
U09857,Standard,94,3,2027.52,4,1,2,412,Nouveaux
U09697,Budget,146,4,2029.88,3,2,2,322,Nouveaux
U09014,Budget,560,6,2031.77,1,2,2,122,Perdus
U01041,Budget,44,7,2032.57,5,2,2,522,Nouveaux
U04132,Budget,524,8,2032.8,1,3,2,132,À risque
U04319,Standard,494,3,2032.97,1,1,2,112,Perdus
U02365,Budget,306,10,2034.57,2,3,2,232,À risque
U00549,Budget,64,6,2034.8,4,2,2,422,Nouveaux
U02944,Standard,4,13,2035.03,5,4,2,542,Clients fidèles
U03738,Standard,369,6,2035.38,2,2,2,222,Perdus
U06868,Inconnu,522,8,2038.02,1,3,2,132,À risque
U11748,Standard,460,4,2038.66,1,2,2,122,Perdus
U00499,Standard,231,8,2038.91,3,3,2,332,Clients fidèles
U07108,Standard,157,10,2038.96,3,3,2,332,Clients fidèles
U08144,Premium,216,17,2040.81,3,4,2,342,Clients fidèles
U02966,Standard,405,9,2041.57,1,3,2,132,À risque
U06584,Premium,398,17,2042.0,1,4,2,142,À risque
U07327,Standard,341,12,2042.09,2,4,2,242,À risque
U09725,Premium,250,6,2042.28,2,2,2,222,Perdus
U11953,Budget,19,6,2043.47,5,2,2,522,Nouveaux
U01751,Standard,318,3,2044.09,2,1,2,212,Perdus
U08703,Budget,403,8,2044.38,1,3,2,132,À risque
U08213,Premium,310,19,2044.44,2,5,2,252,À risque
U08822,Standard,62,7,2044.47,4,2,2,422,Nouveaux
U03029,Budget,107,4,2044.69,4,1,2,412,Nouveaux
U06998,Budget,67,8,2044.85,4,3,2,432,Clients fidèles
U08206,Standard,223,7,2044.98,3,2,2,322,Nouveaux
U07362,Budget,353,3,2045.2,2,1,2,212,Perdus
U05499,Standard,569,12,2045.44,1,4,2,142,À risque
U09811,Standard,64,11,2045.45,4,3,2,432,Clients fidèles
U02633,Standard,14,8,2045.54,5,3,2,532,Clients fidèles
U03700,Standard,7,11,2047.09,5,3,2,532,Clients fidèles
U04450,Budget,166,5,2051.43,3,2,2,322,Nouveaux
U08225,Standard,64,9,2052.8,4,3,2,432,Clients fidèles
U05364,Budget,492,12,2052.86,1,4,2,142,À risque
U03449,Budget,458,7,2053.87,1,2,2,122,Perdus
U06095,Premium,367,12,2055.35,2,4,2,242,À risque
U00349,Standard,549,9,2055.98,1,3,2,132,À risque
U05589,Budget,218,8,2056.82,3,3,2,332,Clients fidèles
U07527,Budget,205,10,2056.84,3,3,2,332,Clients fidèles
U00607,Standard,36,7,2057.07,5,2,2,522,Nouveaux
U00435,Budget,429,9,2057.72,1,3,2,132,À risque
U11981,Standard,373,6,2057.73,2,2,2,222,Perdus
U05312,Premium,66,17,2058.16,4,4,2,442,Clients fidèles
U02185,Budget,282,5,2058.59,2,2,2,222,Perdus
U06115,Budget,198,11,2059.06,3,3,2,332,Clients fidèles
U08220,Budget,572,7,2059.32,1,2,2,122,Perdus
U05008,Standard,0,14,2059.53,5,4,2,542,Clients fidèles
U03620,Standard,316,12,2060.43,2,4,2,242,À risque
U08358,Inconnu,324,8,2060.73,2,3,2,232,À risque
U08429,Budget,0,15,2061.41,5,4,2,542,Clients fidèles
U11437,Standard,181,16,2062.22,3,4,2,342,Clients fidèles
U10104,Budget,96,6,2064.37,4,2,2,422,Nouveaux
U11382,Standard,24,8,2064.39,5,3,2,532,Clients fidèles
U09255,Budget,140,2,2064.43,3,1,2,312,Nouveaux
U07568,Budget,245,14,2066.74,3,4,2,342,Clients fidèles
U04886,Budget,37,6,2066.87,5,2,2,522,Nouveaux
U03655,Standard,187,13,2068.93,3,4,2,342,Clients fidèles
U05349,Budget,309,4,2070.74,2,1,2,212,Perdus
U09101,Budget,250,9,2070.77,2,3,2,232,À risque
U00707,Standard,334,9,2070.84,2,3,2,232,À risque
U10173,Budget,189,2,2071.07,3,1,2,312,Nouveaux
U08018,Standard,279,15,2072.41,2,4,2,242,À risque
U04668,Standard,163,10,2073.16,3,3,2,332,Clients fidèles
U04793,Standard,281,14,2074.09,2,4,2,242,À risque
U00993,Standard,152,8,2074.88,3,3,2,332,Clients fidèles
U07877,Standard,122,14,2075.08,4,4,2,442,Clients fidèles
U03103,Standard,9,9,2075.75,5,3,2,532,Clients fidèles
U06765,Budget,49,3,2076.19,4,1,2,412,Nouveaux
U00687,Budget,399,5,2076.3,1,2,2,122,Perdus
U11319,Standard,216,14,2076.81,3,4,2,342,Clients fidèles
U10301,Standard,329,7,2078.42,2,2,2,222,Perdus
U03050,Standard,251,7,2078.88,2,2,2,222,Perdus
U04111,Standard,38,9,2079.27,5,3,2,532,Clients fidèles
U05537,Standard,34,7,2079.37,5,2,2,522,Nouveaux
U07465,Budget,350,8,2079.75,2,3,2,232,À risque
U00052,Budget,259,5,2080.52,2,2,2,222,Perdus
U10423,Budget,310,10,2080.63,2,3,2,232,À risque
U04873,Standard,2,5,2081.11,5,2,2,522,Nouveaux
U06378,Premium,126,13,2081.71,4,4,2,442,Clients fidèles
U00851,Premium,498,8,2081.78,1,3,2,132,À risque
U02029,Budget,445,6,2082.29,1,2,2,122,Perdus
U08455,Standard,134,7,2082.53,3,2,2,322,Nouveaux
U00238,Standard,558,10,2082.76,1,3,2,132,À risque
U10238,Budget,188,5,2083.61,3,2,2,322,Nouveaux
U10162,Budget,124,7,2083.7,4,2,2,422,Nouveaux
U06886,Budget,117,4,2084.91,4,1,2,412,Nouveaux
U09532,Budget,72,7,2086.48,4,2,2,422,Nouveaux
U07174,Standard,216,8,2086.88,3,3,2,332,Clients fidèles
U09149,Standard,326,9,2087.81,2,3,2,232,À risque
U07989,Inconnu,5,6,2088.88,5,2,2,522,Nouveaux
U07869,Standard,338,5,2089.52,2,2,2,222,Perdus
U10483,Premium,7,9,2090.14,5,3,2,532,Clients fidèles
U07951,Premium,71,17,2090.23,4,4,2,442,Clients fidèles
U08025,Standard,287,8,2090.33,2,3,2,232,À risque
U00519,Standard,97,5,2090.41,4,2,2,422,Nouveaux
U02318,Standard,62,4,2091.66,4,1,2,412,Nouveaux
U01254,Budget,311,4,2093.05,2,1,2,212,Perdus
U08387,Standard,309,10,2093.37,2,3,2,232,À risque
U06955,Premium,214,14,2093.71,3,4,2,342,Clients fidèles
U10080,Standard,71,6,2094.44,4,2,2,422,Nouveaux
U08363,Budget,432,8,2095.68,1,3,2,132,À risque
U02207,Standard,64,15,2095.83,4,4,2,442,Clients fidèles
U06805,Budget,45,7,2096.35,5,2,2,522,Nouveaux
U09170,Premium,131,11,2096.36,3,3,2,332,Clients fidèles
U03331,Budget,158,7,2096.46,3,2,2,322,Nouveaux
U03521,Premium,2,6,2096.79,5,2,2,522,Nouveaux
U11650,Budget,333,10,2098.57,2,3,2,232,À risque
U10307,Standard,167,8,2100.88,3,3,2,332,Clients fidèles
U11828,Standard,131,8,2100.94,3,3,2,332,Clients fidèles
U10055,Premium,287,22,2101.22,2,5,2,252,À risque
U10463,Premium,283,19,2101.92,2,5,2,252,À risque
U06421,Premium,1,15,2102.96,5,4,2,542,Clients fidèles
U04782,Budget,37,6,2103.03,5,2,2,522,Nouveaux
U05208,Premium,551,12,2103.22,1,4,2,142,À risque
U10744,Premium,100,11,2103.83,4,3,2,432,Clients fidèles
U03763,Standard,127,17,2105.17,4,4,2,442,Clients fidèles
U09529,Standard,246,7,2106.77,3,2,2,322,Nouveaux
U04824,Premium,219,13,2106.95,3,4,2,342,Clients fidèles
U03675,Standard,588,14,2107.23,1,4,2,142,À risque
U03305,VIP,37,13,2107.3,5,4,2,542,Clients fidèles
U11958,Standard,94,17,2108.34,4,4,2,442,Clients fidèles
U10838,Standard,126,11,2109.21,4,3,2,432,Clients fidèles
U07105,Budget,124,8,2110.53,4,3,2,432,Clients fidèles
U03494,Budget,163,2,2110.59,3,1,2,312,Nouveaux
U03482,Premium,34,21,2110.82,5,5,2,552,Clients fidèles
U02020,Standard,158,12,2110.98,3,4,2,342,Clients fidèles
U02936,Budget,280,10,2111.14,2,3,2,232,À risque
U03461,Budget,321,5,2113.71,2,2,2,222,Perdus
U10547,Premium,281,12,2113.89,2,4,2,242,À risque
U03410,Budget,83,4,2116.1,4,1,2,412,Nouveaux
U03292,Budget,431,4,2116.61,1,1,2,112,Perdus
U05237,Standard,438,10,2117.66,1,3,2,132,À risque
U04021,Budget,217,7,2117.76,3,2,2,322,Nouveaux
U10549,Budget,489,6,2118.02,1,2,2,122,Perdus
U03008,Premium,276,21,2118.51,2,5,2,252,À risque
U11371,Standard,308,12,2119.53,2,4,2,242,À risque
U11443,Standard,43,5,2120.1,5,2,2,522,Nouveaux
U03947,Standard,587,4,2120.78,1,1,2,112,Perdus
U01259,Standard,277,8,2120.86,2,3,2,232,À risque
U02461,Standard,342,2,2121.37,2,1,2,212,Perdus
U01261,Standard,0,15,2121.51,5,4,2,542,Clients fidèles
U01550,Premium,432,21,2121.69,1,5,2,152,À risque
U05941,Standard,106,13,2122.14,4,4,2,442,Clients fidèles
U03890,Standard,118,14,2122.28,4,4,2,442,Clients fidèles
U06917,Budget,183,3,2123.25,3,1,2,312,Nouveaux
U01770,Premium,285,16,2124.52,2,4,2,242,À risque
U07618,Budget,22,8,2125.86,5,3,2,532,Clients fidèles
U02778,Budget,3,6,2126.19,5,2,2,522,Nouveaux
U03791,Budget,73,5,2126.62,4,2,2,422,Nouveaux
U06355,Budget,224,4,2126.98,3,1,2,312,Nouveaux
U07621,Standard,396,16,2128.18,1,4,2,142,À risque
U04661,Premium,1,6,2128.81,5,2,2,522,Nouveaux
U10530,Budget,63,5,2128.91,4,2,2,422,Nouveaux
U02241,Inconnu,282,7,2130.52,2,2,2,222,Perdus
U06625,Inconnu,467,4,2130.66,1,1,2,112,Perdus
U11950,Budget,413,3,2131.13,1,1,2,112,Perdus
U02765,Standard,0,10,2132.56,5,3,2,532,Clients fidèles
U06658,Standard,306,9,2132.96,2,3,2,232,À risque
U05662,Budget,0,12,2133.16,5,4,2,542,Clients fidèles
U07836,Budget,552,4,2133.17,1,2,2,122,Perdus
U09567,Budget,522,13,2133.75,1,4,2,142,À risque
U00616,Budget,128,8,2134.75,4,3,2,432,Clients fidèles
U06168,Standard,348,12,2134.95,2,4,2,242,À risque
U07236,Budget,217,9,2135.17,3,3,2,332,Clients fidèles
U03585,Budget,11,3,2135.33,5,1,2,512,Nouveaux
U09275,Standard,1,12,2135.47,5,4,2,542,Clients fidèles
U06480,Premium,158,15,2135.48,3,4,2,342,Clients fidèles
U04759,Budget,81,9,2135.74,4,3,2,432,Clients fidèles
U06539,Budget,100,4,2136.26,4,1,2,412,Nouveaux
U09322,Budget,10,8,2138.59,5,3,2,532,Clients fidèles
U11017,Budget,355,9,2138.64,2,3,2,232,À risque
U11925,Budget,173,7,2138.95,3,3,2,332,Clients fidèles
U07787,Budget,355,7,2139.44,2,2,2,222,Perdus
U01540,VIP,127,12,2139.76,4,4,2,442,Clients fidèles
U07078,Standard,400,10,2139.92,1,3,2,132,À risque
U05570,Budget,307,2,2140.21,2,1,2,212,Perdus
U09631,Budget,128,5,2140.64,4,2,2,422,Nouveaux
U01679,Premium,65,14,2141.19,4,4,2,442,Clients fidèles
U07120,Budget,49,3,2141.44,4,1,2,412,Nouveaux
U10106,Premium,9,20,2141.92,5,5,2,552,Clients fidèles
U04006,Budget,339,4,2141.95,2,1,2,212,Perdus
U08816,Standard,156,7,2142.22,3,2,2,322,Nouveaux
U11058,Standard,194,8,2143.25,3,3,2,332,Clients fidèles
U02951,Standard,563,12,2143.68,1,4,2,142,À risque
U05983,Budget,158,5,2143.82,3,2,2,322,Nouveaux
U94111,Inconnu,359,1,2143.92,2,1,2,212,Perdus
U08651,Standard,232,15,2143.95,3,4,2,342,Clients fidèles
U08414,Standard,181,15,2144.06,3,4,2,342,Clients fidèles
U08700,Standard,94,7,2144.23,4,2,2,422,Nouveaux
U07555,Standard,4,4,2144.71,5,2,2,522,Nouveaux
U10378,Budget,260,4,2145.2,2,2,2,222,Perdus
U02895,Premium,250,14,2145.31,2,4,2,242,À risque
U10971,Budget,240,5,2145.77,3,2,2,322,Nouveaux
U06633,Premium,94,9,2146.2,4,3,2,432,Clients fidèles
U01646,Budget,594,9,2146.93,1,3,2,132,À risque
U10707,Budget,59,10,2149.0,4,3,2,432,Clients fidèles
U00846,Standard,2,9,2150.16,5,3,2,532,Clients fidèles
U07591,Standard,101,16,2151.63,4,4,2,442,Clients fidèles
U04911,Standard,460,9,2151.73,1,3,2,132,À risque
U06779,Budget,36,7,2152.38,5,2,2,522,Nouveaux
U11220,Standard,410,6,2152.41,1,2,2,122,Perdus
U11718,Budget,205,5,2152.56,3,2,2,322,Nouveaux
U01221,Budget,318,7,2152.81,2,2,2,222,Perdus
U04008,Premium,2,7,2153.08,5,2,2,522,Nouveaux
U01951,Budget,373,5,2154.29,2,2,2,222,Perdus
U11235,Budget,118,6,2154.46,4,2,2,422,Nouveaux
U04516,Standard,191,7,2154.49,3,2,2,322,Nouveaux
U01133,Standard,307,12,2154.84,2,4,2,242,À risque
U05687,Budget,610,6,2154.87,1,2,3,123,Perdus
U07860,Standard,700,4,2155.46,1,2,3,123,Perdus
U98294,Inconnu,113,2,2155.54,4,1,3,413,Nouveaux
U09517,Budget,123,3,2155.63,4,1,3,413,Nouveaux
U06493,Budget,43,10,2157.29,5,3,3,533,Clients fidèles
U01398,Premium,433,5,2159.32,1,2,3,123,Perdus
U09810,Budget,120,10,2159.36,4,3,3,433,Clients fidèles
U07293,Budget,33,7,2159.92,5,2,3,523,Nouveaux
U06905,Standard,375,6,2160.1,2,2,3,223,Perdus
U11303,Standard,166,6,2160.53,3,2,3,323,Nouveaux
U01850,Budget,161,4,2161.18,3,1,3,313,Nouveaux
U11558,Budget,560,3,2161.41,1,1,3,113,Perdus
U03617,Standard,105,10,2161.51,4,3,3,433,Clients fidèles
U00765,Premium,73,5,2161.57,4,2,3,423,Nouveaux
U02430,Budget,119,4,2161.68,4,1,3,413,Nouveaux
U02538,Standard,37,8,2162.2,5,3,3,533,Clients fidèles
U02385,Budget,100,9,2162.25,4,3,3,433,Clients fidèles
U03555,Standard,437,13,2165.18,1,4,3,143,À risque
U10078,Budget,457,4,2166.4,1,2,3,123,Perdus
U02422,Budget,560,4,2167.76,1,1,3,113,Perdus
U02308,Budget,83,5,2169.81,4,2,3,423,Nouveaux
U06011,Standard,457,7,2169.82,1,2,3,123,Perdus
U10070,Premium,6,35,2170.32,5,5,3,553,Clients fidèles
U04368,Standard,345,10,2172.59,2,3,3,233,À risque
U00569,Budget,127,6,2173.43,4,2,3,423,Nouveaux
U03590,Budget,252,8,2174.94,2,3,3,233,À risque
U07429,Standard,127,10,2175.23,4,3,3,433,Clients fidèles
U03609,Budget,174,6,2175.24,3,2,3,323,Nouveaux
U01161,Standard,73,12,2175.58,4,4,3,443,Clients fidèles
U03642,Inconnu,100,19,2175.6,4,4,3,443,Clients fidèles
U09096,Budget,594,3,2175.75,1,1,3,113,Perdus
U08045,VIP,122,15,2175.94,4,4,3,443,Clients fidèles
U08987,Standard,489,8,2176.12,1,3,3,133,À risque
U08411,Standard,495,5,2177.48,1,2,3,123,Perdus
U91478,Inconnu,97,1,2178.65,4,1,3,413,Nouveaux
U05647,Premium,219,4,2179.89,3,1,3,313,Nouveaux
U02245,Premium,80,5,2180.93,4,2,3,423,Nouveaux
U11775,Budget,700,4,2181.04,1,2,3,123,Perdus
U02134,Premium,35,12,2181.74,5,4,3,543,Clients fidèles
U08572,Standard,701,5,2182.42,1,2,3,123,Perdus
U08711,Budget,195,7,2182.6,3,2,3,323,Nouveaux
U11585,Premium,36,12,2183.19,5,4,3,543,Clients fidèles
U00169,Budget,218,11,2183.2,3,3,3,333,Clients fidèles
U10871,Standard,4,10,2183.22,5,3,3,533,Clients fidèles
U11461,Premium,34,5,2184.42,5,2,3,523,Nouveaux
U00486,Premium,493,9,2184.51,1,3,3,133,À risque
U00396,Standard,580,6,2184.52,1,2,3,123,Perdus
U06670,Budget,64,8,2185.09,4,3,3,433,Clients fidèles
U04376,Budget,172,3,2185.11,3,1,3,313,Nouveaux
U03299,Standard,188,12,2185.92,3,4,3,343,Clients fidèles
U09634,Standard,35,11,2185.94,5,3,3,533,Clients fidèles
U03549,Standard,64,7,2187.89,4,2,3,423,Nouveaux
U06616,Standard,156,7,2189.03,3,2,3,323,Nouveaux
U04721,Budget,9,3,2189.51,5,1,3,513,Nouveaux
U09574,Budget,462,4,2189.67,1,2,3,123,Perdus
U09081,Premium,8,19,2191.07,5,5,3,553,Clients fidèles
U05149,Budget,132,5,2191.13,3,2,3,323,Nouveaux
U09301,Premium,123,11,2191.44,4,3,3,433,Clients fidèles
U02115,Premium,98,10,2192.07,4,3,3,433,Clients fidèles
U06180,Budget,3,6,2192.16,5,2,3,523,Nouveaux
U06135,Budget,427,6,2192.22,1,2,3,123,Perdus
U04610,Standard,350,5,2192.91,2,2,3,223,Perdus
U05961,Budget,245,1,2193.48,3,1,3,313,Nouveaux
U07921,Premium,369,13,2193.59,2,4,3,243,À risque
U07509,Standard,17,9,2195.59,5,3,3,533,Clients fidèles
U08021,Standard,279,7,2195.91,2,2,3,223,Perdus
U00154,Premium,316,15,2196.07,2,4,3,243,À risque
U11937,Budget,116,1,2196.16,4,1,3,413,Nouveaux
U06415,Standard,226,13,2197.67,3,4,3,343,Clients fidèles
U04743,Budget,12,5,2198.51,5,2,3,523,Nouveaux
U05933,Inconnu,26,4,2200.44,5,1,3,513,Nouveaux
U10794,Budget,46,3,2201.36,5,1,3,513,Nouveaux
U00135,Budget,17,6,2202.02,5,2,3,523,Nouveaux
U06496,Standard,587,6,2202.07,1,2,3,123,Perdus
U04780,Standard,100,13,2203.01,4,4,3,443,Clients fidèles
U05777,Budget,53,7,2203.46,4,2,3,423,Nouveaux
U05447,Premium,556,14,2203.64,1,4,3,143,À risque
U02140,Standard,155,7,2204.76,3,2,3,323,Nouveaux
U02518,Premium,163,21,2205.58,3,5,3,353,Clients fidèles
U04506,Budget,227,8,2207.15,3,3,3,333,Clients fidèles
U11783,Standard,33,10,2208.25,5,3,3,533,Clients fidèles
U10833,Standard,61,6,2208.29,4,2,3,423,Nouveaux
U06205,Budget,72,8,2208.87,4,3,3,433,Clients fidèles
U09797,Budget,290,8,2209.02,2,3,3,233,À risque
U03737,Premium,215,10,2210.19,3,3,3,333,Clients fidèles
U03713,Standard,38,12,2210.36,5,4,3,543,Clients fidèles
U01567,Budget,379,3,2212.47,2,1,3,213,Perdus
U04546,Standard,344,16,2213.12,2,4,3,243,À risque
U10949,Budget,371,7,2214.58,2,3,3,233,À risque
U02795,Standard,357,8,2215.68,2,3,3,233,À risque
U00016,Premium,338,7,2216.37,2,2,3,223,Perdus
U11246,Premium,33,9,2216.88,5,3,3,533,Clients fidèles
U02060,Budget,116,9,2217.4,4,3,3,433,Clients fidèles
U06549,Budget,2,10,2218.13,5,3,3,533,Clients fidèles
U01243,Premium,56,13,2218.17,4,4,3,443,Clients fidèles
U10339,Budget,185,13,2219.19,3,4,3,343,Clients fidèles
U10555,Budget,195,6,2220.7,3,2,3,323,Nouveaux
U01245,Budget,232,11,2220.8,3,3,3,333,Clients fidèles
U02957,Standard,23,4,2222.42,5,1,3,513,Nouveaux
U00957,Budget,3,7,2222.6,5,2,3,523,Nouveaux
U08627,Standard,9,12,2222.84,5,4,3,543,Clients fidèles
U01838,Premium,365,19,2223.29,2,4,3,243,À risque
U04187,Standard,73,7,2223.44,4,2,3,423,Nouveaux
U09556,Standard,310,7,2223.53,2,2,3,223,Perdus
U07000,Standard,126,14,2224.02,4,4,3,443,Clients fidèles
U07622,Standard,34,5,2224.77,5,2,3,523,Nouveaux
U08247,Budget,31,8,2225.57,5,3,3,533,Clients fidèles
U02324,Budget,81,3,2225.79,4,1,3,413,Nouveaux
U02798,Premium,5,3,2226.37,5,1,3,513,Nouveaux
U01095,Standard,341,7,2226.89,2,2,3,223,Perdus
U09284,Standard,343,8,2226.92,2,3,3,233,À risque
U04942,Premium,2,14,2228.96,5,4,3,543,Clients fidèles
U07975,Premium,365,11,2229.25,2,3,3,233,À risque
U09281,Standard,339,6,2231.08,2,2,3,223,Perdus
U01864,Budget,67,11,2231.13,4,3,3,433,Clients fidèles
U10986,Premium,189,15,2231.45,3,4,3,343,Clients fidèles
U03822,Standard,349,8,2232.55,2,3,3,233,À risque
U01814,Premium,0,12,2232.93,5,4,3,543,Clients fidèles
U01888,Standard,284,5,2232.94,2,2,3,223,Perdus
U06652,Standard,308,13,2233.26,2,4,3,243,À risque
U02409,Inconnu,431,3,2234.32,1,1,3,113,Perdus
U10187,Standard,65,6,2234.91,4,2,3,423,Nouveaux
U07153,Budget,14,3,2235.3,5,1,3,513,Nouveaux
U05418,Budget,420,5,2235.31,1,2,3,123,Perdus
U06556,Budget,16,6,2237.49,5,2,3,523,Nouveaux
U10065,Standard,438,10,2238.71,1,3,3,133,À risque
U10519,Standard,462,13,2238.88,1,4,3,143,À risque
U10805,Budget,124,7,2239.06,4,3,3,433,Clients fidèles
U05759,Standard,32,18,2239.59,5,4,3,543,Clients fidèles
U02609,Budget,122,6,2240.06,4,2,3,423,Nouveaux
U00642,Premium,133,8,2241.78,3,3,3,333,Clients fidèles
U06738,Standard,92,5,2242.35,4,2,3,423,Nouveaux
U03588,Standard,251,10,2242.52,2,3,3,233,À risque
U11760,Budget,232,2,2243.65,3,1,3,313,Nouveaux
U07019,Premium,122,11,2244.16,4,3,3,433,Clients fidèles
U01391,Standard,368,15,2244.44,2,4,3,243,À risque
U04144,Standard,218,10,2247.1,3,3,3,333,Clients fidèles
U05154,Premium,2,13,2247.64,5,4,3,543,Clients fidèles
U09968,Standard,136,8,2248.46,3,3,3,333,Clients fidèles
U03820,Standard,617,2,2249.68,1,1,3,113,Perdus
U09985,Standard,63,13,2249.76,4,4,3,443,Clients fidèles
U04281,Standard,33,11,2250.87,5,3,3,533,Clients fidèles
U07994,Standard,231,14,2251.65,3,4,3,343,Clients fidèles
U02855,Budget,167,4,2251.87,3,1,3,313,Nouveaux
U05550,Budget,60,4,2253.25,4,1,3,413,Nouveaux
U01447,Standard,33,5,2254.48,5,2,3,523,Nouveaux
U04005,Standard,95,4,2254.81,4,1,3,413,Nouveaux
U00219,Budget,156,8,2255.24,3,3,3,333,Clients fidèles
U11334,Budget,230,8,2256.1,3,3,3,333,Clients fidèles
U02879,Inconnu,196,11,2257.42,3,3,3,333,Clients fidèles
U08746,Budget,189,6,2257.45,3,2,3,323,Nouveaux
U11869,Budget,125,6,2257.67,4,2,3,423,Nouveaux
U09789,Premium,95,14,2257.89,4,4,3,443,Clients fidèles
U01346,Standard,563,8,2258.84,1,3,3,133,À risque
U03841,Standard,310,9,2259.62,2,3,3,233,À risque
U11639,Standard,97,12,2260.2,4,4,3,443,Clients fidèles
U05830,Inconnu,364,10,2261.01,2,3,3,233,À risque
U03270,Budget,488,7,2261.11,1,2,3,123,Perdus
U11392,Standard,162,16,2261.33,3,4,3,343,Clients fidèles
U03816,VIP,3,13,2261.35,5,4,3,543,Clients fidèles
U01353,Budget,294,5,2261.78,2,2,3,223,Perdus
U01017,Standard,4,11,2262.03,5,3,3,533,Clients fidèles
U06407,Standard,430,5,2262.79,1,2,3,123,Perdus
U08117,Premium,46,16,2264.14,5,4,3,543,Clients fidèles
U05860,Standard,33,14,2265.53,5,4,3,543,Clients fidèles
U07225,Premium,400,13,2266.32,1,4,3,143,À risque
U09110,Standard,91,1,2266.67,4,1,3,413,Nouveaux
U97775,Inconnu,328,1,2266.72,2,1,3,213,Perdus
U07075,Budget,250,6,2267.91,2,2,3,223,Perdus
U07631,Standard,29,7,2268.42,5,2,3,523,Nouveaux
U10310,Standard,112,11,2268.96,4,3,3,433,Clients fidèles
U08475,Budget,371,7,2270.38,2,2,3,223,Perdus
U05575,Standard,296,4,2270.78,2,1,3,213,Perdus
U90889,Inconnu,328,1,2271.46,2,1,3,213,Perdus
U02228,Budget,496,4,2271.58,1,1,3,113,Perdus
U04984,Budget,37,5,2271.64,5,2,3,523,Nouveaux
U06239,Standard,69,15,2271.85,4,4,3,443,Clients fidèles
U10487,Budget,538,4,2271.86,1,2,3,123,Perdus
U01576,Standard,134,13,2273.02,3,4,3,343,Clients fidèles
U04348,Budget,278,8,2274.58,2,3,3,233,À risque
U09584,Budget,374,9,2275.94,2,3,3,233,À risque
U10260,Budget,193,7,2276.01,3,2,3,323,Nouveaux
U06541,Standard,223,5,2278.18,3,2,3,323,Nouveaux
U10531,Standard,168,6,2278.44,3,2,3,323,Nouveaux
U06981,Premium,154,7,2278.46,3,2,3,323,Nouveaux
U00186,Premium,196,15,2278.64,3,4,3,343,Clients fidèles
U03153,Standard,190,12,2279.23,3,4,3,343,Clients fidèles
U07189,Budget,296,6,2279.78,2,2,3,223,Perdus
U04432,Standard,439,5,2281.23,1,2,3,123,Perdus
U91468,Inconnu,660,1,2282.43,1,1,3,113,Perdus
U10269,Standard,338,13,2283.69,2,4,3,243,À risque
U08610,Premium,370,9,2283.82,2,3,3,233,À risque
U08042,Standard,95,9,2283.94,4,3,3,433,Clients fidèles
U10109,Budget,65,3,2284.61,4,1,3,413,Nouveaux
U09533,Standard,415,10,2284.64,1,3,3,133,À risque
U01125,Standard,307,9,2286.22,2,3,3,233,À risque
U08791,Premium,11,13,2286.23,5,4,3,543,Clients fidèles
U04796,Standard,437,5,2286.9,1,2,3,123,Perdus
U05082,Budget,384,5,2287.72,1,2,3,123,Perdus
U07057,Standard,341,4,2288.11,2,1,3,213,Perdus
U02793,Premium,126,18,2292.51,4,4,3,443,Clients fidèles
U04547,Standard,399,10,2292.63,1,3,3,133,À risque
U02939,Budget,72,4,2293.27,4,1,3,413,Nouveaux
U08576,Standard,223,7,2293.66,3,2,3,323,Nouveaux
U07856,Standard,62,11,2294.81,4,3,3,433,Clients fidèles
U10142,Standard,104,7,2294.86,4,2,3,423,Nouveaux
U07508,Premium,3,8,2295.54,5,3,3,533,Clients fidèles
U00308,Budget,77,12,2295.56,4,4,3,443,Clients fidèles
U09109,Standard,43,5,2295.68,5,2,3,523,Nouveaux
U06837,Standard,336,11,2296.31,2,3,3,233,À risque
U10621,Budget,78,5,2296.48,4,2,3,423,Nouveaux
U06988,Budget,247,5,2297.31,2,2,3,223,Perdus
U09989,Standard,5,10,2297.37,5,3,3,533,Clients fidèles
U11472,Standard,67,10,2298.44,4,3,3,433,Clients fidèles
U01499,Premium,313,23,2298.51,2,5,3,253,À risque
U09737,Standard,2,6,2298.97,5,2,3,523,Nouveaux
U00967,Standard,33,8,2299.5,5,3,3,533,Clients fidèles
U04441,Budget,13,5,2299.59,5,2,3,523,Nouveaux
U06194,Premium,275,11,2299.74,2,3,3,233,À risque
U05050,Standard,9,4,2299.88,5,1,3,513,Nouveaux
U07872,Standard,22,7,2301.07,5,2,3,523,Nouveaux
U07963,Budget,123,10,2301.49,4,3,3,433,Clients fidèles
U07737,Standard,580,4,2304.24,1,2,3,123,Perdus
U00071,Budget,433,5,2304.69,1,2,3,123,Perdus
U11818,Standard,462,5,2305.04,1,2,3,123,Perdus
U08649,Standard,490,6,2305.22,1,2,3,123,Perdus
U09787,Premium,122,4,2305.45,4,2,3,423,Nouveaux
U01396,Budget,336,8,2305.84,2,3,3,233,À risque
U10816,Standard,153,4,2306.13,3,2,3,323,Nouveaux
U10190,Budget,344,6,2307.63,2,2,3,223,Perdus
U07427,Standard,429,6,2307.92,1,2,3,123,Perdus
U09980,Budget,63,8,2308.44,4,3,3,433,Clients fidèles
U05357,Budget,499,4,2308.66,1,1,3,113,Perdus
U00538,Premium,31,8,2309.56,5,3,3,533,Clients fidèles
U08840,Budget,433,2,2309.77,1,1,3,113,Perdus
U06835,Standard,559,4,2309.79,1,1,3,113,Perdus
U11936,Standard,458,12,2309.8,1,4,3,143,À risque
U04109,Premium,173,3,2311.42,3,1,3,313,Nouveaux
U10123,Premium,310,15,2311.93,2,4,3,243,À risque
U05859,Budget,425,15,2312.01,1,4,3,143,À risque
U03662,Budget,245,10,2312.12,3,3,3,333,Clients fidèles
U09113,Standard,563,5,2313.42,1,2,3,123,Perdus
U05533,Standard,279,9,2313.52,2,3,3,233,À risque
U05347,Premium,312,10,2313.66,2,3,3,233,À risque
U10666,Standard,253,10,2314.59,2,3,3,233,À risque
U04308,Standard,315,10,2314.96,2,3,3,233,À risque
U07873,Premium,5,9,2315.09,5,3,3,533,Clients fidèles
U06534,VIP,37,20,2315.6,5,5,3,553,Clients fidèles
U02085,Standard,165,16,2315.77,3,4,3,343,Clients fidèles
U02989,Standard,93,6,2316.32,4,2,3,423,Nouveaux
U06724,Budget,155,3,2316.71,3,1,3,313,Nouveaux
U11805,Standard,365,6,2317.09,2,2,3,223,Perdus
U01721,Standard,3,11,2318.27,5,3,3,533,Clients fidèles
U05616,Premium,563,11,2319.05,1,3,3,133,À risque
U10567,Budget,210,4,2319.16,3,2,3,323,Nouveaux
U00706,Standard,38,6,2319.22,5,2,3,523,Nouveaux
U10873,Standard,136,4,2320.65,3,2,3,323,Nouveaux
U04181,Premium,313,18,2321.15,2,4,3,243,À risque
U00882,Standard,0,11,2321.63,5,3,3,533,Clients fidèles
U02455,Standard,125,12,2322.36,4,4,3,443,Clients fidèles
U09715,Standard,433,5,2322.57,1,2,3,123,Perdus
U07495,Budget,135,8,2324.56,3,3,3,333,Clients fidèles
U05802,Budget,266,5,2326.46,2,2,3,223,Perdus
U04758,Premium,61,14,2327.76,4,4,3,443,Clients fidèles
U02878,Standard,234,9,2328.83,3,3,3,333,Clients fidèles
U01878,Standard,376,7,2329.2,2,2,3,223,Perdus
U02332,Standard,462,6,2329.71,1,2,3,123,Perdus
U05181,VIP,558,21,2330.96,1,5,3,153,À risque
U10524,Standard,320,10,2330.99,2,3,3,233,À risque
U09524,Premium,184,4,2331.09,3,2,3,323,Nouveaux
U05141,Inconnu,2,6,2332.0,5,2,3,523,Nouveaux
U00104,Budget,99,8,2332.08,4,3,3,433,Clients fidèles
U10075,Standard,432,8,2332.72,1,3,3,133,À risque
U09597,Premium,325,7,2333.86,2,2,3,223,Perdus
U09068,Standard,48,8,2334.92,4,3,3,433,Clients fidèles
U11772,Premium,399,7,2336.43,1,3,3,133,À risque
U06746,Budget,681,4,2337.66,1,1,3,113,Perdus
U11088,Budget,95,4,2337.69,4,2,3,423,Nouveaux
U04036,Budget,375,12,2341.59,2,4,3,243,À risque
U10850,Premium,247,11,2342.25,2,3,3,233,À risque
U03446,Standard,447,8,2343.49,1,3,3,133,À risque
U03512,Budget,35,7,2348.96,5,2,3,523,Nouveaux
U10622,Budget,349,6,2349.75,2,2,3,223,Perdus
U00813,Standard,369,6,2351.08,2,2,3,223,Perdus
U00227,Budget,225,5,2351.24,3,2,3,323,Nouveaux
U08765,Standard,2,9,2352.07,5,3,3,533,Clients fidèles
U06692,Budget,275,14,2352.93,2,4,3,243,À risque
U02791,Standard,13,8,2353.43,5,3,3,533,Clients fidèles
U02166,Standard,128,11,2353.72,4,3,3,433,Clients fidèles
U01121,Budget,287,12,2354.96,2,4,3,243,À risque
U00266,Standard,251,5,2355.78,2,2,3,223,Perdus
U05599,Premium,428,21,2355.85,1,5,3,153,À risque
U10658,Budget,28,3,2356.22,5,1,3,513,Nouveaux
U00542,Budget,63,6,2356.68,4,2,3,423,Nouveaux
U02825,Budget,208,9,2357.18,3,3,3,333,Clients fidèles
U06255,Standard,160,14,2359.52,3,4,3,343,Clients fidèles
U01780,Standard,20,11,2361.06,5,3,3,533,Clients fidèles
U00545,Premium,33,20,2361.21,5,5,3,553,Clients fidèles
U10630,Standard,492,9,2361.81,1,3,3,133,À risque
U08472,Budget,11,6,2363.09,5,2,3,523,Nouveaux
U10219,Budget,65,6,2363.35,4,2,3,423,Nouveaux
U01154,Premium,92,15,2364.25,4,4,3,443,Clients fidèles
U05507,Standard,35,7,2366.17,5,2,3,523,Nouveaux
U04653,Budget,425,12,2366.67,1,4,3,143,À risque
U01832,VIP,33,7,2367.1,5,2,3,523,Nouveaux
U00634,Standard,50,8,2367.64,4,3,3,433,Clients fidèles
U08097,Standard,334,10,2367.64,2,3,3,233,À risque
U04513,Premium,95,7,2368.15,4,2,3,423,Nouveaux
U04863,Premium,461,14,2368.58,1,4,3,143,À risque
U05590,Budget,2,3,2368.61,5,1,3,513,Nouveaux
U05727,Budget,220,8,2369.05,3,3,3,333,Clients fidèles
U10313,Standard,335,11,2369.05,2,3,3,233,À risque
U04543,Standard,112,10,2369.53,4,3,3,433,Clients fidèles
U09050,Premium,490,12,2371.36,1,4,3,143,À risque
U11691,Standard,98,5,2371.59,4,2,3,423,Nouveaux
U06219,Standard,253,8,2371.87,2,3,3,233,À risque
U07678,Standard,384,9,2372.55,1,3,3,133,À risque
U07990,Budget,174,10,2372.69,3,3,3,333,Clients fidèles
U05698,Premium,3,22,2373.61,5,5,3,553,Clients fidèles
U07498,Standard,128,9,2374.2,4,3,3,433,Clients fidèles
U05523,Standard,218,11,2374.51,3,3,3,333,Clients fidèles
U04711,Premium,518,14,2374.92,1,4,3,143,À risque
U11935,Premium,217,9,2375.46,3,3,3,333,Clients fidèles
U04828,Premium,49,18,2376.47,4,4,3,443,Clients fidèles
U06091,Standard,199,9,2377.08,3,3,3,333,Clients fidèles
U11964,Standard,70,14,2378.46,4,4,3,443,Clients fidèles
U00918,Budget,227,3,2378.65,3,1,3,313,Nouveaux
U05966,Budget,158,10,2379.13,3,3,3,333,Clients fidèles
U07481,Budget,547,6,2379.94,1,2,3,123,Perdus
U10580,Standard,370,11,2380.04,2,3,3,233,À risque
U07697,Standard,93,6,2380.3,4,2,3,423,Nouveaux
U11488,Standard,431,8,2380.49,1,3,3,133,À risque
U02372,Budget,624,2,2380.82,1,1,3,113,Perdus
U06275,Budget,285,10,2381.12,2,3,3,233,À risque
U07082,Standard,525,3,2381.91,1,1,3,113,Perdus
U08174,Standard,215,14,2382.89,3,4,3,343,Clients fidèles
U07167,Budget,36,4,2383.12,5,1,3,513,Nouveaux
U10779,Budget,74,14,2383.31,4,4,3,443,Clients fidèles
U08537,Standard,33,12,2384.05,5,4,3,543,Clients fidèles
U06402,Standard,365,5,2384.23,2,2,3,223,Perdus
U00725,Standard,384,4,2384.37,1,1,3,113,Perdus
U11729,Standard,19,15,2384.71,5,4,3,543,Clients fidèles
U05315,Premium,4,16,2385.47,5,4,3,543,Clients fidèles
U00832,Premium,489,19,2389.24,1,4,3,143,À risque
U08476,Premium,6,17,2389.68,5,4,3,543,Clients fidèles
U01437,Premium,372,11,2392.39,2,3,3,233,À risque
U05255,Premium,554,11,2393.46,1,3,3,133,À risque
U09729,Standard,217,17,2395.32,3,4,3,343,Clients fidèles
U04038,Standard,536,7,2395.62,1,2,3,123,Perdus
U06912,Standard,10,18,2396.96,5,4,3,543,Clients fidèles
U10486,Standard,106,6,2397.03,4,2,3,423,Nouveaux
U06068,Premium,122,19,2397.8,4,5,3,453,Clients fidèles
U11288,Budget,515,6,2399.4,1,2,3,123,Perdus
U01862,Budget,46,4,2400.45,5,1,3,513,Nouveaux
U09649,Premium,187,13,2400.79,3,4,3,343,Clients fidèles
U99135,Inconnu,651,1,2401.51,1,1,3,113,Perdus
U06329,Standard,65,7,2402.57,4,2,3,423,Nouveaux
U06133,Premium,124,17,2402.61,4,4,3,443,Clients fidèles
U07328,Budget,196,4,2402.88,3,2,3,323,Nouveaux
U01585,Standard,17,12,2403.85,5,4,3,543,Clients fidèles
U01248,Budget,463,7,2404.77,1,2,3,123,Perdus
U00864,Budget,164,10,2405.59,3,3,3,333,Clients fidèles
U05351,Standard,69,5,2407.06,4,2,3,423,Nouveaux
U08294,Premium,396,9,2407.18,1,3,3,133,À risque
U00521,Standard,223,5,2407.86,3,2,3,323,Nouveaux
U06973,Inconnu,444,14,2410.16,1,4,3,143,À risque
U08324,Budget,217,3,2410.37,3,1,3,313,Nouveaux
U11445,Standard,235,9,2411.43,3,3,3,333,Clients fidèles
U00896,VIP,153,15,2411.67,3,4,3,343,Clients fidèles
U04265,Budget,67,10,2411.72,4,3,3,433,Clients fidèles
U05403,Budget,244,11,2411.83,3,3,3,333,Clients fidèles
U05711,Premium,367,30,2412.15,2,5,3,253,À risque
U05987,Budget,321,9,2412.24,2,3,3,233,À risque
U06624,Standard,116,9,2413.14,4,3,3,433,Clients fidèles
U10800,Budget,88,7,2413.53,4,3,3,433,Clients fidèles
U04848,Standard,99,10,2415.23,4,3,3,433,Clients fidèles
U01525,Premium,336,16,2415.96,2,4,3,243,À risque
U06088,Standard,396,15,2416.39,1,4,3,143,À risque
U06636,Budget,610,6,2416.83,1,2,3,123,Perdus
U01682,Standard,124,5,2416.96,4,2,3,423,Nouveaux
U11845,Standard,199,12,2416.98,3,4,3,343,Clients fidèles
U03727,Budget,186,12,2417.1,3,4,3,343,Clients fidèles
U03377,Standard,527,5,2417.12,1,2,3,123,Perdus
U09910,Standard,37,13,2417.63,5,4,3,543,Clients fidèles
U03885,Standard,518,8,2418.16,1,3,3,133,À risque
U04222,Budget,44,6,2419.32,5,2,3,523,Nouveaux
U05187,Standard,95,5,2421.56,4,2,3,423,Nouveaux
U09751,Premium,37,10,2421.99,5,3,3,533,Clients fidèles
U03492,Standard,40,10,2422.16,5,3,3,533,Clients fidèles
U00847,Budget,391,10,2422.52,1,3,3,133,À risque
U09374,Premium,398,16,2422.99,1,4,3,143,À risque
U10764,Budget,0,7,2423.05,5,3,3,533,Clients fidèles
U04748,Standard,232,5,2423.61,3,2,3,323,Nouveaux
U05299,Standard,467,5,2423.86,1,2,3,123,Perdus
U07289,Standard,579,4,2424.48,1,1,3,113,Perdus
U00931,Budget,701,2,2425.84,1,1,3,113,Perdus
U06208,Premium,129,24,2426.75,3,5,3,353,Clients fidèles
U04612,Standard,154,8,2426.94,3,3,3,333,Clients fidèles
U10830,Premium,160,4,2428.78,3,2,3,323,Nouveaux
U08744,Standard,10,5,2429.28,5,2,3,523,Nouveaux
U00065,Standard,307,13,2429.3,2,4,3,243,À risque
U06470,Budget,64,8,2429.85,4,3,3,433,Clients fidèles
U02891,Budget,97,13,2430.06,4,4,3,443,Clients fidèles
U01069,Standard,166,15,2430.23,3,4,3,343,Clients fidèles
U05301,Premium,64,5,2430.3,4,2,3,423,Nouveaux
U02509,Standard,74,9,2430.8,4,3,3,433,Clients fidèles
U10237,Standard,158,9,2430.91,3,3,3,333,Clients fidèles
U05938,Budget,16,1,2432.72,5,1,3,513,Nouveaux
U02836,Premium,64,20,2433.1,4,5,3,453,Clients fidèles
U06225,Standard,268,5,2433.62,2,2,3,223,Perdus
U09562,Standard,40,5,2434.25,5,2,3,523,Nouveaux
U04594,Budget,595,5,2434.44,1,2,3,123,Perdus
U01689,Budget,36,9,2435.12,5,3,3,533,Clients fidèles
U04087,Budget,200,3,2436.64,3,1,3,313,Nouveaux
U00136,Standard,586,4,2437.13,1,1,3,113,Perdus
U01156,Budget,219,5,2439.71,3,2,3,323,Nouveaux
U08080,Standard,64,15,2439.73,4,4,3,443,Clients fidèles
U00405,Standard,548,1,2439.9,1,1,3,113,Perdus
U10043,Standard,68,7,2440.8,4,2,3,423,Nouveaux
U09790,Budget,217,8,2440.91,3,3,3,333,Clients fidèles
U01534,Budget,397,9,2441.55,1,3,3,133,À risque
U10723,Standard,154,9,2441.68,3,3,3,333,Clients fidèles
U04457,Premium,175,8,2442.7,3,3,3,333,Clients fidèles
U07685,Inconnu,342,9,2445.46,2,3,3,233,À risque
U03766,Standard,235,9,2447.33,3,3,3,333,Clients fidèles
U10125,Standard,61,6,2447.53,4,2,3,423,Nouveaux
U04581,Budget,1,9,2448.01,5,3,3,533,Clients fidèles
U01151,Standard,259,8,2448.27,2,3,3,233,À risque
U05653,Budget,52,10,2448.75,4,3,3,433,Clients fidèles
U04311,Premium,247,19,2449.37,2,4,3,243,À risque
U03615,Standard,320,6,2449.69,2,2,3,223,Perdus
U06889,Standard,93,11,2450.19,4,3,3,433,Clients fidèles
U03350,Standard,158,13,2451.18,3,4,3,343,Clients fidèles
U07583,Standard,249,11,2452.36,2,3,3,233,À risque
U06833,Standard,228,6,2453.07,3,2,3,323,Nouveaux
U10110,Standard,63,5,2453.48,4,2,3,423,Nouveaux
U04180,VIP,92,24,2453.51,4,5,3,453,Clients fidèles
U04220,Budget,272,5,2453.71,2,2,3,223,Perdus
U10869,Standard,253,9,2453.93,2,3,3,233,À risque
U01304,Standard,187,10,2454.56,3,3,3,333,Clients fidèles
U09874,Standard,214,14,2456.19,3,4,3,343,Clients fidèles
U01366,Premium,6,14,2456.85,5,4,3,543,Clients fidèles
U11098,Premium,12,8,2457.06,5,3,3,533,Clients fidèles
U07827,Standard,228,17,2457.63,3,4,3,343,Clients fidèles
U07367,Premium,31,12,2457.64,5,4,3,543,Clients fidèles
U00892,Budget,490,8,2457.65,1,3,3,133,À risque
U00563,Standard,123,7,2457.92,4,2,3,423,Nouveaux
U06853,Premium,123,13,2458.39,4,4,3,443,Clients fidèles
U01572,Standard,124,15,2458.63,4,4,3,443,Clients fidèles
U02291,Standard,308,9,2459.36,2,3,3,233,À risque
U03722,Budget,29,10,2460.36,5,3,3,533,Clients fidèles
U06414,Premium,139,21,2461.66,3,5,3,353,Clients fidèles
U11215,Budget,100,5,2462.22,4,2,3,423,Nouveaux
U06483,Standard,64,6,2464.66,4,2,3,423,Nouveaux
U03313,VIP,246,12,2465.19,2,4,3,243,À risque
U02580,Budget,530,3,2465.4,1,1,3,113,Perdus
U09557,Standard,218,7,2466.65,3,2,3,323,Nouveaux
U11931,Standard,342,14,2467.66,2,4,3,243,À risque
U01302,Standard,122,10,2467.9,4,3,3,433,Clients fidèles
U05222,Budget,367,14,2468.78,2,4,3,243,À risque
U09607,Standard,4,3,2470.15,5,1,3,513,Nouveaux
U05659,Budget,275,8,2470.46,2,3,3,233,À risque
U01093,Standard,351,6,2470.53,2,2,3,223,Perdus
U00750,Standard,131,11,2470.76,3,3,3,333,Clients fidèles
U08229,Budget,698,6,2471.06,1,2,3,123,Perdus
U07766,Budget,462,11,2472.17,1,3,3,133,À risque
U06515,Premium,214,12,2472.51,3,4,3,343,Clients fidèles
U08513,Standard,313,4,2472.79,2,2,3,223,Perdus
U10094,Budget,294,6,2474.45,2,2,3,223,Perdus
U09853,Premium,247,11,2475.83,2,3,3,233,À risque
U05816,Premium,214,9,2476.05,3,3,3,333,Clients fidèles
U07425,Premium,514,5,2476.76,1,2,3,123,Perdus
U11823,Budget,374,8,2477.05,2,3,3,233,À risque
U02558,Budget,307,13,2479.82,2,4,3,243,À risque
U02952,Budget,1,10,2480.34,5,3,3,533,Clients fidèles
U11052,Premium,96,10,2481.17,4,3,3,433,Clients fidèles
U07266,Budget,39,10,2481.22,5,3,3,533,Clients fidèles
U06388,Standard,348,9,2481.39,2,3,3,233,À risque
U09025,Budget,250,4,2481.65,2,2,3,223,Perdus
U04328,Standard,583,1,2485.6,1,1,3,113,Perdus
U05873,Premium,220,18,2486.72,3,4,3,343,Clients fidèles
U06067,Budget,414,8,2487.23,1,3,3,133,À risque
U05465,Budget,95,10,2489.12,4,3,3,433,Clients fidèles
U08302,Premium,185,19,2489.62,3,5,3,353,Clients fidèles
U09148,Standard,34,5,2490.45,5,2,3,523,Nouveaux
U03155,Standard,194,4,2494.64,3,1,3,313,Nouveaux
U05514,Standard,3,4,2495.99,5,1,3,513,Nouveaux
U05914,Standard,215,11,2496.24,3,3,3,333,Clients fidèles
U09106,VIP,0,15,2496.25,5,4,3,543,Clients fidèles
U04688,Budget,32,2,2496.75,5,1,3,513,Nouveaux
U07604,Standard,39,4,2497.94,5,2,3,523,Nouveaux
U11976,Premium,401,14,2498.04,1,4,3,143,À risque
U03181,Premium,279,21,2498.11,2,5,3,253,À risque
U11666,Standard,160,12,2498.68,3,4,3,343,Clients fidèles
U02650,Budget,123,4,2498.73,4,1,3,413,Nouveaux
U10373,Standard,101,5,2500.01,4,2,3,423,Nouveaux
U07146,VIP,5,8,2500.3,5,3,3,533,Clients fidèles
U00724,Budget,192,7,2501.38,3,2,3,323,Nouveaux
U10797,Premium,62,11,2503.54,4,3,3,433,Clients fidèles
U11409,Budget,404,7,2503.85,1,3,3,133,À risque
U10672,Standard,224,7,2505.22,3,3,3,333,Clients fidèles
U02617,Standard,616,6,2505.35,1,2,3,123,Perdus
U09250,Premium,462,13,2507.53,1,4,3,143,À risque
U00094,Budget,32,8,2507.99,5,3,3,533,Clients fidèles
U06977,Standard,426,8,2508.23,1,3,3,133,À risque
U08155,Inconnu,184,12,2508.7,3,4,3,343,Clients fidèles
U00393,Inconnu,193,10,2510.5,3,3,3,333,Clients fidèles
U11236,Budget,7,8,2510.67,5,3,3,533,Clients fidèles
U07417,Standard,518,2,2511.63,1,1,3,113,Perdus
U08970,Standard,39,7,2513.68,5,2,3,523,Nouveaux
U00543,Standard,373,15,2513.92,2,4,3,243,À risque
U09387,Budget,87,9,2513.96,4,3,3,433,Clients fidèles
U02589,Standard,321,5,2514.84,2,2,3,223,Perdus
U10115,VIP,2,21,2515.2,5,5,3,553,Clients fidèles
U07267,Standard,65,8,2515.21,4,3,3,433,Clients fidèles
U07576,Standard,96,9,2516.15,4,3,3,433,Clients fidèles
U06231,Premium,220,11,2516.2,3,3,3,333,Clients fidèles
U07382,Standard,306,8,2516.47,2,3,3,233,À risque
U00459,Standard,316,10,2516.67,2,3,3,233,À risque
U00870,Budget,265,6,2517.86,2,2,3,223,Perdus
U11210,VIP,222,12,2518.46,3,4,3,343,Clients fidèles
U03428,Inconnu,191,6,2518.9,3,2,3,323,Nouveaux
U06721,Budget,9,2,2520.38,5,1,3,513,Nouveaux
U07447,Budget,273,4,2521.99,2,2,3,223,Perdus
U02321,Standard,120,5,2523.11,4,2,3,423,Nouveaux
U04771,Standard,92,9,2523.46,4,3,3,433,Clients fidèles
U05398,Standard,153,7,2523.76,3,2,3,323,Nouveaux
U06726,Standard,397,12,2524.08,1,4,3,143,À risque
U10726,Premium,377,11,2524.32,2,3,3,233,À risque
U10875,Standard,332,8,2525.77,2,3,3,233,À risque
U06036,Premium,65,17,2525.83,4,4,3,443,Clients fidèles
U11091,Budget,70,3,2526.06,4,1,3,413,Nouveaux
U08514,Standard,61,6,2526.24,4,2,3,423,Nouveaux
U11393,Standard,42,4,2526.55,5,2,3,523,Nouveaux
U07611,Inconnu,115,8,2527.25,4,3,3,433,Clients fidèles
U00340,Standard,282,8,2527.51,2,3,3,233,À risque
U00066,Budget,415,7,2527.52,1,2,3,123,Perdus
U05557,Standard,308,3,2527.99,2,1,3,213,Perdus
U02810,Budget,251,7,2529.04,2,2,3,223,Perdus
U05053,Standard,401,9,2529.57,1,3,3,133,À risque
U09870,Budget,63,15,2530.38,4,4,3,443,Clients fidèles
U07062,Budget,391,8,2531.64,1,3,3,133,À risque
U09263,Budget,481,5,2531.7,1,2,3,123,Perdus
U08106,Inconnu,135,6,2531.72,3,2,3,323,Nouveaux
U05172,Standard,102,8,2531.81,4,3,3,433,Clients fidèles
U06958,Inconnu,187,7,2531.87,3,2,3,323,Nouveaux
U00428,Inconnu,67,6,2532.09,4,2,3,423,Nouveaux
U01658,Budget,188,8,2532.25,3,3,3,333,Clients fidèles
U10532,Budget,12,10,2532.3,5,3,3,533,Clients fidèles
U11035,Standard,610,9,2532.56,1,3,3,133,À risque
U11744,Standard,67,7,2533.66,4,3,3,433,Clients fidèles
U11408,Budget,487,4,2533.97,1,2,3,123,Perdus
U02358,VIP,519,15,2534.08,1,4,3,143,À risque
U06198,Standard,403,10,2535.3,1,3,3,133,À risque
U03190,Premium,122,16,2536.5,4,4,3,443,Clients fidèles
U00677,Premium,82,5,2537.35,4,2,3,423,Nouveaux
U09486,Premium,347,9,2537.48,2,3,3,233,À risque
U00156,Standard,426,7,2538.58,1,2,3,123,Perdus
U07278,Standard,6,13,2538.78,5,4,3,543,Clients fidèles
U06952,Standard,67,13,2538.91,4,4,3,443,Clients fidèles
U09053,Budget,96,6,2539.1,4,2,3,423,Nouveaux
U11735,Standard,407,12,2540.07,1,4,3,143,À risque
U03098,Budget,207,2,2541.24,3,1,3,313,Nouveaux
U05975,Budget,129,7,2541.99,3,2,3,323,Nouveaux
U03421,Standard,44,2,2542.53,5,1,3,513,Nouveaux
U04976,Premium,487,18,2542.81,1,4,3,143,À risque
U03280,Standard,549,7,2542.89,1,2,3,123,Perdus
U10515,Standard,61,2,2543.6,4,1,3,413,Nouveaux
U06877,Inconnu,525,10,2543.63,1,3,3,133,À risque
U05737,Standard,275,17,2545.34,2,4,3,243,À risque
U10296,Budget,468,8,2545.89,1,3,3,133,À risque
U06919,Standard,89,12,2546.24,4,4,3,443,Clients fidèles
U06360,Budget,478,12,2546.46,1,4,3,143,À risque
U00660,Standard,216,13,2546.96,3,4,3,343,Clients fidèles
U11831,Budget,521,3,2549.3,1,1,3,113,Perdus
U06319,Standard,429,11,2549.52,1,3,3,133,À risque
U04428,Budget,242,8,2549.86,3,3,3,333,Clients fidèles
U05051,Standard,68,5,2550.57,4,2,3,423,Nouveaux
U02759,Budget,245,4,2550.58,3,1,3,313,Nouveaux
U07513,Standard,191,5,2550.9,3,2,3,323,Nouveaux
U06598,Premium,507,6,2551.38,1,2,3,123,Perdus
U11652,Standard,10,5,2551.99,5,2,3,523,Nouveaux
U11933,Standard,99,9,2552.97,4,3,3,433,Clients fidèles
U10879,Standard,404,5,2553.06,1,2,3,123,Perdus
U11524,Standard,32,9,2554.16,5,3,3,533,Clients fidèles
U11138,Premium,400,10,2555.17,1,3,3,133,À risque
U05934,Standard,57,6,2556.01,4,2,3,423,Nouveaux
U01747,Standard,375,9,2556.82,2,3,3,233,À risque
U04018,Standard,259,9,2557.73,2,3,3,233,À risque
U08535,Budget,153,4,2558.06,3,2,3,323,Nouveaux
U05101,Standard,139,14,2558.14,3,4,3,343,Clients fidèles
U03222,Budget,383,11,2558.64,2,3,3,233,À risque
U09130,Budget,12,7,2559.69,5,2,3,523,Nouveaux
U01184,Standard,489,6,2560.83,1,2,3,123,Perdus
U11280,Premium,188,13,2561.8,3,4,3,343,Clients fidèles
U04641,Premium,217,14,2562.16,3,4,3,343,Clients fidèles
U00476,Standard,338,13,2562.71,2,4,3,243,À risque
U11484,Standard,367,3,2563.03,2,1,3,213,Perdus
U01993,Standard,217,18,2566.21,3,4,3,343,Clients fidèles
U11007,Budget,81,7,2566.53,4,3,3,433,Clients fidèles
U10262,Budget,509,5,2566.91,1,2,3,123,Perdus
U02277,Budget,56,10,2567.61,4,3,3,433,Clients fidèles
U02498,Standard,403,8,2567.84,1,3,3,133,À risque
U01432,Premium,96,15,2568.62,4,4,3,443,Clients fidèles
U10535,Premium,135,12,2568.64,3,4,3,343,Clients fidèles
U00287,Budget,369,12,2569.63,2,4,3,243,À risque
U11618,Budget,253,6,2570.09,2,2,3,223,Perdus
U11466,Premium,378,7,2572.95,2,3,3,233,À risque
U04182,Standard,39,10,2576.57,5,3,3,533,Clients fidèles
U07795,Budget,682,2,2577.41,1,1,3,113,Perdus
U07967,Inconnu,3,15,2577.97,5,4,3,543,Clients fidèles
U10225,Budget,586,4,2578.25,1,2,3,123,Perdus
U06502,Premium,31,16,2578.38,5,4,3,543,Clients fidèles
U06251,Budget,592,5,2578.66,1,2,3,123,Perdus
U11144,Premium,317,6,2581.06,2,2,3,223,Perdus
U10615,Standard,7,10,2581.2,5,3,3,533,Clients fidèles
U00472,Standard,397,9,2581.32,1,3,3,133,À risque
U08571,Standard,184,16,2581.9,3,4,3,343,Clients fidèles
U11777,Budget,31,3,2582.16,5,1,3,513,Nouveaux
U03678,Premium,44,10,2582.44,5,3,3,533,Clients fidèles
U06980,Budget,421,9,2584.06,1,3,3,133,À risque
U04521,Standard,489,8,2584.75,1,3,3,133,À risque
U02220,Standard,128,16,2584.8,4,4,3,443,Clients fidèles
U08972,Budget,63,8,2585.2,4,3,3,433,Clients fidèles
U05512,Premium,3,22,2585.87,5,5,3,553,Clients fidèles
U04255,Standard,308,9,2589.18,2,3,3,233,À risque
U00084,Standard,134,4,2589.24,3,1,3,313,Nouveaux
U09693,Budget,31,3,2589.51,5,1,3,513,Nouveaux
U11939,Budget,187,12,2589.8,3,4,3,343,Clients fidèles
U06760,Budget,92,7,2590.11,4,2,3,423,Nouveaux
U03088,Budget,240,2,2590.32,3,1,3,313,Nouveaux
U10183,Standard,267,13,2590.55,2,4,3,243,À risque
U04943,Standard,38,12,2591.02,5,4,3,543,Clients fidèles
U01539,Budget,219,9,2591.65,3,3,3,333,Clients fidèles
U06158,Budget,418,5,2592.8,1,2,3,123,Perdus
U07712,Standard,5,5,2595.86,5,2,3,523,Nouveaux
U09701,Standard,63,10,2595.88,4,3,3,433,Clients fidèles
U06293,Standard,310,8,2596.38,2,3,3,233,À risque
U02890,Budget,408,4,2596.49,1,1,3,113,Perdus
U07480,Budget,165,7,2597.42,3,2,3,323,Nouveaux
U05132,Budget,276,11,2597.73,2,3,3,233,À risque
U00811,Standard,0,7,2598.2,5,2,3,523,Nouveaux
U08881,Standard,158,8,2598.96,3,3,3,333,Clients fidèles
U06053,Standard,36,8,2599.88,5,3,3,533,Clients fidèles
U03274,Premium,596,11,2600.09,1,3,3,133,À risque
U09065,Standard,216,11,2600.65,3,3,3,333,Clients fidèles
U00621,Standard,5,9,2600.95,5,3,3,533,Clients fidèles
U01378,Budget,74,5,2602.73,4,2,3,423,Nouveaux
U06894,Standard,37,6,2603.8,5,2,3,523,Nouveaux
U07177,Budget,31,8,2603.89,5,3,3,533,Clients fidèles
U04591,Standard,66,7,2604.68,4,2,3,423,Nouveaux
U07356,Budget,406,4,2604.8,1,2,3,123,Perdus
U09224,Budget,161,8,2605.89,3,3,3,333,Clients fidèles
U11742,Budget,129,10,2606.0,4,3,3,433,Clients fidèles
U10852,Premium,62,12,2607.14,4,4,3,443,Clients fidèles
U01028,Budget,95,4,2607.38,4,1,3,413,Nouveaux
U01788,Premium,95,12,2607.72,4,4,3,443,Clients fidèles
U05197,Standard,205,12,2607.86,3,4,3,343,Clients fidèles
U00360,Standard,24,7,2608.5,5,2,3,523,Nouveaux
U03991,Standard,103,4,2609.17,4,1,3,413,Nouveaux
U03059,Standard,192,11,2610.67,3,3,3,333,Clients fidèles
U03191,Standard,275,17,2611.28,2,4,3,243,À risque
U07222,Standard,134,15,2611.31,3,4,3,343,Clients fidèles
U02106,Inconnu,323,9,2611.41,2,3,3,233,À risque
U05580,Standard,14,3,2611.44,5,1,3,513,Nouveaux
U03891,Standard,15,12,2611.68,5,4,3,543,Clients fidèles
U02183,Standard,186,21,2612.27,3,5,3,353,Clients fidèles
U07414,Standard,191,14,2613.08,3,4,3,343,Clients fidèles
U02035,Standard,273,8,2613.13,2,3,3,233,À risque
U03745,Standard,53,5,2614.46,4,2,3,423,Nouveaux
U10380,Standard,5,15,2614.89,5,4,3,543,Clients fidèles
U11495,VIP,3,7,2615.57,5,3,3,533,Clients fidèles
U08989,Standard,130,9,2616.61,3,3,3,333,Clients fidèles
U05902,Standard,208,11,2616.72,3,3,3,333,Clients fidèles
U08842,Budget,181,8,2618.07,3,3,3,333,Clients fidèles
U03630,Budget,186,3,2618.48,3,1,3,313,Nouveaux
U05123,Premium,162,23,2619.13,3,5,3,353,Clients fidèles
U96125,Inconnu,608,1,2620.19,1,1,3,113,Perdus
U06866,Standard,1,10,2620.94,5,3,3,533,Clients fidèles
U08590,Standard,184,12,2621.17,3,4,3,343,Clients fidèles
U11846,Budget,73,5,2622.82,4,2,3,423,Nouveaux
U08944,Standard,410,9,2623.07,1,3,3,133,À risque
U00237,Budget,197,6,2623.19,3,2,3,323,Nouveaux
U05492,Standard,518,8,2623.2,1,3,3,133,À risque
U08497,Standard,497,9,2623.94,1,3,3,133,À risque
U07311,Inconnu,34,7,2625.21,5,2,3,523,Nouveaux
U06824,Budget,127,7,2625.71,4,2,3,423,Nouveaux
U10383,Premium,431,22,2627.51,1,5,3,153,À risque
U01067,Standard,163,8,2628.21,3,3,3,333,Clients fidèles
U08866,Budget,71,8,2628.41,4,3,3,433,Clients fidèles
U05184,Standard,352,5,2628.42,2,2,3,223,Perdus
U10751,Standard,230,10,2628.46,3,3,3,333,Clients fidèles
U07079,Premium,275,24,2628.76,2,5,3,253,À risque
U10478,VIP,0,22,2628.76,5,5,3,553,Clients fidèles
U05165,Premium,344,7,2628.78,2,2,3,223,Perdus
U02734,Standard,33,12,2630.5,5,4,3,543,Clients fidèles
U02379,Standard,188,8,2630.53,3,3,3,333,Clients fidèles
U01633,Budget,127,9,2630.69,4,3,3,433,Clients fidèles
U06809,Budget,125,7,2631.93,4,2,3,423,Nouveaux
U08814,Budget,52,1,2632.03,4,1,3,413,Nouveaux
U09032,Premium,34,8,2632.46,5,3,3,533,Clients fidèles
U08046,Premium,129,16,2632.7,3,4,3,343,Clients fidèles
U05012,Standard,42,5,2633.2,5,2,3,523,Nouveaux
U02905,Premium,349,11,2633.58,2,3,3,233,À risque
U00296,Standard,108,6,2637.44,4,2,3,423,Nouveaux
U10178,Standard,153,11,2637.8,3,3,3,333,Clients fidèles
U03957,Standard,45,15,2638.76,5,4,3,543,Clients fidèles
U05867,Standard,276,7,2640.21,2,2,3,223,Perdus
U00500,Standard,500,6,2641.2,1,2,3,123,Perdus
U10694,Standard,224,8,2641.77,3,3,3,333,Clients fidèles
U11104,VIP,307,18,2642.24,2,4,3,243,À risque
U03547,Standard,93,11,2642.75,4,3,3,433,Clients fidèles
U01630,Premium,432,22,2643.4,1,5,3,153,À risque
U10240,Standard,13,11,2644.88,5,3,3,533,Clients fidèles
U00050,Standard,292,11,2647.01,2,3,3,233,À risque
U05152,Budget,122,3,2647.09,4,1,3,413,Nouveaux
U09945,Standard,105,12,2647.8,4,4,3,443,Clients fidèles
U11545,Standard,307,9,2648.08,2,3,3,233,À risque
U07364,Standard,122,6,2648.93,4,2,3,423,Nouveaux
U05163,Budget,327,5,2650.09,2,2,3,223,Perdus
U05853,Budget,156,6,2650.7,3,2,3,323,Nouveaux
U07336,Budget,124,10,2651.49,4,3,3,433,Clients fidèles
U00389,Premium,218,13,2651.94,3,4,3,343,Clients fidèles
U08483,Standard,37,7,2652.02,5,2,3,523,Nouveaux
U01313,Budget,278,5,2652.04,2,2,3,223,Perdus
U00043,Premium,61,24,2652.37,4,5,3,453,Clients fidèles
U03489,Standard,311,15,2653.46,2,4,3,243,À risque
U00636,Standard,37,10,2655.01,5,3,3,533,Clients fidèles
U02586,Budget,82,4,2657.07,4,1,3,413,Nouveaux
U01620,Budget,181,6,2658.01,3,2,3,323,Nouveaux
U08738,Budget,318,5,2658.41,2,2,3,223,Perdus
U07494,Premium,7,10,2659.99,5,3,3,533,Clients fidèles
U03761,Premium,158,12,2661.1,3,4,3,343,Clients fidèles
U08109,Standard,96,9,2661.12,4,3,3,433,Clients fidèles
U07365,Premium,96,17,2661.86,4,4,3,443,Clients fidèles
U04189,Budget,407,6,2664.25,1,2,3,123,Perdus
U00785,Budget,368,4,2666.24,2,1,3,213,Perdus
U01967,Standard,185,12,2669.85,3,4,3,343,Clients fidèles
U00010,Premium,66,8,2671.76,4,3,3,433,Clients fidèles
U06914,Standard,6,9,2673.44,5,3,3,533,Clients fidèles
U00566,Budget,74,7,2674.69,4,2,3,423,Nouveaux
U11391,Premium,21,13,2674.94,5,4,3,543,Clients fidèles
U06193,Budget,218,7,2675.79,3,2,3,323,Nouveaux
U07031,Budget,97,6,2675.85,4,2,3,423,Nouveaux
U05556,Budget,308,14,2675.9,2,4,3,243,À risque
U07431,Standard,171,14,2676.47,3,4,3,343,Clients fidèles
U02649,Standard,475,11,2677.34,1,3,3,133,À risque
U09042,Premium,69,4,2677.62,4,2,3,423,Nouveaux
U10221,Premium,315,9,2679.13,2,3,3,233,À risque
U02392,Standard,186,12,2679.55,3,4,3,343,Clients fidèles
U03330,Standard,252,16,2680.46,2,4,3,243,À risque
U02808,Budget,214,6,2681.09,3,2,3,323,Nouveaux
U05034,Budget,128,8,2681.67,4,3,3,433,Clients fidèles
U00763,Premium,17,11,2682.35,5,3,3,533,Clients fidèles
U08787,Budget,296,3,2683.15,2,1,3,213,Perdus
U04565,Premium,187,17,2683.22,3,4,3,343,Clients fidèles
U08171,Standard,451,9,2683.52,1,3,3,133,À risque
U08142,Premium,186,15,2683.78,3,4,3,343,Clients fidèles
U09245,Budget,287,5,2684.19,2,2,3,223,Perdus
U00712,Standard,219,9,2685.72,3,3,3,333,Clients fidèles
U03663,Premium,103,8,2685.89,4,3,3,433,Clients fidèles
U03855,Budget,632,3,2686.02,1,1,3,113,Perdus
U03355,Standard,2,7,2686.75,5,2,3,523,Nouveaux
U10750,Budget,62,6,2687.81,4,2,3,423,Nouveaux
U00056,Standard,146,15,2688.88,3,4,3,343,Clients fidèles
U08531,Premium,4,5,2689.3,5,2,3,523,Nouveaux
U01424,Premium,36,15,2689.91,5,4,3,543,Clients fidèles
U10874,Standard,153,10,2690.28,3,3,3,333,Clients fidèles
U04722,Standard,62,11,2692.68,4,3,3,433,Clients fidèles
U08287,Standard,102,8,2693.83,4,3,3,433,Clients fidèles
U01667,Budget,62,12,2695.34,4,4,3,443,Clients fidèles
U04630,Standard,555,11,2695.43,1,3,3,133,À risque
U01899,Standard,334,18,2695.93,2,4,3,243,À risque
U01716,Standard,442,21,2695.98,1,5,3,153,À risque
U11044,Premium,158,15,2697.18,3,4,3,343,Clients fidèles
U08754,Standard,292,7,2698.98,2,2,3,223,Perdus
U10044,Standard,68,15,2699.4,4,4,3,443,Clients fidèles
U03671,Budget,276,3,2699.98,2,1,3,213,Perdus
U01921,Premium,218,12,2700.56,3,4,3,343,Clients fidèles
U08160,Standard,253,4,2701.58,2,2,3,223,Perdus
U05277,Standard,33,9,2701.67,5,3,3,533,Clients fidèles
U06044,Premium,199,18,2701.67,3,4,3,343,Clients fidèles
U10784,Premium,94,14,2703.48,4,4,3,443,Clients fidèles
U10837,Standard,520,4,2704.88,1,2,3,123,Perdus
U03001,Premium,154,16,2705.88,3,4,3,343,Clients fidèles
U07346,Standard,189,16,2706.54,3,4,3,343,Clients fidèles
U11740,Standard,397,7,2706.73,1,3,3,133,À risque
U06244,Standard,76,4,2706.99,4,1,3,413,Nouveaux
U10647,Budget,223,9,2707.07,3,3,3,333,Clients fidèles
U04488,Standard,367,10,2707.63,2,3,3,233,À risque
U05243,Standard,403,8,2708.25,1,3,3,133,À risque
U06566,Premium,371,12,2710.03,2,4,3,243,À risque
U03261,Budget,63,5,2713.95,4,2,3,423,Nouveaux
U11965,Budget,271,7,2715.08,2,3,3,233,À risque
U00268,Budget,13,6,2716.2,5,2,3,523,Nouveaux
U03883,Premium,100,24,2717.5,4,5,3,453,Clients fidèles
U07400,Budget,461,8,2719.31,1,3,3,133,À risque
U05715,Premium,222,22,2721.05,3,5,3,353,Clients fidèles
U02473,Budget,4,7,2721.57,5,2,3,523,Nouveaux
U02973,Budget,189,8,2721.68,3,3,3,333,Clients fidèles
U01489,VIP,93,15,2724.69,4,4,3,443,Clients fidèles
U01647,Standard,261,10,2725.22,2,3,3,233,À risque
U10467,Standard,0,9,2725.31,5,3,3,533,Clients fidèles
U10676,Standard,39,8,2725.35,5,3,3,533,Clients fidèles
U07880,Standard,124,8,2725.91,4,3,3,433,Clients fidèles
U03439,Standard,190,13,2726.39,3,4,3,343,Clients fidèles
U07141,Budget,521,7,2727.16,1,2,3,123,Perdus
U08057,Standard,186,14,2728.94,3,4,3,343,Clients fidèles
U07796,Budget,164,5,2729.11,3,2,3,323,Nouveaux
U07213,Premium,7,11,2729.8,5,3,3,533,Clients fidèles
U09520,Budget,500,6,2731.17,1,2,3,123,Perdus
U05907,Budget,142,11,2731.2,3,3,3,333,Clients fidèles
U04935,Standard,307,6,2733.88,2,2,3,223,Perdus
U01408,Premium,17,24,2734.0,5,5,3,553,Clients fidèles
U01806,Budget,66,3,2734.43,4,1,3,413,Nouveaux
U10061,Premium,369,8,2734.45,2,3,3,233,À risque
U09513,Standard,214,11,2734.95,3,3,3,333,Clients fidèles
U08580,Premium,159,7,2735.77,3,2,3,323,Nouveaux
U06629,Standard,97,6,2736.27,4,2,3,423,Nouveaux
U01315,Budget,314,7,2737.65,2,2,3,223,Perdus
U03813,Budget,451,4,2738.13,1,1,3,113,Perdus
U05787,Standard,399,7,2739.9,1,2,3,123,Perdus
U06508,Premium,96,11,2740.82,4,3,3,433,Clients fidèles
U06337,Budget,12,5,2741.89,5,2,3,523,Nouveaux
U01700,Standard,126,10,2742.13,4,3,3,433,Clients fidèles
U08748,Standard,487,7,2743.28,1,2,3,123,Perdus
U06983,Standard,80,8,2743.49,4,3,3,433,Clients fidèles
U00188,Budget,66,9,2744.19,4,3,3,433,Clients fidèles
U03399,Standard,365,11,2747.01,2,3,3,233,À risque
U09069,Premium,202,29,2747.64,3,5,3,353,Clients fidèles
U05677,Budget,338,9,2749.64,2,3,3,233,À risque
U11715,Budget,13,8,2751.27,5,3,3,533,Clients fidèles
U11623,Budget,235,4,2754.42,3,2,3,323,Nouveaux
U05950,Standard,95,6,2755.92,4,2,3,423,Nouveaux
U01727,Standard,367,4,2756.42,2,1,3,213,Perdus
U04881,Standard,7,9,2756.78,5,3,3,533,Clients fidèles
U09264,Standard,367,6,2756.84,2,2,3,223,Perdus
U05419,Budget,575,10,2759.12,1,3,3,133,À risque
U02968,Budget,390,2,2761.21,1,1,3,113,Perdus
U01840,Budget,208,10,2763.16,3,3,3,333,Clients fidèles
U03600,Budget,368,8,2763.77,2,3,3,233,À risque
U10559,Budget,122,4,2764.86,4,2,3,423,Nouveaux
U09423,Standard,105,4,2764.98,4,2,3,423,Nouveaux
U11795,Standard,43,7,2765.27,5,3,3,533,Clients fidèles
U06498,Standard,2,7,2765.97,5,2,3,523,Nouveaux
U02556,Standard,145,10,2766.81,3,3,3,333,Clients fidèles
U02052,Budget,464,8,2766.82,1,3,3,133,À risque
U02618,Standard,35,4,2767.39,5,1,3,513,Nouveaux
U03732,Standard,67,4,2768.74,4,1,3,413,Nouveaux
U02016,Budget,360,10,2768.75,2,3,3,233,À risque
U11434,Standard,33,15,2770.1,5,4,3,543,Clients fidèles
U08886,Budget,163,6,2770.91,3,2,3,323,Nouveaux
U01976,Budget,209,6,2772.77,3,2,3,323,Nouveaux
U09682,Standard,145,14,2773.22,3,4,3,343,Clients fidèles
U00077,Budget,100,8,2773.43,4,3,3,433,Clients fidèles
U03407,Standard,113,8,2774.19,4,3,3,433,Clients fidèles
U10599,Budget,316,9,2774.49,2,3,3,233,À risque
U11605,VIP,92,26,2774.5,4,5,3,453,Clients fidèles
U07942,Budget,97,8,2775.92,4,3,3,433,Clients fidèles
U07969,Budget,135,4,2776.86,3,2,3,323,Nouveaux
U00280,Standard,2,12,2779.57,5,4,3,543,Clients fidèles
U04517,Standard,124,7,2779.63,4,2,3,423,Nouveaux
U08254,Standard,431,9,2779.79,1,3,3,133,À risque
U07832,Premium,35,6,2780.26,5,2,3,523,Nouveaux
U01364,Standard,249,5,2780.78,2,2,3,223,Perdus
U06918,Premium,141,10,2780.95,3,3,3,333,Clients fidèles
U09090,Standard,101,7,2780.95,4,2,3,423,Nouveaux
U00118,Standard,216,5,2783.42,3,2,3,323,Nouveaux
U00535,Premium,309,9,2783.69,2,3,3,233,À risque
U11491,Standard,68,5,2783.94,4,2,3,423,Nouveaux
U03517,Standard,31,8,2784.01,5,3,3,533,Clients fidèles
U00399,Premium,219,8,2784.16,3,3,3,333,Clients fidèles
U05579,Standard,5,7,2784.48,5,2,3,523,Nouveaux
U02983,Standard,488,16,2784.65,1,4,3,143,À risque
U01073,Standard,352,10,2785.16,2,3,3,233,À risque
U01580,Premium,157,8,2785.21,3,3,3,333,Clients fidèles
U04787,Standard,175,8,2785.65,3,3,3,333,Clients fidèles
U05517,Standard,217,11,2786.26,3,3,3,333,Clients fidèles
U05480,Standard,167,13,2786.57,3,4,3,343,Clients fidèles
U06150,Standard,57,3,2786.75,4,1,3,413,Nouveaux
U07253,Budget,41,4,2786.91,5,1,3,513,Nouveaux
U06736,VIP,43,21,2787.23,5,5,3,553,Clients fidèles
U00282,Standard,492,10,2787.79,1,3,3,133,À risque
U01303,Standard,166,9,2788.21,3,3,3,333,Clients fidèles
U04351,Budget,481,7,2788.5,1,2,3,123,Perdus
U00218,Premium,436,22,2788.56,1,5,3,153,À risque
U07499,Inconnu,430,13,2788.86,1,4,3,143,À risque
U06762,Premium,97,21,2789.88,4,5,3,453,Clients fidèles
U02807,Premium,518,20,2790.14,1,5,3,153,À risque
U00620,Standard,33,9,2791.37,5,3,3,533,Clients fidèles
U04151,Budget,583,4,2791.95,1,1,3,113,Perdus
U06653,Budget,174,6,2792.0,3,2,3,323,Nouveaux
U10655,Standard,232,5,2792.94,3,2,3,323,Nouveaux
U09212,Budget,335,5,2793.07,2,2,3,223,Perdus
U05635,Budget,159,6,2794.01,3,2,3,323,Nouveaux
U11296,Standard,93,16,2794.92,4,4,3,443,Clients fidèles
U03014,Standard,216,16,2795.3,3,4,3,343,Clients fidèles
U00110,Premium,374,17,2795.64,2,4,3,243,À risque
U04123,Standard,3,8,2796.13,5,3,3,533,Clients fidèles
U06076,Standard,618,9,2796.47,1,3,3,133,À risque
U07582,Premium,0,13,2798.52,5,4,3,543,Clients fidèles
U10934,Budget,286,4,2798.83,2,2,3,223,Perdus
U03405,Standard,127,7,2800.35,4,2,3,423,Nouveaux
U05671,Budget,403,5,2802.01,1,2,3,123,Perdus
U07612,Budget,292,2,2802.47,2,1,3,213,Perdus
U01683,Premium,343,11,2802.86,2,3,3,233,À risque
U08551,Premium,367,13,2803.61,2,4,3,243,À risque
U03911,Standard,98,11,2805.98,4,3,3,433,Clients fidèles
U07548,Standard,522,4,2808.12,1,2,3,123,Perdus
U04821,Standard,320,13,2808.35,2,4,3,243,À risque
U00045,Standard,520,7,2808.47,1,2,3,123,Perdus
U01104,Standard,310,13,2808.74,2,4,3,243,À risque
U07286,Premium,153,22,2808.96,3,5,3,353,Clients fidèles
U08393,Budget,489,5,2810.54,1,2,3,123,Perdus
U01677,Standard,3,11,2811.06,5,3,3,533,Clients fidèles
U08742,Premium,334,19,2811.96,2,5,3,253,À risque
U03801,Budget,625,1,2812.0,1,1,3,113,Perdus
U08158,Standard,466,10,2812.82,1,3,3,133,À risque
U05613,Premium,31,18,2813.23,5,4,3,543,Clients fidèles
U00057,Premium,186,13,2813.59,3,4,3,343,Clients fidèles
U94791,Inconnu,358,1,2813.67,2,1,3,213,Perdus
U04007,Standard,61,15,2813.93,4,4,3,443,Clients fidèles
U02946,Standard,216,24,2814.41,3,5,3,353,Clients fidèles
U09799,Standard,20,7,2814.97,5,2,3,523,Nouveaux
U91208,Inconnu,282,1,2816.09,2,1,3,213,Perdus
U04791,Budget,92,7,2817.65,4,2,3,423,Nouveaux
U10858,Standard,44,6,2817.87,5,2,3,523,Nouveaux
U07842,Premium,195,14,2818.23,3,4,3,343,Clients fidèles
U05970,Budget,130,5,2820.15,3,2,3,323,Nouveaux
U08913,Budget,396,10,2820.36,1,3,3,133,À risque
U05436,Budget,461,12,2821.54,1,4,3,143,À risque
U01623,Standard,337,11,2823.2,2,3,3,233,À risque
U09613,Budget,654,5,2823.24,1,2,3,123,Perdus
U02087,Budget,99,5,2823.44,4,2,3,423,Nouveaux
U09936,Premium,555,10,2824.81,1,3,3,133,À risque
U02961,Standard,443,10,2825.46,1,3,3,133,À risque
U06579,Standard,66,4,2826.11,4,1,3,413,Nouveaux
U05581,Premium,33,17,2827.64,5,4,3,543,Clients fidèles
U01363,Standard,251,7,2827.84,2,2,3,223,Perdus
U06938,Budget,181,2,2828.35,3,1,3,313,Nouveaux
U08272,Standard,157,10,2828.62,3,3,3,333,Clients fidèles
U02520,Inconnu,159,7,2830.08,3,2,3,323,Nouveaux
U07637,Budget,390,12,2830.2,1,4,3,143,À risque
U04321,Budget,61,3,2830.65,4,1,3,413,Nouveaux
U11603,Premium,506,9,2830.84,1,3,3,133,À risque
U01198,Standard,703,4,2831.13,1,1,3,113,Perdus
U04557,VIP,34,6,2832.49,5,2,3,523,Nouveaux
U09938,Premium,254,16,2832.61,2,4,3,243,À risque
U04770,Premium,580,8,2832.65,1,3,3,133,À risque
U07714,Inconnu,399,19,2833.86,1,5,3,153,À risque
U02623,Budget,120,10,2834.03,4,3,3,433,Clients fidèles
U02974,Premium,92,13,2834.4,4,4,3,443,Clients fidèles
U08704,Premium,14,15,2834.54,5,4,3,543,Clients fidèles
U01348,Budget,158,4,2834.65,3,1,3,313,Nouveaux
U03983,Standard,191,4,2837.33,3,1,3,313,Nouveaux
U01712,Premium,35,26,2837.69,5,5,3,553,Clients fidèles
U11675,Budget,399,6,2838.13,1,2,3,123,Perdus
U03733,Standard,2,8,2838.57,5,3,3,533,Clients fidèles
U11298,Standard,34,9,2838.85,5,3,3,533,Clients fidèles
U03736,Standard,277,14,2840.13,2,4,3,243,À risque
U10010,Premium,428,10,2840.66,1,3,3,133,À risque
U06161,Inconnu,98,14,2840.9,4,4,3,443,Clients fidèles
U00774,Standard,220,11,2841.18,3,3,3,333,Clients fidèles
U05188,Standard,215,9,2841.26,3,3,3,333,Clients fidèles
U04923,Standard,134,20,2841.61,3,5,3,353,Clients fidèles
U04470,Premium,32,18,2842.68,5,4,3,543,Clients fidèles
U05819,Standard,230,4,2842.81,3,1,3,313,Nouveaux
U92072,Inconnu,417,1,2843.83,1,1,3,113,Perdus
U09541,Budget,90,15,2843.91,4,4,3,443,Clients fidèles
U00120,VIP,1,20,2846.13,5,5,3,553,Clients fidèles
U11610,Premium,184,9,2846.78,3,3,3,333,Clients fidèles
U00529,Standard,165,14,2847.08,3,4,3,343,Clients fidèles
U04961,Standard,204,5,2847.25,3,2,3,323,Nouveaux
U04788,Standard,554,16,2847.62,1,4,3,143,À risque
U11173,Standard,95,11,2847.82,4,3,3,433,Clients fidèles
U08244,Standard,307,18,2848.79,2,4,3,243,À risque
U08273,Premium,582,11,2849.22,1,3,3,133,À risque
U00906,Premium,72,12,2849.78,4,4,3,443,Clients fidèles
U04684,Standard,311,8,2851.28,2,3,3,233,À risque
U02732,Budget,283,19,2854.09,2,4,3,243,À risque
U01235,Standard,245,17,2854.55,3,4,3,343,Clients fidèles
U00321,Budget,584,7,2854.66,1,2,3,123,Perdus
U09394,Standard,99,11,2857.07,4,3,3,433,Clients fidèles
U01287,Standard,184,7,2857.94,3,2,3,323,Nouveaux
U10908,Budget,229,6,2858.91,3,2,3,323,Nouveaux
U01392,Budget,204,4,2859.37,3,1,3,313,Nouveaux
U07216,Premium,129,8,2859.86,3,3,3,333,Clients fidèles
U08306,Budget,193,8,2863.95,3,3,3,333,Clients fidèles
U11073,Premium,316,16,2864.26,2,4,3,243,À risque
U10918,Standard,127,7,2864.81,4,3,3,433,Clients fidèles
U11423,Premium,1,6,2865.78,5,2,3,523,Nouveaux
U10613,Premium,165,11,2866.39,3,3,3,333,Clients fidèles
U03792,Standard,555,7,2866.61,1,2,3,123,Perdus
U02394,Standard,289,12,2867.52,2,4,3,243,À risque
U03741,Premium,296,22,2870.2,2,5,3,253,À risque
U05547,Standard,38,14,2871.94,5,4,3,543,Clients fidèles
U10745,Premium,11,9,2872.7,5,3,3,533,Clients fidèles
U05629,Standard,324,10,2874.68,2,3,3,233,À risque
U02809,Premium,365,19,2875.54,2,4,3,243,À risque
U04161,Standard,616,5,2875.64,1,2,3,123,Perdus
U08988,Standard,104,7,2875.69,4,2,3,423,Nouveaux
U03607,Budget,154,9,2876.3,3,3,3,333,Clients fidèles
U01351,Budget,10,6,2877.14,5,2,3,523,Nouveaux
U05378,VIP,64,15,2878.24,4,4,3,443,Clients fidèles
U04898,VIP,97,23,2878.88,4,5,3,453,Clients fidèles
U00072,Budget,122,7,2878.96,4,2,3,423,Nouveaux
U09637,Standard,1,10,2879.57,5,3,3,533,Clients fidèles
U08150,Premium,326,13,2879.76,2,4,3,243,À risque
U10252,Budget,62,11,2879.98,4,3,3,433,Clients fidèles
U03116,Budget,180,10,2880.8,3,3,3,333,Clients fidèles
U07890,Premium,365,19,2881.21,2,5,3,253,À risque
U00852,Premium,222,13,2881.3,3,4,3,343,Clients fidèles
U00721,Premium,531,9,2881.62,1,3,3,133,À risque
U11665,Standard,127,9,2883.09,4,3,3,433,Clients fidèles
U01468,Budget,4,10,2884.18,5,3,3,533,Clients fidèles
U08249,Standard,154,16,2884.87,3,4,3,343,Clients fidèles
U05866,Inconnu,136,10,2885.36,3,3,3,333,Clients fidèles
U00264,Budget,194,3,2887.88,3,1,3,313,Nouveaux
U08556,VIP,0,16,2889.5,5,4,3,543,Clients fidèles
U08681,Budget,0,9,2890.27,5,3,3,533,Clients fidèles
U00076,Standard,478,9,2890.6,1,3,3,133,À risque
U04052,Budget,370,9,2890.69,2,3,3,233,À risque
U09591,Inconnu,11,5,2891.5,5,2,3,523,Nouveaux
U00748,Standard,124,13,2893.51,4,4,3,443,Clients fidèles
U04671,Budget,54,5,2895.24,4,2,3,423,Nouveaux
U10374,Standard,14,6,2895.3,5,2,3,523,Nouveaux
U07452,Standard,33,8,2895.34,5,3,3,533,Clients fidèles
U06820,Standard,194,7,2896.36,3,2,3,323,Nouveaux
U11896,Budget,19,3,2897.24,5,1,3,513,Nouveaux
U08574,Standard,366,12,2897.38,2,4,3,243,À risque
U05495,Budget,49,12,2899.4,4,4,3,443,Clients fidèles
U09395,VIP,34,12,2899.49,5,4,3,543,Clients fidèles
U10397,Standard,157,5,2899.68,3,2,3,323,Nouveaux
U08277,Premium,165,7,2900.24,3,2,3,323,Nouveaux
U06465,Budget,126,5,2901.25,4,2,3,423,Nouveaux
U09085,Standard,104,11,2902.29,4,3,3,433,Clients fidèles
U06704,Budget,237,8,2903.16,3,3,3,333,Clients fidèles
U11914,Standard,38,10,2903.43,5,3,3,533,Clients fidèles
U04286,Budget,222,10,2904.64,3,3,3,333,Clients fidèles
U10491,Premium,191,15,2904.66,3,4,3,343,Clients fidèles
U03463,Budget,26,11,2904.67,5,3,3,533,Clients fidèles
U06828,Premium,125,19,2907.41,4,5,3,453,Clients fidèles
U05625,Standard,375,15,2908.12,2,4,3,243,À risque
U02481,Premium,1,24,2911.36,5,5,3,553,Clients fidèles
U02431,Budget,549,8,2913.69,1,3,3,133,À risque
U05762,Standard,124,8,2914.21,4,3,3,433,Clients fidèles
U09546,Budget,18,12,2914.35,5,4,3,543,Clients fidèles
U05668,Standard,117,9,2915.05,4,3,3,433,Clients fidèles
U10199,Standard,31,5,2916.3,5,2,3,523,Nouveaux
U01051,Standard,554,9,2916.52,1,3,3,133,À risque
U09498,Standard,313,6,2918.08,2,2,3,223,Perdus
U03551,Budget,227,12,2918.23,3,4,3,343,Clients fidèles
U02450,Premium,35,17,2918.3,5,4,3,543,Clients fidèles
U08962,Budget,375,7,2918.47,2,2,3,223,Perdus
U00228,Inconnu,61,14,2919.63,4,4,3,443,Clients fidèles
U00229,Standard,3,9,2922.51,5,3,3,533,Clients fidèles
U03729,Standard,36,11,2922.56,5,3,3,533,Clients fidèles
U04585,Budget,364,8,2922.63,2,3,3,233,À risque
U04725,Standard,75,18,2922.73,4,4,3,443,Clients fidèles
U00224,Standard,473,7,2924.16,1,2,3,123,Perdus
U04998,Premium,401,21,2924.35,1,5,3,153,À risque
U11390,Standard,72,16,2925.8,4,4,3,443,Clients fidèles
U00199,Standard,585,15,2926.1,1,4,3,143,À risque
U08017,Budget,250,5,2926.43,2,2,3,223,Perdus
U06004,Budget,338,4,2926.52,2,1,3,213,Perdus
U08468,Budget,52,8,2926.73,4,3,3,433,Clients fidèles
U03130,Standard,461,11,2928.01,1,3,3,133,À risque
U02049,Standard,285,5,2928.62,2,2,3,223,Perdus
U08125,Standard,15,8,2930.6,5,3,3,533,Clients fidèles
U08898,Standard,128,10,2930.75,4,3,3,433,Clients fidèles
U01911,Standard,193,8,2934.89,3,3,3,333,Clients fidèles
U04342,Standard,463,11,2935.95,1,3,3,133,À risque
U05367,Premium,307,20,2936.7,2,5,3,253,À risque
U02933,Premium,263,11,2937.95,2,3,3,233,À risque
U03975,Budget,283,8,2938.57,2,3,3,233,À risque
U01553,Budget,366,6,2939.03,2,2,3,223,Perdus
U07097,Premium,550,17,2939.88,1,4,3,143,À risque
U07563,Budget,322,5,2941.39,2,2,3,223,Perdus
U09977,Standard,431,11,2944.12,1,3,3,133,À risque
U03361,Standard,366,16,2945.81,2,4,3,243,À risque
U04503,Standard,163,11,2948.12,3,3,3,333,Clients fidèles
U06127,Standard,457,6,2949.39,1,2,3,123,Perdus
U00926,Budget,187,7,2949.9,3,2,3,323,Nouveaux
U06238,Standard,462,14,2950.26,1,4,3,143,À risque
U02426,Budget,283,11,2952.24,2,3,3,233,À risque
U02522,Standard,277,15,2953.2,2,4,3,243,À risque
U03051,Premium,123,2,2954.5,4,1,3,413,Nouveaux
U08001,Budget,474,8,2956.78,1,3,3,133,À risque
U08242,Standard,188,16,2957.15,3,4,3,343,Clients fidèles
U04155,Budget,336,11,2959.23,2,3,3,233,À risque
U08166,Standard,337,14,2959.47,2,4,3,243,À risque
U08434,Budget,400,12,2959.95,1,4,3,143,À risque
U00157,VIP,3,27,2960.07,5,5,3,553,Clients fidèles
U02564,Premium,10,13,2960.76,5,4,3,543,Clients fidèles
U11318,Standard,7,14,2961.67,5,4,3,543,Clients fidèles
U08717,Budget,231,10,2962.05,3,3,3,333,Clients fidèles
U07852,Standard,133,9,2962.64,3,3,3,333,Clients fidèles
U08436,Budget,187,13,2962.64,3,4,3,343,Clients fidèles
U03415,Standard,1,13,2964.27,5,4,3,543,Clients fidèles
U04055,Standard,66,6,2964.55,4,2,3,423,Nouveaux
U06099,Premium,61,16,2964.98,4,4,3,443,Clients fidèles
U92994,Inconnu,612,1,2965.03,1,1,3,113,Perdus
U01116,Premium,554,16,2965.15,1,4,3,143,À risque
U08362,Budget,325,6,2967.32,2,2,3,223,Perdus
U11533,Standard,251,15,2971.77,2,4,3,243,À risque
U10537,Standard,127,8,2972.29,4,3,3,433,Clients fidèles
U08493,Standard,160,9,2973.56,3,3,3,333,Clients fidèles
U09411,Premium,123,6,2973.79,4,2,3,423,Nouveaux
U09609,Standard,541,6,2974.79,1,2,3,123,Perdus
U06499,Budget,63,11,2975.7,4,3,3,433,Clients fidèles
U02563,Standard,93,3,2977.66,4,1,3,413,Nouveaux
U02312,Standard,200,14,2978.05,3,4,3,343,Clients fidèles
U11730,Standard,38,8,2978.16,5,3,3,533,Clients fidèles
U05984,Premium,1,8,2981.31,5,3,3,533,Clients fidèles
U07756,Budget,520,5,2982.6,1,2,3,123,Perdus
U06327,Standard,4,15,2983.64,5,4,3,543,Clients fidèles
U03505,VIP,615,13,2985.43,1,4,3,143,À risque
U04389,Standard,372,9,2985.7,2,3,3,233,À risque
U09747,Budget,162,6,2986.54,3,2,3,323,Nouveaux
U01561,Standard,214,9,2986.77,3,3,3,333,Clients fidèles
U08973,Standard,314,4,2987.15,2,2,3,223,Perdus
U08378,Budget,142,3,2988.88,3,1,3,313,Nouveaux
U09451,Standard,468,17,2990.22,1,4,3,143,À risque
U05456,Premium,2,19,2990.37,5,5,3,553,Clients fidèles
U05194,Budget,247,10,2991.51,2,3,3,233,À risque
U04143,Standard,40,11,2991.75,5,3,3,533,Clients fidèles
U05291,Budget,140,6,2992.06,3,2,3,323,Nouveaux
U11251,Premium,367,17,2992.84,2,4,3,243,À risque
U90196,Inconnu,285,1,2993.14,2,1,3,213,Perdus
U09366,Inconnu,285,7,2993.6,2,2,3,223,Perdus
U07264,Budget,309,6,2993.61,2,2,3,223,Perdus
U05060,Standard,36,14,2994.32,5,4,3,543,Clients fidèles
U08391,Premium,285,8,2994.92,2,3,3,233,À risque
U01977,Premium,40,23,2996.35,5,5,3,553,Clients fidèles
U00702,Inconnu,75,13,2996.8,4,4,3,443,Clients fidèles
U05940,Standard,0,11,2996.87,5,3,3,533,Clients fidèles
U01076,Standard,32,15,2997.49,5,4,3,543,Clients fidèles
U04673,Inconnu,426,11,2998.01,1,3,3,133,À risque
U07944,Budget,115,5,2998.38,4,2,3,423,Nouveaux
U06518,Standard,173,6,3000.15,3,2,3,323,Nouveaux
U02757,Premium,0,16,3000.38,5,4,3,543,Clients fidèles
U05477,Standard,0,10,3001.04,5,3,3,533,Clients fidèles
U01486,Standard,402,12,3002.92,1,4,3,143,À risque
U03110,Standard,96,10,3004.24,4,3,3,433,Clients fidèles
U09460,Premium,528,15,3005.55,1,4,3,143,À risque
U09471,Budget,436,8,3005.82,1,3,3,133,À risque
U09779,Premium,62,11,3007.71,4,3,3,433,Clients fidèles
U02483,Budget,494,3,3008.07,1,1,3,113,Perdus
U06035,Budget,123,13,3008.87,4,4,3,443,Clients fidèles
U11918,Budget,319,4,3012.16,2,2,3,223,Perdus
U10220,Standard,94,11,3013.35,4,3,3,433,Clients fidèles
U11367,Standard,95,12,3015.07,4,4,3,443,Clients fidèles
U01927,Inconnu,196,15,3016.49,3,4,3,343,Clients fidèles
U01003,Standard,320,8,3016.56,2,3,3,233,À risque
U06685,Inconnu,232,14,3019.06,3,4,3,343,Clients fidèles
U08248,Premium,153,7,3019.2,3,2,3,323,Nouveaux
U04101,Premium,190,13,3022.98,3,4,3,343,Clients fidèles
U07818,Standard,96,8,3024.96,4,3,3,433,Clients fidèles
U09769,Standard,184,12,3025.23,3,4,3,343,Clients fidèles
U10095,Budget,369,8,3026.29,2,3,3,233,À risque
U08419,Budget,625,6,3026.49,1,2,3,123,Perdus
U03871,Premium,31,9,3027.55,5,3,3,533,Clients fidèles
U11801,Standard,275,13,3028.3,2,4,3,243,À risque
U09209,Standard,308,13,3029.86,2,4,3,243,À risque
U09687,Standard,588,7,3029.9,1,2,3,123,Perdus
U10494,Standard,72,13,3029.91,4,4,3,443,Clients fidèles
U04076,Budget,511,3,3030.7,1,1,3,113,Perdus
U11727,Premium,494,4,3030.71,1,2,3,123,Perdus
U06644,Standard,40,15,3030.91,5,4,3,543,Clients fidèles
U06664,VIP,287,13,3030.93,2,4,3,243,À risque
U00259,Premium,479,16,3032.83,1,4,3,143,À risque
U02534,Standard,125,13,3033.04,4,4,3,443,Clients fidèles
U09660,Standard,186,8,3034.92,3,3,3,333,Clients fidèles
U11698,Premium,122,12,3035.38,4,4,3,443,Clients fidèles
U02485,Standard,582,9,3037.64,1,3,3,133,À risque
U04108,Budget,160,10,3037.64,3,3,3,333,Clients fidèles
U09390,Budget,83,9,3038.01,4,3,3,433,Clients fidèles
U00656,Standard,93,13,3039.5,4,4,3,443,Clients fidèles
U05371,Standard,45,9,3040.34,5,3,3,533,Clients fidèles
U10762,Inconnu,429,4,3040.77,1,2,3,123,Perdus
U02925,Budget,610,11,3040.99,1,3,3,133,À risque
U04775,Standard,342,12,3041.2,2,4,3,243,À risque
U11363,Inconnu,95,30,3043.7,4,5,3,453,Clients fidèles
U00668,Premium,94,27,3044.05,4,5,3,453,Clients fidèles
U01136,Budget,254,7,3044.99,2,2,3,223,Perdus
U01974,Budget,159,13,3047.34,3,4,3,343,Clients fidèles
U00996,Standard,13,12,3047.58,5,4,3,543,Clients fidèles
U07486,Budget,51,12,3047.74,4,4,3,443,Clients fidèles
U09891,Budget,398,6,3048.97,1,2,3,123,Perdus
U00581,Standard,31,6,3049.08,5,2,3,523,Nouveaux
U07789,Inconnu,215,11,3049.22,3,3,3,333,Clients fidèles
U01932,Premium,3,11,3049.46,5,3,3,533,Clients fidèles
U05160,Budget,1,3,3049.93,5,1,3,513,Nouveaux
U03203,Standard,130,18,3051.1,3,4,3,343,Clients fidèles
U00494,Budget,188,7,3052.32,3,2,3,323,Nouveaux
U01494,Budget,34,5,3053.27,5,2,3,523,Nouveaux
U08650,Standard,344,18,3053.35,2,4,3,243,À risque
U03139,Premium,61,21,3054.36,4,5,3,453,Clients fidèles
U00526,VIP,0,16,3055.47,5,4,3,543,Clients fidèles
U04386,Premium,96,9,3055.6,4,3,3,433,Clients fidèles
U02296,VIP,2,30,3056.99,5,5,3,553,Clients fidèles
U06467,Premium,249,10,3057.13,2,3,3,233,À risque
U09543,Premium,397,16,3057.18,1,4,3,143,À risque
U08086,Standard,495,8,3059.97,1,3,3,133,À risque
U02252,Budget,229,6,3060.65,3,2,3,323,Nouveaux
U01663,Standard,460,8,3060.75,1,3,3,133,À risque
U06600,Budget,372,9,3061.29,2,3,3,233,À risque
U03748,Premium,431,10,3062.09,1,3,3,133,À risque
U11511,Premium,370,19,3062.14,2,5,3,253,À risque
U03725,Budget,502,11,3063.89,1,3,3,133,À risque
U05600,Standard,154,5,3064.17,3,2,3,323,Nouveaux
U09905,Standard,35,13,3065.64,5,4,3,543,Clients fidèles
U11923,Standard,528,10,3065.74,1,3,3,133,À risque
U09079,Standard,418,6,3066.93,1,2,3,123,Perdus
U09271,Budget,38,7,3067.03,5,2,3,523,Nouveaux
U10435,Premium,135,7,3067.36,3,2,3,323,Nouveaux
U02950,Standard,276,4,3067.39,2,1,3,213,Perdus
U08492,VIP,404,29,3068.0,1,5,3,153,À risque
U11187,Standard,309,9,3069.04,2,3,3,233,À risque
U08940,Standard,179,13,3069.16,3,4,3,343,Clients fidèles
U05551,Budget,334,10,3070.71,2,3,3,233,À risque
U09931,Standard,199,10,3070.79,3,3,3,333,Clients fidèles
U03215,Standard,95,7,3071.29,4,2,3,423,Nouveaux
U00233,Budget,42,8,3071.69,5,3,3,533,Clients fidèles
U03210,Budget,396,6,3071.81,1,2,3,123,Perdus
U05375,Standard,284,12,3072.0,2,4,3,243,À risque
U02741,VIP,1,7,3072.72,5,2,3,523,Nouveaux
U01944,Standard,207,7,3073.38,3,2,3,323,Nouveaux
U05773,Standard,302,6,3073.88,2,2,3,223,Perdus
U09172,Standard,44,7,3074.4,5,2,3,523,Nouveaux
U01622,Budget,373,8,3074.95,2,3,3,233,À risque
U08129,Standard,216,10,3075.11,3,3,3,333,Clients fidèles
U05334,Standard,122,10,3075.37,4,3,3,433,Clients fidèles
U10560,Premium,320,19,3075.53,2,5,3,253,À risque
U05475,Premium,80,11,3076.48,4,3,3,433,Clients fidèles
U01902,Standard,3,10,3078.5,5,3,3,533,Clients fidèles
U01359,Budget,220,11,3078.93,3,3,3,333,Clients fidèles
U00106,Premium,365,13,3080.49,2,4,3,243,À risque
U05952,Standard,352,16,3080.85,2,4,3,243,À risque
U10735,Budget,279,2,3081.43,2,1,3,213,Perdus
U01554,Standard,562,8,3083.03,1,3,3,133,À risque
U02136,Standard,66,14,3083.52,4,4,3,443,Clients fidèles
U11114,Inconnu,288,4,3085.17,2,2,3,223,Perdus
U05144,Standard,357,14,3085.24,2,4,3,243,À risque
U00281,VIP,64,30,3086.43,4,5,3,453,Clients fidèles
U07124,Budget,402,9,3086.6,1,3,3,133,À risque
U06188,Budget,134,5,3087.64,3,2,3,323,Nouveaux
U06645,Standard,41,4,3089.93,5,1,3,513,Nouveaux
U02050,Inconnu,156,5,3091.03,3,2,3,323,Nouveaux
U05890,Budget,214,8,3092.95,3,3,3,333,Clients fidèles
U06246,Budget,646,4,3093.77,1,1,3,113,Perdus
U00587,Premium,214,7,3094.41,3,2,3,323,Nouveaux
U08975,Budget,135,12,3094.81,3,4,3,343,Clients fidèles
U02493,Premium,15,12,3095.59,5,4,3,543,Clients fidèles
U07393,Budget,287,8,3096.49,2,3,3,233,À risque
U08859,Premium,126,14,3097.1,4,4,3,443,Clients fidèles
U05593,Premium,197,16,3097.34,3,4,3,343,Clients fidèles
U05944,Premium,32,17,3097.82,5,4,3,543,Clients fidèles
U09510,Budget,38,11,3099.33,5,3,3,533,Clients fidèles
U02566,Standard,214,3,3099.38,3,1,3,313,Nouveaux
U08680,Inconnu,338,26,3100.42,2,5,3,253,À risque
U11858,Premium,34,11,3101.03,5,4,3,543,Clients fidèles
U03499,Standard,368,13,3102.98,2,4,3,243,À risque
U03277,Standard,219,6,3104.53,3,2,3,323,Nouveaux
U01174,Premium,279,20,3104.62,2,5,3,253,À risque
U03303,Standard,218,5,3104.68,3,2,3,323,Nouveaux
U05406,Budget,207,3,3106.3,3,1,3,313,Nouveaux
U00047,Standard,340,7,3108.33,2,2,3,223,Perdus
U07968,Premium,184,18,3108.53,3,4,3,343,Clients fidèles
U09505,Premium,93,26,3108.99,4,5,3,453,Clients fidèles
U06229,Budget,249,8,3110.99,2,3,3,233,À risque
U09316,Standard,343,6,3112.97,2,2,3,223,Perdus
U02972,Standard,250,8,3114.34,2,3,3,233,À risque
U00945,Standard,424,7,3115.11,1,2,3,123,Perdus
U00780,Standard,78,10,3115.55,4,3,3,433,Clients fidèles
U04798,Standard,381,6,3115.62,2,2,3,223,Perdus
U09309,Premium,92,9,3115.83,4,3,3,433,Clients fidèles
U02571,Standard,127,4,3116.08,4,1,3,413,Nouveaux
U00573,Budget,582,12,3116.13,1,4,3,143,À risque
U10288,Budget,9,11,3116.85,5,3,3,533,Clients fidèles
U05978,Standard,216,4,3117.84,3,1,3,313,Nouveaux
U10616,Standard,318,9,3120.34,2,3,3,233,À risque
U03060,Inconnu,0,11,3120.51,5,3,3,533,Clients fidèles
U10371,Budget,247,9,3121.76,2,3,3,233,À risque
U02885,Premium,94,17,3123.29,4,4,3,443,Clients fidèles
U01503,Standard,184,5,3124.19,3,2,3,323,Nouveaux
U02105,Standard,1,18,3124.57,5,4,3,543,Clients fidèles
U06924,Budget,463,6,3126.04,1,2,3,123,Perdus
U10057,Premium,0,14,3126.64,5,4,3,543,Clients fidèles
U11738,Budget,102,6,3126.87,4,2,3,423,Nouveaux
U00570,Standard,529,6,3127.01,1,2,3,123,Perdus
U04296,Standard,159,7,3127.51,3,2,3,323,Nouveaux
U10401,Standard,5,4,3127.56,5,2,3,523,Nouveaux
U11550,Standard,0,10,3127.66,5,3,3,533,Clients fidèles
U04532,Budget,674,4,3127.94,1,1,3,113,Perdus
U06101,Standard,240,15,3128.25,3,4,3,343,Clients fidèles
U05343,Premium,217,15,3129.22,3,4,3,343,Clients fidèles
U02949,Standard,69,6,3129.79,4,2,3,423,Nouveaux
U03160,Budget,488,4,3130.19,1,1,3,113,Perdus
U01843,Budget,97,7,3130.63,4,2,3,423,Nouveaux
U11081,Standard,145,13,3130.77,3,4,3,343,Clients fidèles
U01805,Premium,215,9,3131.98,3,3,3,333,Clients fidèles
U07593,Budget,162,5,3132.01,3,2,3,323,Nouveaux
U07461,Standard,81,11,3132.76,4,3,3,433,Clients fidèles
U06123,VIP,5,14,3134.04,5,4,3,543,Clients fidèles
U11532,Standard,499,3,3134.2,1,1,3,113,Perdus
U08705,Budget,220,9,3134.48,3,3,3,333,Clients fidèles
U06638,Premium,32,19,3134.75,5,5,3,553,Clients fidèles
U05478,Standard,458,13,3135.42,1,4,3,143,À risque
U09440,Budget,0,7,3135.78,5,2,3,523,Nouveaux
U09305,Premium,9,5,3135.83,5,2,3,523,Nouveaux
U06202,Premium,435,16,3136.46,1,4,3,143,À risque
U08209,Budget,230,6,3138.05,3,2,3,323,Nouveaux
U01023,Standard,337,13,3138.24,2,4,3,243,À risque
U07779,Premium,261,18,3138.4,2,4,3,243,À risque
U06358,Premium,101,26,3139.95,4,5,3,453,Clients fidèles
U03950,Premium,34,19,3140.82,5,4,3,543,Clients fidèles
U00348,Premium,64,11,3140.86,4,3,3,433,Clients fidèles
U01533,Standard,328,8,3143.1,2,3,3,233,À risque
U03146,Premium,488,20,3143.16,1,5,3,153,À risque
U09075,Premium,219,13,3143.89,3,4,3,343,Clients fidèles
U00372,Premium,184,7,3144.71,3,2,3,323,Nouveaux
U11040,Inconnu,556,13,3144.94,1,4,3,143,À risque
U11539,Standard,18,14,3145.43,5,4,3,543,Clients fidèles
U05913,Budget,0,6,3146.69,5,2,3,523,Nouveaux
U07039,Inconnu,163,10,3147.63,3,3,3,333,Clients fidèles
U04315,Standard,283,5,3147.9,2,2,3,223,Perdus
U07547,Standard,310,18,3148.15,2,4,3,243,À risque
U08883,Budget,561,4,3148.26,1,2,3,123,Perdus
U05238,Standard,1,9,3148.31,5,3,3,533,Clients fidèles
U00972,Standard,165,15,3150.61,3,4,3,343,Clients fidèles
U06301,Budget,10,7,3151.14,5,2,3,523,Nouveaux
U06795,Premium,77,10,3151.6,4,3,3,433,Clients fidèles
U00304,Premium,92,17,3155.2,4,4,3,443,Clients fidèles
U04580,Budget,555,5,3155.45,1,2,3,123,Perdus
U00930,Budget,78,4,3156.05,4,1,3,413,Nouveaux
U05953,Standard,229,15,3156.24,3,4,3,343,Clients fidèles
U11540,Standard,31,22,3157.59,5,5,3,553,Clients fidèles
U05112,Premium,62,12,3157.95,4,4,3,443,Clients fidèles
U05929,Budget,583,5,3158.16,1,2,3,123,Perdus
U00418,Standard,199,6,3158.57,3,2,3,323,Nouveaux
U04642,Budget,36,10,3158.94,5,3,3,533,Clients fidèles
U06893,Budget,190,11,3159.58,3,3,3,333,Clients fidèles
U02349,Standard,214,14,3159.68,3,4,3,343,Clients fidèles
U06335,Standard,275,13,3159.7,2,4,3,243,À risque
U06377,Budget,66,10,3160.08,4,3,3,433,Clients fidèles
U10690,Standard,350,8,3162.4,2,3,3,233,À risque
U02655,Standard,402,10,3163.45,1,3,3,133,À risque
U11477,Premium,10,12,3164.0,5,4,3,543,Clients fidèles
U06788,Standard,286,7,3164.2,2,2,3,223,Perdus
U10315,Standard,360,12,3166.34,2,4,3,243,À risque
U06469,Standard,189,8,3167.88,3,3,3,333,Clients fidèles
U11648,Premium,45,13,3168.45,5,4,3,543,Clients fidèles
U01611,Premium,225,15,3168.59,3,4,3,343,Clients fidèles
U09827,Budget,327,7,3172.79,2,2,3,223,Perdus
U11286,Inconnu,316,7,3175.53,2,3,3,233,À risque
U02242,Standard,339,11,3177.2,2,3,3,233,À risque
U07953,Standard,154,12,3177.4,3,4,3,343,Clients fidèles
U00708,Standard,524,12,3177.99,1,4,3,143,À risque
U10795,Budget,40,6,3178.12,5,2,3,523,Nouveaux
U02548,Premium,37,5,3179.5,5,2,3,523,Nouveaux
U03861,Standard,426,10,3180.94,1,3,3,133,À risque
U03337,Standard,156,12,3181.16,3,4,3,343,Clients fidèles
U04415,Premium,44,13,3185.33,5,4,3,543,Clients fidèles
U10232,Standard,246,16,3185.57,3,4,3,343,Clients fidèles
U07607,Standard,337,11,3187.06,2,3,3,233,À risque
U09128,Premium,307,15,3187.07,2,4,3,243,À risque
U06341,Budget,73,7,3187.45,4,2,3,423,Nouveaux
U10202,Standard,10,10,3187.68,5,3,3,533,Clients fidèles
U06136,Budget,234,5,3188.75,3,2,3,323,Nouveaux
U05566,Standard,100,7,3189.71,4,2,3,423,Nouveaux
U09441,Premium,1,11,3189.78,5,3,3,533,Clients fidèles
U08032,Budget,552,9,3190.21,1,3,3,133,À risque
U11374,Budget,92,11,3190.32,4,3,3,433,Clients fidèles
U04572,Premium,457,5,3190.45,1,2,3,123,Perdus
U00812,Budget,204,7,3191.38,3,2,3,323,Nouveaux
U07324,Premium,13,10,3192.37,5,3,3,533,Clients fidèles
U05999,Premium,62,12,3193.22,4,4,3,443,Clients fidèles
U06424,Standard,93,11,3194.75,4,3,3,433,Clients fidèles
U09198,Premium,19,14,3195.12,5,4,3,543,Clients fidèles
U06678,Standard,319,8,3195.25,2,3,3,233,À risque
U10765,Premium,33,9,3195.48,5,3,3,533,Clients fidèles
U05331,Budget,467,6,3196.38,1,2,3,123,Perdus
U06813,Premium,222,14,3198.23,3,4,3,343,Clients fidèles
U05314,Standard,245,12,3200.22,3,4,3,343,Clients fidèles
U05404,Premium,0,10,3200.88,5,3,3,533,Clients fidèles
U08130,Standard,35,6,3202.09,5,2,3,523,Nouveaux
U03205,Premium,31,28,3202.62,5,5,3,553,Clients fidèles
U09869,Budget,187,10,3202.63,3,3,3,333,Clients fidèles
U09771,Budget,64,2,3203.03,4,1,3,413,Nouveaux
U02677,Budget,94,10,3203.26,4,3,3,433,Clients fidèles
U00760,Standard,281,14,3204.32,2,4,3,243,À risque
U03802,Standard,277,13,3206.83,2,4,3,243,À risque
U01135,Budget,436,5,3206.86,1,2,3,123,Perdus
U02507,Budget,283,8,3207.04,2,3,3,233,À risque
U10688,Standard,127,9,3207.3,4,3,3,433,Clients fidèles
U05601,Standard,308,11,3208.13,2,3,3,233,À risque
U01914,Standard,307,8,3208.24,2,3,3,233,À risque
U09131,Premium,403,18,3208.51,1,4,3,143,À risque
U07744,Premium,283,22,3209.62,2,5,3,253,À risque
U01656,Premium,402,18,3209.93,1,4,3,143,À risque
U04078,Standard,49,13,3211.54,4,4,3,443,Clients fidèles
U07897,Premium,35,8,3211.87,5,3,3,533,Clients fidèles
U08095,Standard,378,7,3213.18,2,2,3,223,Perdus
U07318,Budget,171,3,3213.75,3,1,3,313,Nouveaux
U09951,Standard,169,15,3215.69,3,4,3,343,Clients fidèles
U08240,Standard,167,10,3216.29,3,3,3,333,Clients fidèles
U06826,Standard,62,12,3219.41,4,4,3,443,Clients fidèles
U01054,Budget,75,2,3220.18,4,1,3,413,Nouveaux
U11415,Premium,526,16,3220.44,1,4,3,143,À risque
U08269,Budget,439,8,3220.59,1,3,3,133,À risque
U06903,Standard,65,3,3220.81,4,1,3,413,Nouveaux
U05515,Standard,189,18,3221.35,3,4,3,343,Clients fidèles
U11857,Budget,341,10,3222.06,2,3,3,233,À risque
U08344,Standard,646,8,3223.03,1,3,3,133,À risque
U08329,Standard,339,5,3223.09,2,2,3,223,Perdus
U06143,Premium,37,17,3223.95,5,4,3,543,Clients fidèles
U11151,Premium,95,28,3224.52,4,5,3,453,Clients fidèles
U00446,Premium,492,14,3224.55,1,4,3,143,À risque
U01590,Budget,431,11,3225.35,1,3,3,133,À risque
U05116,Standard,196,5,3226.2,3,2,3,323,Nouveaux
U02726,Budget,67,4,3229.42,4,1,3,413,Nouveaux
U01945,VIP,406,24,3229.48,1,5,3,153,À risque
U09595,Standard,144,12,3229.75,3,4,3,343,Clients fidèles
U06661,Budget,416,3,3229.94,1,1,3,113,Perdus
U07437,Budget,371,7,3230.2,2,2,3,223,Perdus
U01835,Standard,187,14,3232.59,3,4,3,343,Clients fidèles
U01015,Standard,306,17,3232.85,2,4,3,243,À risque
U10021,Premium,70,12,3232.96,4,4,3,443,Clients fidèles
U11432,Standard,47,5,3233.35,5,2,3,523,Nouveaux
U10893,Standard,102,13,3234.04,4,4,3,443,Clients fidèles
U09028,Standard,219,9,3234.05,3,3,3,333,Clients fidèles
U08137,Standard,225,2,3235.98,3,1,3,313,Nouveaux
U11768,VIP,188,24,3236.1,3,5,3,353,Clients fidèles
U07747,Standard,494,8,3236.74,1,3,3,133,À risque
U02719,Standard,156,8,3237.57,3,3,3,333,Clients fidèles
U05684,Standard,38,3,3239.44,5,1,3,513,Nouveaux
U10396,Standard,6,10,3241.56,5,3,3,533,Clients fidèles
U00413,Budget,62,10,3241.9,4,3,3,433,Clients fidèles
U07483,Premium,38,28,3244.35,5,5,3,553,Clients fidèles
U07191,Standard,69,5,3247.89,4,2,3,423,Nouveaux
U08445,Budget,275,7,3248.55,2,2,3,223,Perdus
U10771,Standard,68,16,3248.69,4,4,3,443,Clients fidèles
U10356,Standard,52,12,3249.02,4,4,3,443,Clients fidèles
U05755,Premium,187,25,3255.54,3,5,3,353,Clients fidèles
U02907,Standard,275,10,3255.94,2,3,3,233,À risque
U07145,Premium,63,6,3258.08,4,2,3,423,Nouveaux
U05852,Budget,216,3,3258.14,3,1,3,313,Nouveaux
U10652,Budget,40,10,3259.21,5,3,3,533,Clients fidèles
U08638,Budget,279,7,3259.85,2,2,3,223,Perdus
U02319,Premium,131,5,3260.91,3,2,3,323,Nouveaux
U00225,Standard,75,15,3261.73,4,4,3,443,Clients fidèles
U05807,Premium,193,10,3263.69,3,3,3,333,Clients fidèles
U10254,Standard,405,5,3264.83,1,2,3,123,Perdus
U05454,Budget,153,7,3265.03,3,2,3,323,Nouveaux
U09793,Inconnu,0,6,3269.05,5,2,3,523,Nouveaux
U03823,Standard,121,8,3269.99,4,3,3,433,Clients fidèles
U11028,Premium,253,21,3271.02,2,5,3,253,À risque
U05020,Standard,31,8,3271.04,5,3,3,533,Clients fidèles
U04145,Standard,496,5,3272.59,1,2,3,123,Perdus
U05656,Premium,0,16,3272.92,5,4,3,543,Clients fidèles
U02434,Standard,74,7,3273.76,4,2,3,423,Nouveaux
U04826,Standard,276,6,3275.33,2,2,3,223,Perdus
U04527,Budget,37,8,3275.88,5,3,3,533,Clients fidèles
U07559,Budget,94,11,3278.51,4,3,3,433,Clients fidèles
U02342,Budget,508,7,3279.75,1,2,3,123,Perdus
U10108,Budget,433,4,3283.95,1,2,3,123,Perdus
U08880,Premium,488,21,3284.34,1,5,3,153,À risque
U09830,Premium,3,8,3284.64,5,3,3,533,Clients fidèles
U04897,Standard,364,8,3285.15,2,3,3,233,À risque
U07489,Budget,254,12,3285.56,2,4,3,243,À risque
U06021,Budget,237,13,3287.12,3,4,3,343,Clients fidèles
U09526,Premium,377,26,3289.03,2,5,3,253,À risque
U10097,Inconnu,356,12,3289.12,2,4,3,243,À risque
U01220,Standard,479,5,3289.26,1,2,3,123,Perdus
U08963,Premium,0,18,3290.32,5,4,3,543,Clients fidèles
U04309,Premium,365,5,3290.67,2,2,3,223,Perdus
U11326,Standard,0,10,3291.41,5,3,3,533,Clients fidèles
U06237,Standard,4,10,3292.12,5,3,3,533,Clients fidèles
U04289,Standard,429,10,3293.63,1,3,3,133,À risque
U00516,Premium,335,10,3295.76,2,3,3,233,À risque
U05918,Standard,188,11,3296.09,3,3,3,333,Clients fidèles
U09226,Standard,521,5,3297.82,1,2,3,123,Perdus
U07704,Inconnu,247,11,3299.84,2,3,3,233,À risque
U09258,Premium,214,27,3301.04,3,5,3,353,Clients fidèles
U04740,Standard,373,8,3301.52,2,3,3,233,À risque
U00253,Budget,223,6,3301.64,3,2,3,323,Nouveaux
U11489,Standard,385,5,3302.45,1,2,3,123,Perdus
U11843,Budget,15,4,3302.66,5,2,3,523,Nouveaux
U07809,Standard,312,9,3303.37,2,3,3,233,À risque
U00617,Premium,216,15,3305.66,3,4,3,343,Clients fidèles
U09677,Budget,1,7,3305.91,5,2,3,523,Nouveaux
U11487,Premium,585,11,3306.61,1,3,3,133,À risque
U04789,Budget,469,6,3306.67,1,2,3,123,Perdus
U04631,Budget,334,8,3306.72,2,3,3,233,À risque
U11695,Standard,208,11,3306.85,3,4,3,343,Clients fidèles
U08441,Budget,129,5,3310.36,3,2,3,323,Nouveaux
U02569,Budget,255,9,3310.65,2,3,3,233,À risque
U02428,Premium,61,12,3311.54,4,4,3,443,Clients fidèles
U06937,Budget,268,13,3311.9,2,4,3,243,À risque
U04284,Standard,8,11,3312.53,5,3,3,533,Clients fidèles
U09347,Standard,582,10,3312.65,1,3,3,133,À risque
U07073,Standard,497,12,3312.66,1,4,3,143,À risque
U02896,Inconnu,202,7,3313.44,3,2,3,323,Nouveaux
U06547,Standard,48,15,3313.44,4,4,3,443,Clients fidèles
U01334,VIP,42,21,3313.48,5,5,3,553,Clients fidèles
U07879,Standard,98,6,3314.76,4,2,3,423,Nouveaux
U10923,Budget,118,8,3314.82,4,3,3,433,Clients fidèles
U07392,Budget,242,7,3315.11,3,2,3,323,Nouveaux
U00757,Budget,411,4,3319.33,1,1,3,113,Perdus
U03228,Standard,520,10,3321.61,1,3,3,133,À risque
U08563,Premium,367,9,3322.64,2,3,3,233,À risque
U09823,Premium,6,31,3324.09,5,5,3,553,Clients fidèles
U06497,Standard,319,20,3324.84,2,5,3,253,À risque
U10189,Standard,329,10,3325.15,2,3,3,233,À risque
U01848,Budget,140,6,3325.99,3,2,3,323,Nouveaux
U08186,Premium,163,10,3328.17,3,3,3,333,Clients fidèles
U00591,Budget,139,8,3328.26,3,3,3,333,Clients fidèles
U01704,Standard,276,10,3328.41,2,3,3,233,À risque
U09569,VIP,461,36,3328.47,1,5,3,153,À risque
U00409,Standard,314,9,3329.87,2,3,3,233,À risque
U00441,Standard,321,2,3330.71,2,1,3,213,Perdus
U01045,Standard,159,19,3332.92,3,4,3,343,Clients fidèles
U00310,Standard,582,8,3334.36,1,3,3,133,À risque
U04683,Budget,212,8,3334.52,3,3,3,333,Clients fidèles
U05305,Premium,194,16,3334.53,3,4,3,343,Clients fidèles
U10709,Standard,128,8,3335.05,4,3,3,433,Clients fidèles
U05669,Budget,474,3,3337.02,1,1,3,113,Perdus
U07107,Budget,188,10,3337.51,3,3,3,333,Clients fidèles
U07772,VIP,0,14,3337.58,5,4,3,543,Clients fidèles
U03527,Premium,3,9,3338.08,5,3,3,533,Clients fidèles
U03498,Budget,401,6,3340.79,1,2,3,123,Perdus
U09120,Standard,491,5,3342.94,1,2,3,123,Perdus
U05990,Standard,673,3,3343.08,1,1,3,113,Perdus
U04872,Standard,126,12,3345.71,4,4,3,443,Clients fidèles
U09437,Standard,383,11,3347.5,2,3,3,233,À risque
U08604,Budget,2,6,3348.74,5,2,3,523,Nouveaux
U02388,Premium,93,4,3349.04,4,1,3,413,Nouveaux
U09940,Budget,437,6,3350.77,1,2,3,123,Perdus
U06074,Standard,186,9,3351.6,3,3,3,333,Clients fidèles
U03409,Premium,187,16,3352.2,3,4,3,343,Clients fidèles
U09435,Standard,341,8,3353.75,2,3,3,233,À risque
U04485,Standard,96,14,3354.46,4,4,3,443,Clients fidèles
U07226,VIP,4,15,3355.72,5,4,3,543,Clients fidèles
U02418,Standard,46,7,3358.09,5,2,3,523,Nouveaux
U04426,Premium,61,9,3358.46,4,3,3,433,Clients fidèles
U11625,Budget,157,4,3359.56,3,2,3,323,Nouveaux
U10443,Standard,245,10,3360.54,3,3,3,333,Clients fidèles
U02399,Premium,154,6,3362.04,3,2,3,323,Nouveaux
U10268,Budget,105,9,3362.06,4,3,3,433,Clients fidèles
U08415,Standard,105,10,3364.85,4,3,3,433,Clients fidèles
U03893,Budget,1,7,3365.5,5,2,3,523,Nouveaux
U02441,Premium,581,8,3365.53,1,3,3,133,À risque
U05624,Budget,173,9,3365.72,3,3,3,333,Clients fidèles
U08969,Standard,433,7,3366.48,1,2,3,123,Perdus
U02747,Premium,245,24,3369.02,3,5,3,353,Clients fidèles
U09728,Budget,15,5,3370.81,5,2,3,523,Nouveaux
U08722,Budget,158,10,3371.56,3,3,3,333,Clients fidèles
U00998,Premium,249,22,3371.66,2,5,3,253,À risque
U09095,Standard,334,14,3372.68,2,4,3,243,À risque
U08281,Standard,607,4,3373.55,1,2,3,123,Perdus
U05323,Standard,210,7,3373.99,3,2,3,323,Nouveaux
U08872,Standard,33,3,3374.0,5,1,3,513,Nouveaux
U00115,Budget,41,5,3375.32,5,2,3,523,Nouveaux
U10311,Standard,5,17,3375.54,5,4,3,543,Clients fidèles
U11290,Budget,336,4,3375.98,2,2,3,223,Perdus
U00801,Standard,50,7,3377.09,4,2,3,423,Nouveaux
U09680,Standard,399,11,3378.75,1,3,3,133,À risque
U01218,Standard,127,13,3380.16,4,4,3,443,Clients fidèles
U08326,Standard,338,4,3380.85,2,2,3,223,Perdus
U08135,Standard,338,11,3383.17,2,3,3,233,À risque
U01407,Premium,1,29,3385.31,5,5,3,553,Clients fidèles
U07917,Budget,67,6,3386.66,4,2,3,423,Nouveaux
U01819,Inconnu,341,8,3387.85,2,3,3,233,À risque
U08316,Standard,229,13,3388.24,3,4,3,343,Clients fidèles
U01830,Standard,310,18,3388.41,2,4,3,243,À risque
U05674,Budget,0,15,3388.62,5,4,3,543,Clients fidèles
U07988,Standard,332,8,3389.36,2,3,3,233,À risque
U05064,Standard,187,12,3390.54,3,4,3,343,Clients fidèles
U08195,Premium,222,20,3390.99,3,5,3,353,Clients fidèles
U02658,Premium,275,17,3391.48,2,4,3,243,À risque
U01859,Standard,218,12,3391.66,3,4,3,343,Clients fidèles
U05174,Budget,264,8,3392.18,2,3,3,233,À risque
U11746,Standard,611,7,3392.92,1,3,3,133,À risque
U08437,Standard,512,5,3393.51,1,2,3,123,Perdus
U04895,Standard,366,8,3393.7,2,3,3,233,À risque
U07206,VIP,2,24,3394.73,5,5,3,553,Clients fidèles
U06486,Premium,184,35,3394.77,3,5,3,353,Clients fidèles
U08864,Budget,219,14,3396.79,3,4,3,343,Clients fidèles
U09825,Premium,323,5,3396.88,2,2,3,223,Perdus
U07670,Standard,249,8,3396.91,2,3,3,233,À risque
U06536,Standard,69,8,3398.08,4,3,3,433,Clients fidèles
U11752,Premium,4,8,3398.79,5,3,3,533,Clients fidèles
U03383,Standard,335,12,3398.97,2,4,3,243,À risque
U02177,Premium,307,14,3400.33,2,4,3,243,À risque
U03750,Standard,397,12,3401.53,1,4,3,143,À risque
U11048,VIP,427,22,3402.91,1,5,3,153,À risque
U06485,Budget,45,3,3403.21,5,1,3,513,Nouveaux
U02172,Budget,679,8,3404.36,1,3,3,133,À risque
U06199,Premium,579,19,3405.3,1,5,3,153,À risque
U07885,Budget,465,6,3405.65,1,2,3,123,Perdus
U03784,Budget,246,17,3407.28,2,4,3,243,À risque
U07441,Premium,365,17,3407.61,2,4,3,243,À risque
U01941,Premium,31,18,3407.74,5,4,3,543,Clients fidèles
U10506,Standard,62,4,3408.42,4,2,3,423,Nouveaux
U11051,Standard,347,10,3409.6,2,3,3,233,À risque
U08652,Budget,18,12,3410.89,5,4,3,543,Clients fidèles
U11825,Standard,460,5,3411.06,1,2,3,123,Perdus
U01612,Standard,248,8,3411.33,2,3,3,233,À risque
U01292,Premium,459,12,3411.54,1,4,3,143,À risque
U10587,Standard,81,7,3411.83,4,2,3,423,Nouveaux
U10831,Budget,261,9,3413.11,2,3,3,233,À risque
U10754,VIP,42,22,3416.82,5,5,3,553,Clients fidèles
U08806,Budget,198,7,3418.88,3,2,3,323,Nouveaux
U08585,Standard,553,11,3419.03,1,3,3,133,À risque
U10606,Standard,3,9,3419.27,5,3,3,533,Clients fidèles
U00727,Standard,551,12,3420.44,1,4,3,143,À risque
U07455,Budget,640,3,3420.71,1,1,3,113,Perdus
U05502,Standard,426,11,3422.6,1,3,3,133,À risque
U11680,Budget,398,5,3422.71,1,2,3,123,Perdus
U07147,Standard,34,3,3423.84,5,1,3,513,Nouveaux
U09902,Standard,98,18,3424.28,4,4,3,443,Clients fidèles
U05869,VIP,153,14,3426.75,3,4,3,343,Clients fidèles
U03818,Standard,672,5,3427.46,1,2,3,123,Perdus
U07886,Standard,321,7,3428.57,2,2,3,223,Perdus
U05391,Standard,159,7,3429.16,3,2,3,323,Nouveaux
U11389,Budget,124,7,3430.18,4,3,3,433,Clients fidèles
U06751,Standard,102,12,3430.88,4,4,3,443,Clients fidèles
U08517,Premium,214,16,3430.97,3,4,3,343,Clients fidèles
U09917,Budget,187,9,3431.26,3,3,3,333,Clients fidèles
U01757,Standard,583,3,3432.41,1,1,3,113,Perdus
U05743,Premium,215,16,3432.65,3,4,3,343,Clients fidèles
U03848,Standard,63,4,3433.71,4,1,3,413,Nouveaux
U08079,Standard,94,11,3434.37,4,3,3,433,Clients fidèles
U05612,Standard,40,18,3434.57,5,4,3,543,Clients fidèles
U07539,Inconnu,12,11,3434.59,5,3,3,533,Clients fidèles
U05090,Budget,153,4,3435.09,3,1,3,313,Nouveaux
U02027,Premium,340,15,3435.35,2,4,3,243,À risque
U00415,Standard,278,7,3436.33,2,2,3,223,Perdus
U09856,Budget,123,7,3437.11,4,2,3,423,Nouveaux
U09679,Premium,369,18,3438.8,2,4,3,243,À risque
U03392,Premium,427,23,3439.61,1,5,3,153,À risque
U01789,Budget,147,4,3440.11,3,1,3,313,Nouveaux
U04029,Budget,617,7,3445.19,1,2,3,123,Perdus
U11177,Budget,112,8,3445.64,4,3,3,433,Clients fidèles
U08573,Standard,459,10,3446.22,1,3,3,133,À risque
U04545,Inconnu,136,12,3450.12,3,4,3,343,Clients fidèles
U04604,Premium,47,23,3451.2,4,5,3,453,Clients fidèles
U09324,Premium,437,15,3452.7,1,4,3,143,À risque
U07076,Standard,92,14,3454.08,4,4,3,443,Clients fidèles
U02086,Premium,25,13,3454.09,5,4,3,543,Clients fidèles
U11355,Standard,127,11,3455.8,4,3,3,433,Clients fidèles
U09432,Premium,69,17,3456.17,4,4,3,443,Clients fidèles
U09044,Premium,122,13,3456.22,4,4,3,443,Clients fidèles
U01164,Standard,253,9,3457.28,2,3,3,233,À risque
U02508,Premium,12,21,3457.59,5,5,3,553,Clients fidèles
U08263,Standard,683,6,3458.43,1,2,3,123,Perdus
U08100,Budget,666,3,3458.49,1,1,3,113,Perdus
U00936,Standard,248,15,3458.52,2,4,3,243,À risque
U10303,Budget,4,10,3460.45,5,3,3,533,Clients fidèles
U08695,VIP,31,8,3461.75,5,3,3,533,Clients fidèles
U11782,Standard,336,8,3463.69,2,3,3,233,À risque
U06857,Standard,92,11,3463.99,4,3,3,433,Clients fidèles
U09074,Budget,217,13,3465.07,3,4,3,343,Clients fidèles
U05259,Standard,214,24,3465.66,3,5,3,353,Clients fidèles
U03688,Budget,261,4,3465.75,2,1,3,213,Perdus
U08662,VIP,463,21,3465.77,1,5,3,153,À risque
U04208,Premium,426,7,3465.88,1,2,3,123,Perdus
U00003,Inconnu,154,7,3467.12,3,2,3,323,Nouveaux
U00903,Budget,216,7,3467.46,3,2,3,323,Nouveaux
U04852,Budget,39,4,3468.66,5,1,3,513,Nouveaux
U02919,Budget,188,12,3469.78,3,4,3,343,Clients fidèles
U11575,Budget,411,6,3470.28,1,2,3,123,Perdus
U07249,Standard,54,5,3472.06,4,2,3,423,Nouveaux
U05125,Budget,86,6,3472.41,4,2,3,423,Nouveaux
U01773,Standard,427,16,3472.74,1,4,3,143,À risque
U05058,Premium,192,18,3473.12,3,4,3,343,Clients fidèles
U10513,Premium,136,11,3473.47,3,3,3,333,Clients fidèles
U07274,Standard,252,13,3473.67,2,4,3,243,À risque
U10885,Standard,9,4,3476.18,5,2,3,523,Nouveaux
U11369,Standard,290,13,3477.13,2,4,3,243,À risque
U00350,Budget,450,4,3478.38,1,1,3,113,Perdus
U08159,Premium,397,22,3479.24,1,5,3,153,À risque
U06575,Premium,9,15,3480.21,5,4,3,543,Clients fidèles
U00641,Budget,464,12,3480.64,1,4,3,143,À risque
U07694,VIP,214,32,3481.04,3,5,3,353,Clients fidèles
U06343,Budget,251,6,3482.03,2,2,3,223,Perdus
U07246,Standard,172,9,3482.25,3,3,3,333,Clients fidèles
U03520,Standard,676,6,3482.64,1,2,3,123,Perdus
U00630,Standard,61,11,3482.94,4,3,3,433,Clients fidèles
U01987,Inconnu,24,11,3483.68,5,3,3,533,Clients fidèles
U10456,VIP,3,8,3484.27,5,3,3,533,Clients fidèles
U01997,Standard,6,5,3484.41,5,2,3,523,Nouveaux
U06345,Standard,95,15,3486.37,4,4,3,443,Clients fidèles
U01402,Standard,229,8,3486.51,3,3,3,333,Clients fidèles
U05281,Standard,4,11,3486.62,5,3,3,533,Clients fidèles
U02339,Budget,315,5,3488.51,2,2,3,223,Perdus
U02927,Budget,342,8,3488.54,2,3,3,233,À risque
U02900,Budget,10,17,3489.19,5,4,3,543,Clients fidèles
U11221,Premium,246,18,3489.21,3,4,3,343,Clients fidèles
U08768,Premium,289,11,3489.33,2,3,3,233,À risque
U10718,Inconnu,10,10,3491.05,5,3,3,533,Clients fidèles
U09494,Standard,31,13,3493.08,5,4,3,543,Clients fidèles
U02077,Standard,434,13,3493.4,1,4,3,143,À risque
U09712,Premium,459,8,3495.69,1,3,3,133,À risque
U00510,Standard,232,11,3497.69,3,3,3,333,Clients fidèles
U04411,Standard,184,10,3499.91,3,3,3,333,Clients fidèles
U09242,Standard,251,12,3501.85,2,4,3,243,À risque
U04803,Budget,95,3,3502.75,4,1,3,413,Nouveaux
U01196,Standard,28,7,3503.19,5,2,3,523,Nouveaux
U04251,Standard,122,14,3504.16,4,4,3,443,Clients fidèles
U06774,Standard,603,9,3505.8,1,3,3,133,À risque
U10712,Budget,124,7,3505.91,4,3,3,433,Clients fidèles
U08667,Budget,264,9,3506.01,2,3,3,233,À risque
U11261,Standard,505,8,3506.72,1,3,3,133,À risque
U09169,Standard,129,9,3508.18,3,3,3,333,Clients fidèles
U00019,Standard,220,9,3508.95,3,3,3,333,Clients fidèles
U11022,Standard,315,6,3509.23,2,2,3,223,Perdus
U11904,Premium,7,16,3509.31,5,4,3,543,Clients fidèles
U06706,Premium,519,20,3509.44,1,5,3,153,À risque
U07999,Budget,322,6,3509.64,2,2,3,223,Perdus
U01337,Standard,220,5,3510.16,3,2,3,323,Nouveaux
U03411,Budget,483,4,3510.32,1,1,3,113,Perdus
U01562,Standard,174,17,3510.52,3,4,3,343,Clients fidèles
U01822,Inconnu,195,5,3510.56,3,2,3,323,Nouveaux
U02495,Standard,398,11,3512.36,1,3,3,133,À risque
U05175,Budget,297,8,3513.7,2,3,3,233,À risque
U04017,Standard,245,9,3514.38,3,3,3,333,Clients fidèles
U09009,Standard,31,15,3515.73,5,4,3,543,Clients fidèles
U05236,Standard,502,13,3515.84,1,4,3,143,À risque
U05527,Premium,184,17,3516.6,3,4,3,343,Clients fidèles
U05503,Standard,335,11,3517.63,2,3,3,233,À risque
U00610,Standard,401,13,3517.95,1,4,3,143,À risque
U04268,Standard,257,8,3518.23,2,3,3,233,À risque
U07240,Standard,253,11,3518.45,2,3,3,233,À risque
U00804,Standard,92,13,3518.63,4,4,3,443,Clients fidèles
U01267,Standard,42,7,3519.56,5,2,3,523,Nouveaux
U11959,Budget,255,8,3521.55,2,3,3,233,À risque
U07912,Standard,116,15,3522.11,4,4,3,443,Clients fidèles
U06989,Budget,31,6,3524.35,5,2,3,523,Nouveaux
U02222,Budget,320,4,3528.58,2,1,3,213,Perdus
U10540,Budget,1,7,3529.92,5,2,3,523,Nouveaux
U09832,Premium,488,14,3529.96,1,4,3,143,À risque
U10370,Premium,3,10,3530.4,5,3,3,533,Clients fidèles
U05845,Standard,126,12,3531.77,4,4,3,443,Clients fidèles
U09758,Standard,45,4,3532.22,5,2,3,523,Nouveaux
U04388,Premium,15,19,3532.3,5,4,3,543,Clients fidèles
U08783,Standard,338,8,3532.48,2,3,3,233,À risque
U04707,Standard,32,6,3536.36,5,2,3,523,Nouveaux
U05428,Standard,251,7,3536.9,2,2,3,223,Perdus
U00717,Premium,42,8,3537.99,5,3,3,533,Clients fidèles
U07599,Premium,255,8,3540.66,2,3,3,233,À risque
U10345,Standard,97,6,3544.41,4,2,3,423,Nouveaux
U08470,Standard,339,19,3545.43,2,5,3,253,À risque
U04467,Standard,214,14,3546.54,3,4,3,343,Clients fidèles
U06024,Premium,520,21,3546.76,1,5,3,153,À risque
U03284,Standard,316,11,3546.96,2,3,3,233,À risque
U02916,Budget,383,3,3547.11,2,1,3,213,Perdus
U03148,Premium,334,27,3548.0,2,5,3,253,À risque
U00432,Premium,64,21,3548.41,4,5,3,453,Clients fidèles
U03879,Premium,153,23,3549.09,3,5,3,353,Clients fidèles
U11299,Budget,14,4,3549.12,5,2,3,523,Nouveaux
U06140,VIP,551,21,3550.23,1,5,3,153,À risque
U10096,Standard,78,15,3550.3,4,4,3,443,Clients fidèles
U02230,Standard,3,7,3552.02,5,2,3,523,Nouveaux
U00191,Standard,178,15,3552.32,3,4,3,343,Clients fidèles
U05370,Standard,158,7,3552.99,3,2,3,323,Nouveaux
U07574,Standard,434,9,3553.65,1,3,3,133,À risque
U08911,Premium,675,10,3555.37,1,3,3,133,À risque
U09165,Standard,184,11,3556.33,3,3,3,333,Clients fidèles
U07985,Standard,126,12,3559.66,4,4,3,443,Clients fidèles
U10068,Standard,311,13,3561.29,2,4,3,243,À risque
U04372,Standard,97,9,3562.01,4,3,3,433,Clients fidèles
U01253,Standard,33,5,3563.01,5,2,3,523,Nouveaux
U01027,Standard,313,14,3563.02,2,4,3,243,À risque
U03118,Budget,180,6,3563.78,3,2,3,323,Nouveaux
U10011,Standard,190,16,3564.87,3,4,3,343,Clients fidèles
U04477,Standard,280,6,3565.48,2,2,3,223,Perdus
U10990,Budget,3,8,3565.89,5,3,3,533,Clients fidèles
U03058,Premium,493,16,3566.95,1,4,3,143,À risque
U07377,Budget,329,6,3568.4,2,2,3,223,Perdus
U07450,Standard,249,17,3568.81,2,4,3,243,À risque
U01893,Budget,58,7,3569.54,4,2,3,423,Nouveaux
U07272,Inconnu,5,31,3571.44,5,5,3,553,Clients fidèles
U08453,Budget,365,8,3572.34,2,3,3,233,À risque
U07958,Premium,163,30,3575.58,3,5,3,353,Clients fidèles
U09477,Budget,407,6,3577.74,1,2,3,123,Perdus
U10209,Standard,507,9,3578.24,1,3,3,133,À risque
U02840,Standard,13,12,3579.05,5,4,3,543,Clients fidèles
U05119,Standard,277,11,3579.49,2,3,3,233,À risque
U04310,Premium,8,13,3579.76,5,4,3,543,Clients fidèles
U06104,Premium,49,25,3580.51,4,5,3,453,Clients fidèles
U06778,Premium,291,9,3580.98,2,3,3,233,À risque
U07296,Standard,31,21,3581.21,5,5,3,553,Clients fidèles
U06842,Budget,104,11,3581.27,4,3,3,433,Clients fidèles
U11547,Premium,35,10,3581.88,5,3,3,533,Clients fidèles
U08103,Premium,280,15,3581.94,2,4,3,243,À risque
U09781,Standard,279,11,3582.35,2,3,3,233,À risque
U00100,Premium,253,8,3583.01,2,3,3,233,À risque
U11900,Premium,251,21,3584.44,2,5,3,253,À risque
U08029,Standard,252,15,3586.42,2,4,3,243,À risque
U11697,Premium,20,17,3586.47,5,4,3,543,Clients fidèles
U05067,Budget,1,7,3586.84,5,2,3,523,Nouveaux
U09956,Standard,136,15,3587.05,3,4,3,343,Clients fidèles
U06526,Budget,145,5,3587.33,3,2,3,323,Nouveaux
U03237,Premium,33,13,3587.93,5,4,3,543,Clients fidèles
U10086,Budget,130,7,3589.78,3,2,3,323,Nouveaux
U03456,Standard,2,16,3589.99,5,4,3,543,Clients fidèles
U05843,Premium,461,12,3593.31,1,4,3,143,À risque
U00335,Budget,0,21,3593.34,5,5,3,553,Clients fidèles
U08053,Standard,477,9,3594.5,1,3,3,133,À risque
U09203,Standard,374,9,3596.1,2,3,3,233,À risque
U05700,Standard,515,11,3597.09,1,3,3,133,À risque
U03278,Inconnu,61,9,3598.54,4,3,3,433,Clients fidèles
U10329,Premium,153,13,3599.69,3,4,3,343,Clients fidèles
U03894,VIP,487,37,3601.53,1,5,3,153,À risque
U06245,Premium,9,20,3601.63,5,5,3,553,Clients fidèles
U09215,Standard,344,17,3602.12,2,4,3,243,À risque
U10291,Premium,61,17,3605.89,4,4,3,443,Clients fidèles
U05851,Standard,649,4,3606.43,1,1,3,113,Perdus
U06705,Premium,33,8,3606.61,5,3,3,533,Clients fidèles
U08464,Standard,321,11,3607.16,2,3,3,233,À risque
U11026,Standard,25,13,3607.61,5,4,3,543,Clients fidèles
U03909,Budget,55,19,3607.95,4,4,3,443,Clients fidèles
U06915,Standard,437,12,3609.4,1,4,3,143,À risque
U02670,Budget,44,9,3609.73,5,3,3,533,Clients fidèles
U06367,Standard,260,12,3610.24,2,4,3,243,À risque
U00004,Standard,247,13,3610.76,2,4,3,243,À risque
U07322,Standard,359,8,3612.15,2,3,3,233,À risque
U01080,Premium,397,21,3612.52,1,5,3,153,À risque
U08923,Standard,340,11,3613.22,2,3,3,233,À risque
U04753,VIP,92,42,3614.22,4,5,3,453,Clients fidèles
U08467,Standard,38,9,3614.53,5,3,3,533,Clients fidèles
U03781,Budget,338,8,3615.07,2,3,3,233,À risque
U03803,Standard,418,14,3615.41,1,4,3,143,À risque
U07305,Standard,9,5,3615.82,5,2,3,523,Nouveaux
U04338,Standard,12,9,3617.06,5,3,3,533,Clients fidèles
U03869,Budget,340,7,3617.77,2,2,3,223,Perdus
U04127,Standard,18,4,3617.88,5,1,3,513,Nouveaux
U01626,Budget,10,13,3619.97,5,4,3,543,Clients fidèles
U00107,Budget,197,6,3621.88,3,2,3,323,Nouveaux
U01252,Premium,215,10,3624.13,3,3,3,333,Clients fidèles
U11606,Premium,95,19,3627.44,4,5,3,453,Clients fidèles
U07649,Standard,245,14,3627.6,3,4,3,343,Clients fidèles
U08893,Premium,277,13,3629.04,2,4,3,243,À risque
U04625,Standard,655,9,3629.48,1,3,3,133,À risque
U01142,Standard,549,12,3631.84,1,4,3,143,À risque
U08821,Standard,461,5,3633.08,1,2,3,123,Perdus
U11337,Budget,527,6,3634.29,1,2,3,123,Perdus
U03348,Standard,77,18,3635.16,4,4,3,443,Clients fidèles
U01556,VIP,70,21,3635.18,4,5,3,453,Clients fidèles
U03294,VIP,396,21,3636.76,1,5,3,153,À risque
U02892,VIP,399,23,3637.95,1,5,3,153,À risque
U10354,Premium,23,9,3638.35,5,3,3,533,Clients fidèles
U09219,Standard,152,12,3638.65,3,4,3,343,Clients fidèles
U04203,Standard,73,16,3639.0,4,4,3,443,Clients fidèles
U04859,Premium,3,18,3639.27,5,4,3,543,Clients fidèles
U11649,Budget,156,14,3639.92,3,4,3,343,Clients fidèles
U11884,VIP,1,8,3641.99,5,3,3,533,Clients fidèles
U05100,Budget,126,6,3644.91,4,2,3,423,Nouveaux
U05069,Premium,33,13,3645.68,5,4,3,543,Clients fidèles
U11848,VIP,426,38,3645.93,1,5,3,153,À risque
U08120,Standard,214,13,3646.98,3,4,3,343,Clients fidèles
U05290,Premium,338,21,3647.13,2,5,3,253,À risque
U02361,Budget,278,11,3647.29,2,3,3,233,À risque
U01990,VIP,93,31,3649.05,4,5,3,453,Clients fidèles
U07594,Budget,238,7,3649.62,3,2,3,323,Nouveaux
U02138,Standard,3,5,3649.74,5,2,3,523,Nouveaux
U04385,Premium,68,15,3649.81,4,4,3,443,Clients fidèles
U09280,Premium,5,17,3650.77,5,4,3,543,Clients fidèles
U11704,Standard,247,11,3654.9,2,4,3,243,À risque
U05146,Budget,0,9,3658.1,5,3,3,533,Clients fidèles
U05792,VIP,34,13,3659.24,5,4,3,543,Clients fidèles
U05287,Premium,92,20,3660.32,4,5,3,453,Clients fidèles
U06710,VIP,190,20,3660.84,3,5,3,353,Clients fidèles
U03926,Standard,308,12,3662.77,2,4,3,243,À risque
U00181,Budget,129,11,3662.99,3,3,3,333,Clients fidèles
U00424,Premium,340,21,3663.04,2,5,3,253,À risque
U09974,Budget,309,6,3663.69,2,2,3,223,Perdus
U06179,Budget,157,3,3664.09,3,1,3,313,Nouveaux
U03970,VIP,2,16,3664.4,5,4,3,543,Clients fidèles
U10376,Standard,367,10,3664.69,2,3,3,233,À risque
U03395,Standard,429,10,3664.89,1,3,3,133,À risque
U11185,Standard,162,19,3665.34,3,5,3,353,Clients fidèles
U08422,Premium,65,19,3666.94,4,5,3,453,Clients fidèles
U01215,Premium,434,20,3667.06,1,5,3,153,À risque
U10149,Standard,279,11,3669.32,2,3,3,233,À risque
U11192,Standard,442,21,3670.05,1,5,3,153,À risque
U08892,Standard,430,11,3671.55,1,3,3,133,À risque
U02630,Budget,185,4,3672.8,3,1,3,313,Nouveaux
U03959,Standard,33,11,3673.4,5,3,3,533,Clients fidèles
U04990,Budget,297,1,3674.83,2,1,3,213,Perdus
U06191,Budget,468,7,3675.9,1,2,3,123,Perdus
U05798,Standard,26,10,3678.49,5,3,3,533,Clients fidèles
U04064,Standard,675,4,3680.6,1,1,3,113,Perdus
U10258,Standard,154,13,3682.36,3,4,3,343,Clients fidèles
U10082,Budget,196,6,3682.83,3,2,3,323,Nouveaux
U00518,Standard,263,7,3683.03,2,2,3,223,Perdus
U06858,Standard,63,12,3684.64,4,4,3,443,Clients fidèles
U07760,Standard,427,5,3688.33,1,2,3,123,Perdus
U07197,Standard,224,13,3688.37,3,4,3,343,Clients fidèles
U00873,Standard,371,18,3691.99,2,4,3,243,À risque
U05954,Budget,185,11,3694.89,3,3,3,333,Clients fidèles
U04577,Standard,416,8,3695.49,1,3,3,133,À risque
U04481,Budget,367,7,3696.89,2,2,3,223,Perdus
U10054,VIP,38,15,3697.36,5,4,3,543,Clients fidèles
U03996,Standard,399,7,3698.06,1,2,3,123,Perdus
U10670,Premium,310,26,3698.31,2,5,3,253,À risque
U02373,Premium,82,24,3698.88,4,5,3,453,Clients fidèles
U10619,VIP,37,13,3701.41,5,4,3,543,Clients fidèles
U00608,Premium,278,10,3702.2,2,3,3,233,À risque
U06420,Standard,307,8,3703.77,2,3,3,233,À risque
U11664,Standard,138,8,3704.07,3,3,3,333,Clients fidèles
U11580,Premium,106,6,3705.72,4,2,3,423,Nouveaux
U05725,Premium,309,21,3706.1,2,5,3,253,À risque
U04246,Premium,344,18,3706.22,2,4,3,243,À risque
U02423,Standard,461,11,3708.67,1,3,3,133,À risque
U07237,Premium,247,14,3708.74,2,4,3,243,À risque
U01182,Premium,9,22,3711.25,5,5,3,553,Clients fidèles
U01526,Standard,411,14,3713.88,1,4,3,143,À risque
U04846,Budget,193,8,3715.02,3,3,3,333,Clients fidèles
U05183,VIP,581,13,3715.58,1,4,3,143,À risque
U11725,Standard,4,16,3715.9,5,4,3,543,Clients fidèles
U05392,Premium,131,8,3717.7,3,3,3,333,Clients fidèles
U04883,Standard,348,6,3718.43,2,2,3,223,Perdus
U06909,Inconnu,6,11,3720.37,5,3,3,533,Clients fidèles
U08612,Standard,339,11,3720.57,2,3,3,233,À risque
U10634,Standard,234,10,3720.76,3,3,3,333,Clients fidèles
U02992,Budget,157,6,3721.85,3,2,3,323,Nouveaux
U04118,Standard,66,8,3722.23,4,3,3,433,Clients fidèles
U00487,Premium,307,26,3723.35,2,5,3,253,À risque
U11149,Premium,307,21,3723.44,2,5,3,253,À risque
U07566,Premium,372,17,3723.62,2,4,3,243,À risque
U04766,Standard,62,11,3724.62,4,3,3,433,Clients fidèles
U03865,Standard,6,6,3725.36,5,2,3,523,Nouveaux
U05390,Premium,159,14,3726.4,3,4,3,343,Clients fidèles
U07635,Premium,38,12,3727.02,5,4,3,543,Clients fidèles
U08078,Budget,221,7,3730.39,3,2,3,323,Nouveaux
U02213,Premium,95,21,3731.6,4,5,3,453,Clients fidèles
U01444,Standard,281,14,3731.78,2,4,3,243,À risque
U10432,Premium,76,8,3733.87,4,3,3,433,Clients fidèles
U04874,Budget,33,14,3734.76,5,4,3,543,Clients fidèles
U09127,Budget,49,9,3735.72,4,3,3,433,Clients fidèles
U06822,Standard,47,10,3736.08,5,3,3,533,Clients fidèles
U09144,Standard,92,7,3736.88,4,2,3,423,Nouveaux
U08831,Inconnu,210,3,3737.1,3,1,3,313,Nouveaux
U08133,Standard,8,11,3738.48,5,3,3,533,Clients fidèles
U08876,Premium,215,14,3739.57,3,4,3,343,Clients fidèles
U00079,Standard,191,12,3741.82,3,4,3,343,Clients fidèles
U11082,Standard,550,7,3742.72,1,3,3,133,À risque
U05955,Standard,191,14,3744.18,3,4,3,343,Clients fidèles
U10133,Standard,78,8,3744.2,4,3,3,433,Clients fidèles
U04964,Premium,1,9,3746.51,5,3,3,533,Clients fidèles
U01321,Standard,521,10,3747.76,1,3,3,133,À risque
U08132,Premium,32,8,3750.33,5,3,3,533,Clients fidèles
U05441,Budget,124,13,3752.62,4,4,3,443,Clients fidèles
U06562,Budget,95,6,3752.91,4,2,3,423,Nouveaux
U02993,Premium,2,7,3753.73,5,2,3,523,Nouveaux
U03992,Budget,61,5,3753.76,4,2,3,423,Nouveaux
U01741,Standard,95,7,3753.93,4,2,3,423,Nouveaux
U02735,Premium,221,14,3755.82,3,4,3,343,Clients fidèles
U11994,Premium,124,13,3757.2,4,4,3,443,Clients fidèles
U08359,Premium,1,9,3758.08,5,3,3,533,Clients fidèles
U03867,Standard,503,11,3762.27,1,3,3,133,À risque
U08731,Premium,279,10,3762.72,2,3,3,233,À risque
U03984,Standard,157,10,3763.5,3,3,3,333,Clients fidèles
U07965,Standard,72,12,3764.41,4,4,3,443,Clients fidèles
U08507,Budget,398,9,3766.09,1,3,3,133,À risque
U02390,Premium,34,8,3768.3,5,3,3,533,Clients fidèles
U09012,Premium,40,4,3769.36,5,2,3,523,Nouveaux
U04361,Budget,160,11,3770.77,3,3,3,333,Clients fidèles
U01149,Budget,2,7,3771.15,5,2,3,523,Nouveaux
U06351,Budget,48,13,3773.94,4,4,3,443,Clients fidèles
U06307,Premium,79,25,3775.47,4,5,3,453,Clients fidèles
U03960,Standard,167,10,3777.24,3,3,3,333,Clients fidèles
U06056,Premium,105,22,3777.42,4,5,3,453,Clients fidèles
U02000,Premium,122,18,3779.21,4,4,3,443,Clients fidèles
U07590,Budget,134,14,3779.94,3,4,3,343,Clients fidèles
U04598,Premium,93,6,3780.93,4,2,3,423,Nouveaux
U01278,Budget,1,12,3781.41,5,4,3,543,Clients fidèles
U03304,Premium,127,13,3782.64,4,4,3,443,Clients fidèles
U03695,Budget,642,3,3785.17,1,1,3,113,Perdus
U07891,Premium,469,17,3785.42,1,4,3,143,À risque
U03480,Premium,160,6,3785.71,3,2,3,323,Nouveaux
U01754,Inconnu,157,8,3785.8,3,3,3,333,Clients fidèles
U03942,Standard,187,4,3787.57,3,1,3,313,Nouveaux
U00654,Standard,122,10,3787.65,4,3,3,433,Clients fidèles
U01268,Standard,96,13,3789.16,4,4,3,443,Clients fidèles
U09071,Standard,67,5,3789.35,4,2,3,423,Nouveaux
U06038,Premium,94,20,3789.74,4,5,3,453,Clients fidèles
U01081,Standard,190,11,3792.1,3,3,3,333,Clients fidèles
U06112,Premium,122,23,3797.65,4,5,3,453,Clients fidèles
U04981,Standard,102,17,3799.34,4,4,3,443,Clients fidèles
U02129,Standard,386,11,3801.42,1,3,3,133,À risque
U03179,Premium,380,12,3805.2,2,4,3,243,À risque
U03268,Premium,92,7,3806.35,4,2,3,423,Nouveaux
U08793,Premium,366,9,3806.94,2,3,3,233,À risque
U05453,Inconnu,279,9,3807.95,2,3,3,233,À risque
U05365,VIP,2,7,3808.85,5,2,3,523,Nouveaux
U02537,Standard,63,10,3809.52,4,3,3,433,Clients fidèles
U01560,Premium,457,17,3810.01,1,4,3,143,À risque
U04324,Premium,366,8,3810.11,2,3,3,233,À risque
U03623,Budget,501,9,3810.29,1,3,3,133,À risque
U10742,Premium,78,8,3810.89,4,3,3,433,Clients fidèles
U11708,Budget,182,7,3810.9,3,3,3,333,Clients fidèles
U11956,Standard,217,10,3813.13,3,3,3,333,Clients fidèles
U10320,Standard,253,11,3815.66,2,3,3,233,À risque
U09048,Premium,337,24,3817.78,2,5,3,253,À risque
U02812,Standard,160,13,3819.09,3,4,3,343,Clients fidèles
U01744,Budget,434,6,3819.16,1,2,3,123,Perdus
U08030,VIP,0,15,3820.14,5,4,3,543,Clients fidèles
U02514,Standard,40,12,3820.81,5,4,3,543,Clients fidèles
U01781,Inconnu,334,9,3821.31,2,3,3,233,À risque
U03054,Premium,1,13,3821.53,5,4,3,543,Clients fidèles
U07169,Standard,521,9,3822.06,1,3,3,133,À risque
U03986,Budget,651,6,3822.89,1,2,3,123,Perdus
U00595,Standard,280,22,3823.5,2,5,3,253,À risque
U11683,Standard,33,14,3825.97,5,4,3,543,Clients fidèles
U00075,Premium,1,11,3826.53,5,3,3,533,Clients fidèles
U03386,Budget,306,12,3826.82,2,4,3,243,À risque
U01546,Standard,25,9,3827.23,5,3,3,533,Clients fidèles
U03654,VIP,347,26,3827.99,2,5,3,253,À risque
U10734,Premium,307,9,3828.02,2,3,3,233,À risque
U03500,Standard,1,15,3828.93,5,4,3,543,Clients fidèles
U02397,VIP,2,19,3829.38,5,4,3,543,Clients fidèles
U05754,Standard,465,16,3829.62,1,4,3,143,À risque
U10743,Premium,643,7,3830.3,1,3,3,133,À risque
U06863,Budget,40,8,3830.33,5,3,3,533,Clients fidèles
U06261,Premium,158,27,3830.74,3,5,3,353,Clients fidèles
U07628,Standard,33,16,3831.32,5,4,3,543,Clients fidèles
U01055,Standard,336,11,3833.09,2,3,3,233,À risque
U09733,Budget,278,8,3834.41,2,3,3,233,À risque
U00140,Standard,409,11,3835.55,1,3,3,133,À risque
U01452,Premium,379,13,3835.95,2,4,3,243,À risque
U08447,Premium,369,15,3837.76,2,4,3,243,À risque
U08948,Standard,403,9,3838.95,1,3,3,133,À risque
U11167,Premium,124,8,3839.41,4,3,3,433,Clients fidèles
U04327,Standard,365,18,3839.6,2,4,3,243,À risque
U08894,Budget,277,12,3840.69,2,4,3,243,À risque
U05131,Standard,24,12,3842.51,5,4,3,543,Clients fidèles
U03622,Premium,125,6,3843.36,4,2,3,423,Nouveaux
U06622,Premium,276,16,3843.59,2,4,3,243,À risque
U09833,Standard,62,6,3843.61,4,2,3,423,Nouveaux
U05937,Premium,248,16,3843.78,2,4,3,243,À risque
U04498,VIP,3,34,3844.36,5,5,3,553,Clients fidèles
U07215,Standard,34,20,3846.0,5,5,3,553,Clients fidèles
U03627,Budget,105,3,3848.57,4,1,3,413,Nouveaux
U11107,Standard,282,8,3850.59,2,3,3,233,À risque
U02663,Premium,191,13,3852.35,3,4,3,343,Clients fidèles
U00861,Budget,283,4,3852.82,2,1,3,213,Perdus
U01903,Premium,33,23,3853.79,5,5,3,553,Clients fidèles
U03961,Budget,164,6,3854.55,3,2,3,323,Nouveaux
U03073,Standard,314,10,3854.98,2,3,3,233,À risque
U09611,VIP,245,27,3855.27,3,5,3,353,Clients fidèles
U07230,Premium,8,31,3858.64,5,5,3,553,Clients fidèles
U01940,Budget,158,10,3858.7,3,3,3,333,Clients fidèles
U08935,Standard,61,10,3859.5,4,3,3,433,Clients fidèles
U11485,Premium,1,40,3859.63,5,5,3,553,Clients fidèles
U04825,Premium,381,8,3862.19,2,3,3,233,À risque
U06025,Standard,31,9,3862.84,5,3,3,533,Clients fidèles
U05962,Standard,161,20,3862.88,3,5,3,353,Clients fidèles
U07550,Standard,343,19,3864.14,2,5,3,253,À risque
U07116,Premium,3,12,3864.43,5,4,3,543,Clients fidèles
U00365,Standard,312,14,3864.49,2,4,3,243,À risque
U01894,Premium,338,18,3864.68,2,4,3,243,À risque
U11000,Budget,441,6,3865.61,1,2,3,123,Perdus
U05078,Budget,324,9,3866.38,2,3,3,233,À risque
U06453,Budget,160,9,3866.53,3,3,3,333,Clients fidèles
U02606,Premium,193,18,3866.95,3,4,3,343,Clients fidèles
U04084,Budget,333,5,3867.55,2,2,3,223,Perdus
U00698,Standard,40,20,3868.68,5,5,3,553,Clients fidèles
U08043,Budget,98,5,3869.37,4,2,3,423,Nouveaux
U00009,Standard,252,14,3869.6,2,4,3,243,À risque
U08957,Premium,340,14,3870.03,2,4,3,243,À risque
U09952,Budget,116,3,3873.12,4,1,3,413,Nouveaux
U04636,Standard,0,8,3875.06,5,3,3,533,Clients fidèles
U10279,Standard,139,11,3876.77,3,3,3,333,Clients fidèles
U08673,Premium,61,7,3876.86,4,2,3,423,Nouveaux
U08156,Budget,400,6,3878.94,1,2,3,123,Perdus
U10585,Premium,73,19,3879.81,4,5,3,453,Clients fidèles
U09835,Premium,154,25,3881.45,3,5,3,353,Clients fidèles
U10112,Budget,433,4,3882.1,1,2,3,123,Perdus
U04850,Standard,105,15,3882.77,4,4,3,443,Clients fidèles
U05716,Standard,153,14,3882.83,3,4,3,343,Clients fidèles
U05095,Inconnu,399,5,3884.03,1,2,3,123,Perdus
U00683,VIP,1,19,3884.44,5,4,3,543,Clients fidèles
U06552,Budget,10,4,3884.56,5,1,3,513,Nouveaux
U00442,Standard,335,16,3885.08,2,4,3,243,À risque
U00245,Budget,61,14,3886.0,4,4,3,443,Clients fidèles
U03353,Standard,192,7,3887.11,3,2,3,323,Nouveaux
U00205,Premium,3,5,3888.54,5,2,3,523,Nouveaux
U10691,Budget,4,6,3888.59,5,2,3,523,Nouveaux
U03097,Budget,196,6,3888.97,3,2,3,323,Nouveaux
U11347,Budget,156,15,3893.66,3,4,3,343,Clients fidèles
U11893,Premium,459,24,3894.51,1,5,3,153,À risque
U10424,Budget,7,10,3894.9,5,3,3,533,Clients fidèles
U07711,Premium,496,19,3896.36,1,5,3,153,À risque
U01453,Premium,63,12,3899.84,4,4,3,443,Clients fidèles
U07048,Standard,309,13,3903.26,2,4,3,243,À risque
U02295,Premium,282,13,3903.58,2,4,3,243,À risque
U03672,Budget,222,6,3904.81,3,2,3,323,Nouveaux
U04785,Standard,488,16,3906.16,1,4,3,143,À risque
U07165,Standard,188,14,3906.36,3,4,3,343,Clients fidèles
U09266,Standard,311,8,3907.68,2,3,3,233,À risque
U02547,Budget,275,6,3909.11,2,2,3,223,Perdus
U09638,Standard,196,7,3910.73,3,2,3,323,Nouveaux
U10799,Standard,130,14,3915.45,3,4,3,343,Clients fidèles
U07816,Standard,30,3,3916.02,5,1,3,513,Nouveaux
U01619,Standard,123,8,3917.24,4,3,3,433,Clients fidèles
U09773,Standard,245,11,3917.44,3,3,3,333,Clients fidèles
U00039,Budget,251,12,3918.04,2,4,3,243,À risque
U09979,Premium,0,29,3918.95,5,5,3,553,Clients fidèles
U02382,Standard,3,17,3919.53,5,4,3,543,Clients fidèles
U00190,Standard,262,11,3920.46,2,3,3,233,À risque
U05554,Premium,67,25,3921.45,4,5,3,453,Clients fidèles
U09495,Standard,84,19,3922.43,4,5,3,453,Clients fidèles
U00999,Premium,365,25,3924.18,2,5,3,253,À risque
U01429,Budget,500,8,3925.19,1,3,3,133,À risque
U06468,VIP,42,19,3926.23,5,5,3,553,Clients fidèles
U02003,Budget,251,6,3926.93,2,2,3,223,Perdus
U01834,Standard,285,13,3926.99,2,4,3,243,À risque
U07268,Premium,33,10,3927.95,5,3,3,533,Clients fidèles
U03534,Standard,3,14,3929.47,5,4,3,543,Clients fidèles
U10088,Budget,33,5,3929.47,5,2,3,523,Nouveaux
U05850,Premium,93,10,3929.57,4,3,3,433,Clients fidèles
U01400,Standard,283,13,3930.92,2,4,3,243,À risque
U01470,Budget,487,10,3931.1,1,3,3,133,À risque
U08102,Budget,231,4,3932.34,3,2,3,323,Nouveaux
U08202,Standard,369,7,3935.1,2,2,3,223,Perdus
U03840,Premium,185,21,3935.44,3,5,3,353,Clients fidèles
U08677,VIP,407,27,3935.46,1,5,3,153,À risque
U11441,Standard,368,8,3936.6,2,3,3,233,À risque
U02051,VIP,9,7,3938.99,5,2,3,523,Nouveaux
U03481,Budget,130,7,3939.39,3,2,3,323,Nouveaux
U04279,Standard,13,6,3940.55,5,2,3,523,Nouveaux
U10249,Standard,66,30,3940.57,4,5,3,453,Clients fidèles
U01518,Budget,522,6,3940.77,1,2,3,123,Perdus
U08364,Standard,487,7,3943.36,1,2,3,123,Perdus
U02088,Budget,249,7,3947.83,2,2,3,223,Perdus
U06396,Standard,296,6,3949.97,2,2,3,223,Perdus
U08275,Premium,38,19,3951.32,5,5,3,553,Clients fidèles
U10367,Standard,154,12,3951.54,3,4,3,343,Clients fidèles
U05219,Standard,131,7,3951.76,3,2,3,323,Nouveaux
U05965,Standard,245,12,3954.43,3,4,3,343,Clients fidèles
U11093,Budget,436,15,3955.19,1,4,3,143,À risque
U02494,Standard,250,7,3958.02,2,2,3,223,Perdus
U05251,Standard,400,9,3958.48,1,3,3,133,À risque
U01587,Standard,42,16,3959.06,5,4,3,543,Clients fidèles
U11343,Standard,197,7,3960.03,3,3,3,333,Clients fidèles
U00163,Inconnu,173,7,3961.75,3,2,3,323,Nouveaux
U00893,Standard,9,11,3963.42,5,3,3,533,Clients fidèles
U02713,Premium,431,14,3964.0,1,4,3,143,À risque
U05832,VIP,0,39,3966.97,5,5,3,553,Clients fidèles
U06302,Standard,245,15,3971.01,3,4,3,343,Clients fidèles
U01521,Standard,218,12,3972.49,3,4,3,343,Clients fidèles
U02908,Budget,38,7,3972.95,5,2,3,523,Nouveaux
U10091,Standard,124,13,3973.66,4,4,3,443,Clients fidèles
U04493,Budget,365,12,3974.67,2,4,3,243,À risque
U09049,Budget,222,10,3975.37,3,3,3,333,Clients fidèles
U04983,Budget,245,11,3976.34,3,3,3,333,Clients fidèles
U01879,Premium,4,10,3977.6,5,3,3,533,Clients fidèles
U03691,Standard,474,13,3977.76,1,4,3,143,À risque
U09185,Budget,140,4,3978.7,3,2,3,323,Nouveaux
U08803,Standard,251,13,3979.23,2,4,3,243,À risque
U02236,Standard,580,6,3979.64,1,2,3,123,Perdus
U05903,Standard,506,8,3980.96,1,3,3,133,À risque
U01181,Standard,94,9,3983.66,4,3,3,433,Clients fidèles
U06867,Premium,157,25,3983.95,3,5,3,353,Clients fidèles
U03628,Budget,554,6,3985.54,1,2,3,123,Perdus
U07290,Premium,153,11,3986.11,3,3,3,333,Clients fidèles
U04587,Standard,217,7,3986.2,3,2,3,323,Nouveaux
U04643,Premium,31,24,3986.42,5,5,3,553,Clients fidèles
U05137,Standard,281,6,3987.98,2,2,3,223,Perdus
U03638,Standard,109,10,3988.37,4,3,3,433,Clients fidèles
U02267,Budget,321,10,3989.62,2,3,3,233,À risque
U10336,Budget,402,10,3991.25,1,3,3,133,À risque
U08014,Standard,36,8,3991.4,5,3,3,533,Clients fidèles
U00479,Budget,82,7,3991.49,4,2,3,423,Nouveaux
U08918,Standard,31,17,3991.87,5,4,3,543,Clients fidèles
U05262,Standard,147,9,3992.54,3,3,3,333,Clients fidèles
U11784,Standard,191,18,3992.84,3,4,3,343,Clients fidèles
U03966,Standard,613,10,3994.25,1,3,4,134,À risque
U01645,Budget,172,12,3994.58,3,4,4,344,Clients fidèles
U04746,Budget,158,5,3995.21,3,2,4,324,Nouveaux
U06359,Premium,221,21,3997.18,3,5,4,354,Clients fidèles
U11553,Standard,44,8,3998.12,5,3,4,534,Clients fidèles
U05728,Standard,255,17,4000.61,2,4,4,244,À risque
U06491,Standard,53,14,4000.78,4,4,4,444,Champions
U06505,Premium,426,24,4003.41,1,5,4,154,À risque
U07159,Premium,123,20,4003.58,4,5,4,454,Champions
U06408,Budget,400,20,4004.68,1,5,4,154,À risque
U10154,Premium,127,21,4006.43,4,5,4,454,Champions
U04767,Standard,579,8,4007.11,1,3,4,134,À risque
U02647,Budget,313,8,4007.49,2,3,4,234,À risque
U07717,Premium,125,21,4009.55,4,5,4,454,Champions
U03193,Premium,320,15,4010.15,2,4,4,244,À risque
U07257,Standard,2,3,4011.14,5,1,4,514,Nouveaux
U07021,Standard,216,9,4013.27,3,3,4,334,Clients fidèles
U02275,Inconnu,518,7,4015.68,1,2,4,124,Perdus
U00792,Premium,335,22,4015.77,2,5,4,254,À risque
U09182,Standard,2,15,4019.14,5,4,4,544,Champions
U07960,Standard,440,10,4019.57,1,3,4,134,À risque
U05361,Budget,527,5,4019.96,1,2,4,124,Perdus
U06344,Standard,487,13,4021.45,1,4,4,144,À risque
U05631,Standard,163,17,4027.41,3,4,4,344,Clients fidèles
U09225,Budget,65,3,4028.83,4,1,4,414,Nouveaux
U11682,Premium,245,10,4030.77,3,3,4,334,Clients fidèles
U02813,Standard,137,7,4030.82,3,2,4,324,Nouveaux
U02786,Budget,279,8,4031.32,2,3,4,234,À risque
U06845,Standard,281,9,4035.67,2,3,4,234,À risque
U07479,Standard,85,13,4035.79,4,4,4,444,Champions
U03647,Standard,3,13,4036.42,5,4,4,544,Champions
U11308,Inconnu,583,9,4037.49,1,3,4,134,À risque
U00333,Premium,187,22,4038.34,3,5,4,354,Clients fidèles
U05771,Budget,246,6,4038.43,2,2,4,224,Perdus
U09770,Standard,35,3,4042.02,5,1,4,514,Nouveaux
U08034,Standard,9,11,4042.5,5,3,4,534,Clients fidèles
U11907,Budget,438,7,4042.84,1,3,4,134,À risque
U11882,Premium,404,20,4044.63,1,5,4,154,À risque
U08979,Standard,2,17,4045.09,5,4,4,544,Champions
U10605,Standard,95,9,4046.93,4,3,4,434,Clients fidèles
U09210,Budget,41,7,4047.35,5,2,4,524,Nouveaux
U05117,Budget,42,4,4047.75,5,1,4,514,Nouveaux
U01548,Premium,310,19,4048.98,2,4,4,244,À risque
U08148,Budget,45,10,4052.66,5,3,4,534,Clients fidèles
U04459,Premium,312,18,4053.06,2,4,4,244,À risque
U04011,Standard,562,5,4055.63,1,2,4,124,Perdus
U07903,Premium,68,10,4057.29,4,3,4,434,Clients fidèles
U07060,Standard,645,10,4059.24,1,3,4,134,À risque
U09768,Budget,33,4,4059.54,5,2,4,524,Nouveaux
U02045,Premium,123,13,4059.79,4,4,4,444,Champions
U11574,Standard,143,10,4059.9,3,3,4,334,Clients fidèles
U10042,Standard,162,6,4060.96,3,2,4,324,Nouveaux
U05029,Premium,589,13,4061.14,1,4,4,144,À risque
U01871,Premium,27,12,4061.91,5,4,4,544,Champions
U05130,Standard,619,9,4063.96,1,3,4,134,À risque
U10680,Premium,347,15,4066.79,2,4,4,244,À risque
U01699,Inconnu,167,10,4067.31,3,3,4,334,Clients fidèles
U00443,Budget,127,3,4067.99,4,1,4,414,Nouveaux
U08835,Budget,352,9,4068.53,2,3,4,234,À risque
U08660,Budget,524,8,4070.2,1,3,4,134,À risque
U00419,Premium,8,18,4070.53,5,4,4,544,Champions
U10459,Budget,399,4,4072.56,1,2,4,124,Perdus
U03974,Standard,311,14,4076.82,2,4,4,244,À risque
U00193,Standard,122,11,4077.72,4,3,4,434,Clients fidèles
U00458,Standard,169,16,4080.82,3,4,4,344,Clients fidèles
U00746,Budget,106,6,4082.71,4,2,4,424,Nouveaux
U04528,Standard,521,11,4084.49,1,3,4,134,À risque
U10611,Standard,400,6,4087.22,1,2,4,124,Perdus
U04383,Premium,260,19,4087.37,2,4,4,244,À risque
U10250,Premium,161,20,4087.95,3,5,4,354,Clients fidèles
U07780,Budget,61,8,4088.73,4,3,4,434,Clients fidèles
U11179,Standard,97,5,4088.74,4,2,4,424,Nouveaux
U03993,Premium,153,21,4090.62,3,5,4,354,Clients fidèles
U11875,Standard,4,2,4091.68,5,1,4,514,Nouveaux
U03360,Premium,126,13,4092.22,4,4,4,444,Champions
U00014,Standard,278,2,4094.91,2,1,4,214,Perdus
U00153,Standard,281,14,4096.65,2,4,4,244,À risque
U07353,Budget,14,6,4096.98,5,2,4,524,Nouveaux
U02841,Budget,419,6,4098.1,1,2,4,124,Perdus
U09845,Standard,8,7,4101.1,5,2,4,524,Nouveaux
U05073,Standard,216,8,4103.73,3,3,4,334,Clients fidèles
U06680,Budget,101,10,4103.88,4,3,4,434,Clients fidèles
U07605,Standard,111,14,4105.06,4,4,4,444,Champions
U03233,VIP,184,29,4106.21,3,5,4,354,Clients fidèles
U02560,Standard,66,11,4108.18,4,3,4,434,Clients fidèles
U07488,Budget,333,7,4110.97,2,2,4,224,Perdus
U09087,Premium,255,10,4111.16,2,3,4,234,À risque
U08549,VIP,184,23,4114.39,3,5,4,354,Clients fidèles
U02194,Budget,34,8,4117.63,5,3,4,534,Clients fidèles
U03509,Budget,98,15,4118.69,4,4,4,444,Champions
U08299,Standard,221,8,4120.7,3,3,4,334,Clients fidèles
U05059,VIP,32,36,4122.42,5,5,4,554,Champions
U02396,Budget,95,7,4122.53,4,2,4,424,Nouveaux
U06263,Standard,258,11,4123.08,2,3,4,234,À risque
U02869,Standard,520,8,4127.02,1,3,4,134,À risque
U11064,VIP,397,33,4127.21,1,5,4,154,À risque
U05930,Standard,458,8,4127.72,1,3,4,134,À risque
U06947,Standard,64,11,4127.91,4,3,4,434,Clients fidèles
U03525,Budget,284,5,4128.24,2,2,4,224,Perdus
U10729,Premium,128,4,4128.46,4,2,4,424,Nouveaux
U00980,Standard,157,8,4128.5,3,3,4,334,Clients fidèles
U06627,Standard,127,8,4131.18,4,3,4,434,Clients fidèles
U05621,Standard,156,15,4132.69,3,4,4,344,Clients fidèles
U03845,Premium,346,14,4133.3,2,4,4,244,À risque
U07931,Premium,280,34,4133.38,2,5,4,254,À risque
U09239,Premium,38,8,4133.66,5,3,4,534,Clients fidèles
U08938,Standard,18,14,4136.36,5,4,4,544,Champions
U04344,Budget,612,4,4138.75,1,1,4,114,Perdus
U00894,Premium,7,14,4140.9,5,4,4,544,Champions
U01381,Standard,7,8,4141.9,5,3,4,534,Clients fidèles
U10633,Standard,95,13,4142.61,4,4,4,444,Champions
U01323,Premium,31,17,4143.07,5,4,4,544,Champions
U08010,Standard,48,10,4143.91,4,3,4,434,Clients fidèles
U01816,Standard,38,9,4144.53,5,3,4,534,Clients fidèles
U01510,Budget,85,13,4145.63,4,4,4,444,Champions
U01357,Standard,373,11,4145.93,2,3,4,234,À risque
U06334,Standard,320,7,4146.16,2,2,4,224,Perdus
U08004,VIP,105,8,4146.17,4,3,4,434,Clients fidèles
U05041,Standard,222,4,4147.78,3,1,4,314,Nouveaux
U04444,Standard,218,12,4149.96,3,4,4,344,Clients fidèles
U01206,Budget,410,7,4151.48,1,2,4,124,Perdus
U00977,Budget,354,7,4160.68,2,2,4,224,Perdus
U08412,Budget,431,8,4160.77,1,3,4,134,À risque
U03596,Budget,184,6,4161.72,3,2,4,324,Nouveaux
U03936,VIP,187,21,4163.24,3,5,4,354,Clients fidèles
U02069,Budget,464,5,4164.39,1,2,4,124,Perdus
U00866,Premium,38,8,4165.94,5,3,4,534,Clients fidèles
U02100,Premium,431,26,4166.93,1,5,4,154,À risque
U10623,VIP,123,14,4167.63,4,4,4,444,Champions
U01604,Premium,224,14,4167.91,3,4,4,344,Clients fidèles
U03838,Premium,365,12,4169.92,2,4,4,244,À risque
U02176,Standard,164,12,4170.11,3,4,4,344,Clients fidèles
U07500,Premium,184,16,4171.79,3,4,4,344,Clients fidèles
U11506,Budget,209,7,4172.31,3,3,4,334,Clients fidèles
U02771,Budget,408,8,4172.92,1,3,4,134,À risque
U05919,Budget,5,3,4173.7,5,1,4,514,Nouveaux
U09119,Standard,154,13,4174.43,3,4,4,344,Clients fidèles
U11020,Budget,34,6,4175.45,5,2,4,524,Nouveaux
U06120,Standard,438,8,4175.88,1,3,4,134,À risque
U02384,Premium,219,13,4176.13,3,4,4,344,Clients fidèles
U01880,Premium,190,26,4176.89,3,5,4,354,Clients fidèles
U10997,Standard,102,16,4177.94,4,4,4,444,Champions
U04937,Premium,162,14,4178.83,3,4,4,344,Clients fidèles
U11037,VIP,3,7,4178.85,5,3,4,534,Clients fidèles
U06901,Standard,153,8,4180.19,3,3,4,334,Clients fidèles
U05939,Budget,13,7,4180.82,5,2,4,524,Nouveaux
U11076,Standard,306,8,4180.98,2,3,4,234,À risque
U05261,Premium,367,19,4181.49,2,5,4,254,À risque
U10429,Standard,21,11,4181.82,5,3,4,534,Clients fidèles
U09267,Standard,336,11,4182.07,2,3,4,234,À risque
U05462,Standard,122,13,4182.35,4,4,4,444,Champions
U10862,Budget,414,7,4186.01,1,3,4,134,À risque
U02754,Inconnu,6,10,4188.69,5,3,4,534,Clients fidèles
U11077,Premium,162,27,4189.59,3,5,4,354,Clients fidèles
U09112,Standard,267,12,4190.39,2,4,4,244,À risque
U07567,Standard,36,13,4191.56,5,4,4,544,Champions
U06689,Standard,62,15,4192.86,4,4,4,444,Champions
U10500,Budget,247,6,4193.69,2,2,4,224,Perdus
U05240,Budget,304,15,4194.0,2,4,4,244,À risque
U04440,Standard,461,8,4194.09,1,3,4,134,À risque
U09795,Premium,217,9,4195.33,3,3,4,334,Clients fidèles
U01439,Premium,61,13,4195.78,4,4,4,444,Champions
U05794,Inconnu,14,19,4196.18,5,5,4,554,Champions
U00421,VIP,1,8,4196.45,5,3,4,534,Clients fidèles
U03826,VIP,61,21,4198.57,4,5,4,454,Champions
U06464,Premium,102,24,4201.85,4,5,4,454,Champions
U02883,Standard,382,18,4202.36,2,4,4,244,À risque
U00693,Standard,283,14,4205.06,2,4,4,244,À risque
U07187,Budget,254,8,4205.12,2,3,4,234,À risque
U00834,Standard,41,5,4206.13,5,2,4,524,Nouveaux
U03584,Standard,306,8,4207.1,2,3,4,234,À risque
U09237,VIP,33,20,4207.21,5,5,4,554,Champions
U07528,Standard,410,8,4207.59,1,3,4,134,À risque
U00577,Budget,126,6,4209.56,4,2,4,424,Nouveaux
U09535,Premium,246,15,4211.13,3,4,4,344,Clients fidèles
U10582,Premium,218,14,4211.98,3,4,4,344,Clients fidèles
U04043,Standard,40,20,4212.34,5,5,4,554,Champions
U03227,Budget,381,3,4214.19,2,1,4,214,Perdus
U09796,Premium,185,19,4214.53,3,5,4,354,Clients fidèles
U07889,Budget,366,7,4214.68,2,2,4,224,Perdus
U10954,Premium,71,14,4215.14,4,4,4,444,Champions
U07673,Standard,249,12,4217.14,2,4,4,244,À risque
U01718,Standard,131,9,4217.4,3,3,4,334,Clients fidèles
U07391,Budget,100,5,4220.0,4,2,4,424,Nouveaux
U01946,Premium,4,13,4221.26,5,4,4,544,Champions
U09813,VIP,2,16,4221.46,5,4,4,544,Champions
U05995,Premium,3,10,4222.59,5,3,4,534,Clients fidèles
U05316,Standard,41,14,4222.93,5,4,4,544,Champions
U10832,VIP,67,22,4232.02,4,5,4,454,Champions
U08056,Budget,35,11,4232.83,5,3,4,534,Clients fidèles
U02504,Standard,5,10,4232.9,5,3,4,534,Clients fidèles
U98608,Inconnu,265,1,4233.49,2,1,4,214,Perdus
U06000,Budget,529,6,4236.85,1,2,4,124,Perdus
U03824,Standard,153,15,4238.0,3,4,4,344,Clients fidèles
U08002,Budget,342,12,4238.02,2,4,4,244,À risque
U06942,Standard,304,13,4238.53,2,4,4,244,À risque
U07828,Premium,287,23,4240.18,2,5,4,254,À risque
U11154,VIP,34,16,4240.62,5,4,4,544,Champions
U04074,Standard,1,8,4242.27,5,3,4,534,Clients fidèles
U11969,Budget,306,20,4242.45,2,5,4,254,À risque
U03068,Premium,2,17,4243.26,5,4,4,544,Champions
U09709,Premium,127,19,4243.66,4,5,4,454,Champions
U11701,Inconnu,23,18,4243.89,5,4,4,544,Champions
U06221,Standard,280,14,4246.12,2,4,4,244,À risque
U06838,Premium,5,15,4249.12,5,4,4,544,Champions
U11294,Standard,314,16,4249.35,2,4,4,244,À risque
U02620,Standard,95,5,4250.0,4,2,4,424,Nouveaux
U07192,Budget,397,9,4250.37,1,3,4,134,À risque
U02261,Premium,33,12,4251.35,5,4,4,544,Champions
U09363,Standard,137,13,4251.36,3,4,4,344,Clients fidèles
U10545,Standard,48,3,4252.29,4,1,4,414,Nouveaux
U09757,Inconnu,7,15,4252.57,5,4,4,544,Champions
U04837,Standard,616,16,4253.43,1,4,4,144,À risque
U07426,Premium,366,13,4254.07,2,4,4,244,À risque
U07214,Standard,1,7,4254.85,5,2,4,524,Nouveaux
U08802,Standard,95,13,4255.3,4,4,4,444,Champions
U10292,VIP,64,5,4255.51,4,2,4,424,Nouveaux
U11310,Budget,169,7,4256.27,3,3,4,334,Clients fidèles
U09800,Premium,216,10,4257.86,3,3,4,334,Clients fidèles
U06537,Inconnu,127,11,4258.65,4,3,4,434,Clients fidèles
U00796,Premium,63,29,4258.77,4,5,4,454,Champions
U07383,Standard,370,4,4260.36,2,2,4,224,Perdus
U05218,Standard,62,5,4261.88,4,2,4,424,Nouveaux
U01599,Standard,312,19,4264.15,2,4,4,244,À risque
U09838,Budget,252,11,4266.44,2,3,4,234,À risque
U00176,Standard,198,9,4267.53,3,3,4,334,Clients fidèles
U05782,Standard,282,6,4268.02,2,2,4,224,Perdus
U05665,Standard,248,17,4276.06,2,4,4,244,À risque
U07228,Standard,42,7,4277.94,5,2,4,524,Nouveaux
U08606,Premium,196,8,4278.34,3,3,4,334,Clients fidèles
U00689,Standard,249,16,4280.58,2,4,4,244,À risque
U03169,Standard,325,14,4281.06,2,4,4,244,À risque
U04475,Standard,64,11,4285.39,4,3,4,434,Clients fidèles
U05002,Premium,255,14,4286.72,2,4,4,244,À risque
U09720,Standard,92,21,4287.06,4,5,4,454,Champions
U03581,Premium,482,26,4291.39,1,5,4,154,À risque
U06954,Standard,317,15,4295.11,2,4,4,244,À risque
U02768,Standard,216,16,4295.34,3,4,4,344,Clients fidèles
U01966,Standard,6,9,4296.08,5,3,4,534,Clients fidèles
U02575,Premium,3,19,4296.09,5,4,4,544,Champions
U09802,Budget,222,3,4297.0,3,1,4,314,Nouveaux
U04085,Standard,2,18,4297.27,5,4,4,544,Champions
U11873,Budget,80,10,4298.1,4,3,4,434,Clients fidèles
U01172,Premium,0,20,4298.83,5,5,4,554,Champions
U00695,Standard,622,7,4298.92,1,2,4,124,Perdus
U00786,Standard,317,9,4299.4,2,3,4,234,À risque
U01197,VIP,186,30,4301.53,3,5,4,354,Clients fidèles
U07650,Premium,228,12,4307.25,3,4,4,344,Clients fidèles
U10801,Standard,157,15,4307.96,3,4,4,344,Clients fidèles
U04023,Budget,79,4,4308.03,4,1,4,414,Nouveaux
U04216,Standard,2,24,4308.57,5,5,4,554,Champions
U05422,Standard,14,17,4309.23,5,4,4,544,Champions
U02453,Budget,378,8,4309.78,2,3,4,234,À risque
U04014,Premium,31,27,4310.93,5,5,4,554,Champions
U02095,Standard,123,4,4311.68,4,1,4,414,Nouveaux
U11957,Premium,1,16,4313.48,5,4,4,544,Champions
U02739,Premium,308,14,4316.41,2,4,4,244,À risque
U09547,VIP,187,36,4317.62,3,5,4,354,Clients fidèles
U11979,Premium,10,9,4320.29,5,3,4,534,Clients fidèles
U03238,Standard,70,11,4323.57,4,3,4,434,Clients fidèles
U00840,Budget,371,6,4323.82,2,2,4,224,Perdus
U01328,Budget,154,7,4325.45,3,2,4,324,Nouveaux
U10889,Budget,163,8,4326.74,3,3,4,334,Clients fidèles
U03162,Budget,281,15,4331.32,2,4,4,244,À risque
U04851,Premium,41,9,4331.73,5,3,4,534,Clients fidèles
U02497,Budget,10,4,4340.54,5,1,4,514,Nouveaux
U04965,Budget,174,7,4340.63,3,2,4,324,Nouveaux
U02679,Standard,338,8,4341.31,2,3,4,234,À risque
U08528,Budget,5,5,4341.48,5,2,4,524,Nouveaux
U06314,Premium,380,10,4342.89,2,3,4,234,À risque
U02528,Standard,509,12,4343.42,1,4,4,144,À risque
U05415,Premium,307,20,4343.73,2,5,4,254,À risque
U08012,Premium,94,19,4346.82,4,5,4,454,Champions
U06836,Premium,553,22,4346.88,1,5,4,154,À risque
U08446,Standard,311,6,4349.27,2,2,4,224,Perdus
U04491,Standard,407,15,4350.71,1,4,4,144,À risque
U06250,Premium,185,27,4351.99,3,5,4,354,Clients fidèles
U05813,Premium,309,23,4352.11,2,5,4,254,À risque
U03572,Budget,56,16,4353.27,4,4,4,444,Champions
U10991,Standard,402,13,4354.6,1,4,4,144,À risque
U11152,Budget,526,8,4355.31,1,3,4,134,À risque
U00657,Standard,427,9,4356.15,1,3,4,134,À risque
U04398,Standard,466,9,4358.53,1,3,4,134,À risque
U11832,Standard,245,12,4358.76,3,4,4,344,Clients fidèles
U09038,Premium,31,12,4358.88,5,4,4,544,Champions
U04081,Budget,100,15,4358.92,4,4,4,444,Champions
U09176,Standard,431,14,4359.13,1,4,4,144,À risque
U11942,Premium,159,14,4360.79,3,4,4,344,Clients fidèles
U03564,Premium,126,16,4361.58,4,4,4,444,Champions
U00311,VIP,429,22,4363.04,1,5,4,154,À risque
U07127,Standard,217,8,4364.01,3,3,4,334,Clients fidèles
U05490,Budget,352,11,4364.61,2,3,4,234,À risque
U01415,VIP,41,8,4364.68,5,3,4,534,Clients fidèles
U05768,Premium,164,16,4365.37,3,4,4,344,Clients fidèles
U05414,Standard,567,8,4370.42,1,3,4,134,À risque
U01978,Standard,179,9,4371.65,3,3,4,334,Clients fidèles
U01710,Standard,253,12,4374.79,2,4,4,244,À risque
U03495,Premium,6,21,4376.51,5,5,4,554,Champions
U02818,Budget,1,9,4376.97,5,3,4,534,Clients fidèles
U11596,Premium,195,14,4377.54,3,4,4,344,Clients fidèles
U07330,VIP,380,19,4378.31,2,5,4,254,À risque
U05271,Standard,214,4,4378.69,3,1,4,314,Nouveaux
U03668,VIP,193,31,4382.4,3,5,4,354,Clients fidèles
U07888,Standard,193,10,4382.99,3,3,4,334,Clients fidèles
U04792,Budget,14,8,4384.17,5,3,4,534,Clients fidèles
U00013,Standard,0,10,4385.23,5,3,4,534,Clients fidèles
U02986,Standard,154,9,4385.42,3,3,4,334,Clients fidèles
U00701,Premium,0,9,4386.49,5,3,4,534,Clients fidèles
U10637,Budget,69,2,4386.75,4,1,4,414,Nouveaux
U04865,Budget,97,7,4388.69,4,2,4,424,Nouveaux
U03753,Standard,98,9,4388.79,4,3,4,434,Clients fidèles
U08570,Standard,479,5,4389.04,1,2,4,124,Perdus
U09078,Premium,188,18,4389.43,3,4,4,344,Clients fidèles
U10962,Budget,488,8,4389.51,1,3,4,134,À risque
U00082,Premium,40,14,4392.26,5,4,4,544,Champions
U00203,Premium,2,16,4392.27,5,4,4,544,Champions
U01615,Premium,186,22,4393.19,3,5,4,354,Clients fidèles
U04805,Standard,600,7,4393.54,1,2,4,124,Perdus
U10353,Premium,63,10,4394.94,4,3,4,434,Clients fidèles
U09376,Standard,34,4,4396.24,5,2,4,524,Nouveaux
U02654,Premium,155,19,4397.55,3,4,4,344,Clients fidèles
U03200,Standard,93,13,4398.18,4,4,4,444,Champions
U01800,Budget,463,5,4399.17,1,2,4,124,Perdus
U05577,Standard,89,17,4400.44,4,4,4,444,Champions
U11375,Premium,616,12,4400.93,1,4,4,144,À risque
U06804,Premium,426,16,4401.41,1,4,4,144,À risque
U07518,Standard,40,13,4401.96,5,4,4,544,Champions
U04705,Premium,308,16,4402.77,2,4,4,244,À risque
U03681,Premium,312,20,4404.93,2,5,4,254,À risque
U08625,Premium,193,12,4405.74,3,4,4,344,Clients fidèles
U00503,VIP,334,18,4409.95,2,4,4,244,À risque
U08180,Premium,62,13,4410.93,4,4,4,444,Champions
U11998,Premium,111,17,4411.48,4,4,4,444,Champions
U10629,Standard,124,14,4414.04,4,4,4,444,Champions
U03124,Premium,6,17,4415.28,5,4,4,544,Champions
U00006,Inconnu,0,19,4417.56,5,4,4,544,Champions
U00468,Budget,282,5,4418.45,2,2,4,224,Perdus
U06155,Premium,276,14,4419.85,2,4,4,244,À risque
U07900,Premium,18,21,4420.04,5,5,4,554,Champions
U03226,Premium,43,20,4420.39,5,5,4,554,Champions
U03123,Standard,135,26,4422.79,3,5,4,354,Clients fidèles
U09492,Standard,103,5,4422.9,4,2,4,424,Nouveaux
U04779,Premium,31,12,4424.11,5,4,4,544,Champions
U11588,Budget,106,9,4424.85,4,3,4,434,Clients fidèles
U07874,Premium,68,19,4426.2,4,5,4,454,Champions
U05023,Budget,258,7,4427.83,2,2,4,224,Perdus
U10806,Standard,396,15,4431.45,1,4,4,144,À risque
U07887,Budget,26,3,4431.67,5,1,4,514,Nouveaux
U02860,Premium,306,23,4434.94,2,5,4,254,À risque
U06270,Standard,59,9,4435.38,4,3,4,434,Clients fidèles
U03765,Premium,487,8,4435.99,1,3,4,134,À risque
U08407,Standard,32,9,4437.24,5,3,4,534,Clients fidèles
U02995,Premium,10,14,4437.64,5,4,4,544,Champions
U04314,Budget,365,7,4443.09,2,2,4,224,Perdus
U04747,Premium,0,21,4443.71,5,5,4,554,Champions
U08582,Standard,106,11,4444.1,4,3,4,434,Clients fidèles
U04026,Premium,228,21,4444.46,3,5,4,354,Clients fidèles
U10660,Standard,398,8,4445.43,1,3,4,134,À risque
U06698,Budget,459,11,4446.09,1,3,4,134,À risque
U03466,Budget,256,7,4446.12,2,2,4,224,Perdus
U06640,Premium,85,16,4446.71,4,4,4,444,Champions
U09386,Standard,43,5,4447.93,5,2,4,524,Nouveaux
U10019,Premium,125,16,4449.69,4,4,4,444,Champions
U02198,Budget,38,10,4449.96,5,3,4,534,Clients fidèles
U06602,Inconnu,1,15,4450.14,5,4,4,544,Champions
U09839,VIP,184,27,4451.1,3,5,4,354,Clients fidèles
U10845,Inconnu,64,18,4452.05,4,4,4,444,Champions
U03696,Budget,432,4,4452.68,1,1,4,114,Perdus
U08487,Standard,420,7,4453.06,1,2,4,124,Perdus
U11888,Premium,1,15,4453.26,5,4,4,544,Champions
U07149,Budget,523,9,4453.8,1,3,4,134,À risque
U07938,Standard,217,10,4454.12,3,3,4,334,Clients fidèles
U00770,Premium,95,23,4454.38,4,5,4,454,Champions
U04057,Standard,38,8,4455.62,5,3,4,534,Clients fidèles
U06671,Standard,95,21,4455.75,4,5,4,454,Champions
U04010,Standard,24,6,4456.93,5,2,4,524,Nouveaux
U09932,Standard,36,18,4459.42,5,4,4,544,Champions
U05643,Standard,1,16,4459.84,5,4,4,544,Champions
U02456,Standard,155,19,4460.74,3,4,4,344,Clients fidèles
U10888,Budget,261,3,4461.43,2,1,4,214,Perdus
U00752,VIP,1,15,4462.35,5,4,4,544,Champions
U07148,Budget,308,10,4464.54,2,3,4,234,À risque
U05513,Standard,57,5,4464.75,4,2,4,424,Nouveaux
U10185,Premium,281,18,4466.12,2,4,4,244,À risque
U06279,Standard,134,11,4466.59,3,3,4,334,Clients fidèles
U00062,Standard,1,13,4467.76,5,4,4,544,Champions
U05622,Budget,269,7,4468.23,2,2,4,224,Perdus
U02593,Standard,80,11,4470.63,4,3,4,434,Clients fidèles
U06885,Budget,465,9,4471.41,1,3,4,134,À risque
U02496,Premium,97,27,4471.64,4,5,4,454,Champions
U00504,Standard,500,5,4472.15,1,2,4,124,Perdus
U03914,Premium,3,22,4473.06,5,5,4,554,Champions
U00208,Standard,69,8,4473.44,4,3,4,434,Clients fidèles
U03308,Standard,494,6,4473.65,1,2,4,124,Perdus
U00182,Budget,500,12,4474.37,1,4,4,144,À risque
U11134,Standard,13,9,4476.12,5,3,4,534,Clients fidèles
U05369,Budget,157,8,4476.16,3,3,4,334,Clients fidèles
U07982,Standard,70,13,4476.3,4,4,4,444,Champions
U05213,Premium,31,15,4476.68,5,4,4,544,Champions
U01132,Budget,96,7,4476.9,4,2,4,424,Nouveaux
U11536,Budget,232,2,4477.37,3,1,4,314,Nouveaux
U06232,Standard,35,15,4480.46,5,4,4,544,Champions
U04297,VIP,96,36,4480.52,4,5,4,454,Champions
U04662,Budget,618,4,4485.85,1,1,4,114,Perdus
U03473,Standard,427,7,4486.25,1,2,4,124,Perdus
U05532,Premium,246,25,4486.33,2,5,4,254,À risque
U08964,Standard,174,5,4487.19,3,2,4,324,Nouveaux
U07764,Standard,114,11,4487.78,4,3,4,434,Clients fidèles
U04989,Budget,247,7,4487.93,2,2,4,224,Perdus
U05330,Premium,0,21,4489.68,5,5,4,554,Champions
U10400,Budget,345,11,4493.1,2,3,4,234,À risque
U09914,Budget,32,6,4498.24,5,2,4,524,Nouveaux
U00548,Standard,396,14,4498.84,1,4,4,144,À risque
U00422,Budget,63,7,4500.04,4,2,4,424,Nouveaux
U04940,Premium,0,25,4500.46,5,5,4,554,Champions
U00001,Standard,492,14,4501.22,1,4,4,144,À risque
U04137,Premium,277,18,4503.85,2,4,4,244,À risque
U06247,Standard,67,19,4505.05,4,5,4,454,Champions
U00090,Standard,66,12,4508.46,4,4,4,444,Champions
U09491,Standard,367,12,4510.87,2,4,4,244,À risque
U00799,Premium,276,14,4511.09,2,4,4,244,À risque
U05245,Budget,68,5,4511.64,4,2,4,424,Nouveaux
U06092,Budget,339,7,4511.65,2,2,4,224,Perdus
U05500,Premium,2,15,4513.78,5,4,4,544,Champions
U01734,Standard,22,11,4514.43,5,3,4,534,Clients fidèles
U10114,Budget,7,10,4516.03,5,3,4,534,Clients fidèles
U02673,Standard,186,10,4518.66,3,3,4,334,Clients fidèles
U09100,Standard,365,17,4518.74,2,4,4,244,À risque
U09500,Standard,312,13,4518.85,2,4,4,244,À risque
U03440,Standard,102,5,4520.22,4,2,4,424,Nouveaux
U07012,Standard,56,13,4522.43,4,4,4,444,Champions
U06569,Standard,33,14,4525.21,5,4,4,544,Champions
U09691,Budget,185,9,4526.88,3,3,4,334,Clients fidèles
U08217,Budget,5,4,4529.98,5,2,4,524,Nouveaux
U04950,Premium,369,8,4530.66,2,3,4,234,À risque
U06533,Standard,463,11,4530.7,1,3,4,134,À risque
U11418,Standard,127,5,4531.6,4,2,4,424,Nouveaux
U04364,Standard,35,20,4533.64,5,5,4,554,Champions
U11986,Premium,123,21,4534.11,4,5,4,454,Champions
U07739,Standard,307,20,4534.86,2,5,4,254,À risque
U08162,Premium,44,23,4536.72,5,5,4,554,Champions
U03863,Premium,338,16,4539.2,2,4,4,244,À risque
U02659,Standard,396,4,4539.56,1,1,4,114,Perdus
U04200,Standard,177,14,4539.98,3,4,4,344,Clients fidèles
U09306,Standard,125,10,4540.21,4,3,4,434,Clients fidèles
U10224,Premium,277,3,4540.64,2,1,4,214,Perdus
U06581,Premium,307,20,4540.72,2,5,4,254,À risque
U08664,Budget,9,5,4541.19,5,2,4,524,Nouveaux
U03972,Budget,570,10,4542.58,1,3,4,134,À risque
U05083,Budget,337,9,4543.1,2,3,4,234,À risque
U03667,VIP,1,8,4543.27,5,3,4,534,Clients fidèles
U02152,Standard,246,12,4543.51,2,4,4,244,À risque
U09626,Standard,31,31,4543.52,5,5,4,554,Champions
U07472,Premium,5,24,4547.89,5,5,4,554,Champions
U00767,Standard,38,10,4549.12,5,3,4,534,Clients fidèles
U01324,Premium,69,20,4550.91,4,5,4,454,Champions
U04871,Budget,132,8,4554.52,3,3,4,334,Clients fidèles
U10737,Premium,437,7,4554.94,1,3,4,134,À risque
U01410,Premium,248,11,4555.4,2,3,4,234,À risque
U06243,Standard,127,16,4555.47,4,4,4,444,Champions
U03533,Standard,197,18,4556.12,3,4,4,344,Clients fidèles
U03126,Budget,2,8,4557.72,5,3,4,534,Clients fidèles
U01758,Standard,2,14,4557.78,5,4,4,544,Champions
U09766,Budget,0,3,4558.06,5,1,4,514,Nouveaux
U06861,Standard,471,7,4559.69,1,2,4,124,Perdus
U05442,Standard,310,7,4561.7,2,2,4,224,Perdus
U00330,Standard,401,9,4562.72,1,3,4,134,À risque
U02179,Premium,370,19,4564.06,2,4,4,244,À risque
U07894,Premium,155,10,4565.97,3,3,4,334,Clients fidèles
U06156,VIP,98,28,4570.23,4,5,4,454,Champions
U01317,Budget,221,6,4570.38,3,2,4,324,Nouveaux
U02137,VIP,398,14,4571.78,1,4,4,144,À risque
U00262,Budget,286,9,4572.4,2,3,4,234,À risque
U04373,Premium,3,24,4572.93,5,5,4,554,Champions
U01665,Standard,568,14,4574.43,1,4,4,144,À risque
U01671,Premium,33,19,4575.24,5,4,4,544,Champions
U11322,Standard,62,11,4575.53,4,3,4,434,Clients fidèles
U04495,VIP,585,27,4575.66,1,5,4,154,À risque
U07759,Premium,154,16,4576.98,3,4,4,344,Clients fidèles
U07496,Premium,307,13,4577.27,2,4,4,244,À risque
U10701,VIP,9,20,4578.42,5,5,4,554,Champions
U04944,Standard,122,17,4578.77,4,4,4,444,Champions
U03223,Standard,95,20,4579.7,4,5,4,454,Champions
U02468,Budget,232,9,4581.24,3,3,4,334,Clients fidèles
U05295,Standard,190,6,4581.67,3,2,4,324,Nouveaux
U02540,Budget,8,5,4582.58,5,2,4,524,Nouveaux
U04550,Standard,220,8,4582.79,3,3,4,334,Clients fidèles
U06209,Premium,191,17,4582.86,3,4,4,344,Clients fidèles
U00615,Premium,377,19,4583.02,2,4,4,244,À risque
U09118,Inconnu,588,18,4584.07,1,4,4,144,À risque
U02238,Standard,137,11,4585.42,3,3,4,334,Clients fidèles
U00302,Premium,190,24,4586.14,3,5,4,354,Clients fidèles
U03137,Budget,336,8,4586.62,2,3,4,234,À risque
U06126,Standard,123,11,4588.6,4,3,4,434,Clients fidèles
U09317,Standard,44,9,4590.05,5,3,4,534,Clients fidèles
U08688,Standard,191,15,4590.81,3,4,4,344,Clients fidèles
U10349,Budget,41,11,4590.89,5,3,4,534,Clients fidèles
U10861,Standard,123,16,4593.36,4,4,4,444,Champions
U04333,Premium,134,17,4593.84,3,4,4,344,Clients fidèles
U02174,Standard,112,13,4596.15,4,4,4,444,Champions
U02987,Premium,196,13,4596.48,3,4,4,344,Clients fidèles
U11431,Standard,195,12,4596.56,3,4,4,344,Clients fidèles
U07064,Standard,436,10,4596.63,1,3,4,134,À risque
U03334,Premium,258,9,4597.15,2,3,4,234,À risque
U00626,Standard,109,8,4597.38,4,3,4,434,Clients fidèles
U03677,Standard,94,8,4597.4,4,3,4,434,Clients fidèles
U04576,Standard,131,11,4598.19,3,3,4,334,Clients fidèles
U03902,Standard,460,10,4598.55,1,3,4,134,À risque
U06379,Standard,64,14,4599.89,4,4,4,444,Champions
U08231,Standard,46,15,4600.3,5,4,4,544,Champions
U06712,Premium,215,24,4600.44,3,5,4,354,Clients fidèles
U02256,Premium,216,9,4600.83,3,3,4,334,Clients fidèles
U00464,Standard,103,16,4601.09,4,4,4,444,Champions
U05224,Budget,196,15,4604.6,3,4,4,344,Clients fidèles
U11414,Inconnu,4,14,4606.05,5,4,4,544,Champions
U06723,VIP,99,15,4609.29,4,4,4,444,Champions
U10248,Budget,7,6,4609.86,5,2,4,524,Nouveaux
U08635,VIP,276,30,4610.44,2,5,4,254,À risque
U10636,Budget,397,12,4611.67,1,4,4,144,À risque
U04638,Premium,398,12,4612.43,1,4,4,144,À risque
U05157,Budget,242,8,4613.01,3,3,4,334,Clients fidèles
U06347,Premium,342,20,4613.87,2,5,4,254,À risque
U03562,Budget,63,4,4614.48,4,1,4,414,Nouveaux
U08712,Budget,125,9,4616.21,4,3,4,434,Clients fidèles
U07070,VIP,220,35,4616.28,3,5,4,354,Clients fidèles
U02784,Budget,439,1,4619.92,1,1,4,114,Perdus
U04501,Standard,307,20,4620.37,2,5,4,254,À risque
U01301,Standard,186,6,4623.42,3,2,4,324,Nouveaux
U03009,Standard,62,10,4626.56,4,3,4,434,Clients fidèles
U10651,Budget,43,9,4626.89,5,3,4,534,Clients fidèles
U10695,Standard,155,13,4628.28,3,4,4,344,Clients fidèles
U06522,Standard,183,7,4631.29,3,2,4,324,Nouveaux
U00263,Budget,408,12,4633.54,1,4,4,144,À risque
U07959,Premium,92,10,4634.62,4,3,4,434,Clients fidèles
U01325,Budget,366,5,4636.64,2,2,4,224,Perdus
U08619,Premium,6,9,4637.53,5,3,4,534,Clients fidèles
U07493,Standard,432,12,4639.9,1,4,4,144,À risque
U04456,Premium,95,14,4639.94,4,4,4,444,Champions
U03420,Budget,451,12,4640.03,1,4,4,144,À risque
U04417,Budget,618,10,4641.11,1,3,4,134,À risque
U03341,Premium,380,15,4641.55,2,4,4,244,À risque
U04727,Premium,308,11,4641.88,2,3,4,234,À risque
U08426,Standard,286,9,4642.42,2,3,4,234,À risque
U09675,Premium,186,29,4642.42,3,5,4,354,Clients fidèles
U01783,Standard,286,11,4643.48,2,3,4,234,À risque
U07046,Standard,40,19,4643.82,5,5,4,554,Champions
U00540,Standard,569,12,4646.48,1,4,4,144,À risque
U07183,Premium,703,6,4652.81,1,2,4,124,Perdus
U04350,Standard,216,4,4654.55,3,1,4,314,Nouveaux
U10828,Standard,261,12,4654.74,2,4,4,244,À risque
U04197,Premium,99,21,4656.15,4,5,4,454,Champions
U10653,Budget,378,7,4656.66,2,2,4,224,Perdus
U08668,Budget,247,13,4657.03,2,4,4,244,À risque
U02153,Standard,184,13,4657.54,3,4,4,344,Clients fidèles
U11669,Budget,97,6,4657.76,4,2,4,424,Nouveaux
U05016,Standard,80,14,4658.77,4,4,4,444,Champions
U10791,Premium,214,22,4659.18,3,5,4,354,Clients fidèles
U04172,VIP,0,27,4659.37,5,5,4,554,Champions
U04165,VIP,124,32,4660.57,4,5,4,454,Champions
U05695,Standard,283,9,4662.16,2,3,4,234,À risque
U02404,Standard,48,12,4662.48,4,4,4,444,Champions
U00429,Budget,99,6,4663.64,4,2,4,424,Nouveaux
U07519,Premium,39,22,4663.82,5,5,4,554,Champions
U05333,Budget,336,11,4664.68,2,3,4,234,À risque
U08961,Premium,245,18,4666.29,3,4,4,344,Clients fidèles
U11460,VIP,127,27,4667.12,4,5,4,454,Champions
U01831,Premium,202,18,4668.16,3,4,4,344,Clients fidèles
U09558,Standard,214,16,4669.93,3,4,4,344,Clients fidèles
U08790,Standard,163,17,4670.57,3,4,4,344,Clients fidèles
U08836,VIP,61,28,4671.01,4,5,4,454,Champions
U05661,Standard,308,6,4671.62,2,2,4,224,Perdus
U00178,Premium,31,16,4674.96,5,4,4,544,Champions
U01461,Premium,75,14,4675.49,4,4,4,444,Champions
U09247,Standard,473,9,4675.5,1,3,4,134,À risque
U08139,Budget,182,8,4676.13,3,3,4,334,Clients fidèles
U11289,Premium,279,9,4677.74,2,3,4,234,À risque
U00613,Premium,188,26,4679.54,3,5,4,354,Clients fidèles
U05897,Standard,247,12,4681.08,2,4,4,244,À risque
U06637,Budget,291,15,4681.15,2,4,4,244,À risque
U07845,Standard,1,6,4681.25,5,2,4,524,Nouveaux
U09293,Standard,159,16,4682.5,3,4,4,344,Clients fidèles
U08401,Budget,520,4,4685.52,1,2,4,124,Perdus
U09542,Premium,160,23,4685.54,3,5,4,354,Clients fidèles
U04384,Premium,128,17,4686.41,4,4,4,444,Champions
U03187,Budget,36,11,4689.8,5,3,4,534,Clients fidèles
U09760,Standard,43,7,4690.71,5,2,4,524,Nouveaux
U02074,Premium,5,22,4690.73,5,5,4,554,Champions
U02755,Premium,520,18,4691.72,1,4,4,144,À risque
U08875,Standard,43,12,4693.27,5,4,4,544,Champions
U08978,Premium,276,10,4697.35,2,3,4,234,À risque
U05789,Standard,256,9,4698.53,2,3,4,234,À risque
U09094,Standard,275,17,4698.79,2,4,4,244,À risque
U09326,Standard,427,3,4699.94,1,1,4,114,Perdus
U04843,Budget,219,6,4701.47,3,2,4,324,Nouveaux
U01942,Standard,0,14,4701.56,5,4,4,544,Champions
U08127,Standard,525,8,4701.88,1,3,4,134,À risque
U01111,Budget,452,6,4702.65,1,2,4,124,Perdus
U07239,Standard,63,13,4704.18,4,4,4,444,Champions
U03272,Inconnu,475,5,4704.67,1,2,4,124,Perdus
U04461,Premium,13,13,4705.44,5,4,4,544,Champions
U04695,Budget,299,10,4709.16,2,3,4,234,À risque
U03545,Standard,383,17,4710.46,2,4,4,244,À risque
U04035,Budget,525,6,4711.43,1,2,4,124,Perdus
U05182,Budget,368,16,4712.49,2,4,4,244,À risque
U08601,Standard,17,12,4713.64,5,4,4,544,Champions
U11030,Inconnu,315,7,4713.82,2,3,4,234,À risque
U10761,Premium,64,20,4714.54,4,5,4,454,Champions
U08439,Standard,379,9,4715.19,2,3,4,234,À risque
U01010,Standard,375,9,4716.49,2,3,4,234,À risque
U06234,Budget,71,11,4716.89,4,3,4,434,Clients fidèles
U06282,Budget,408,9,4717.07,1,3,4,134,À risque
U08176,Standard,67,12,4717.07,4,4,4,444,Champions
U02292,Standard,123,11,4717.73,4,3,4,434,Clients fidèles
U01048,Premium,4,15,4719.0,5,4,4,544,Champions
U06012,Budget,516,11,4719.28,1,3,4,134,À risque
U05089,VIP,7,13,4719.68,5,4,4,544,Champions
U01815,Premium,141,12,4719.99,3,4,4,344,Clients fidèles
U01229,Standard,153,16,4721.28,3,4,4,344,Clients fidèles
U08857,VIP,95,15,4721.76,4,4,4,444,Champions
U09444,Premium,226,16,4721.77,3,4,4,344,Clients fidèles
U08618,Premium,35,21,4722.66,5,5,4,554,Champions
U07352,Premium,401,15,4722.76,1,4,4,144,À risque
U10998,Standard,4,14,4724.13,5,4,4,544,Champions
U05473,Premium,640,9,4728.43,1,3,4,134,À risque
U10915,Standard,159,15,4729.04,3,4,4,344,Clients fidèles
U08781,Inconnu,130,12,4729.18,3,4,4,344,Clients fidèles
U02996,Budget,62,14,4730.07,4,4,4,444,Champions
U08163,Standard,15,14,4730.33,5,4,4,544,Champions
U04629,Standard,130,15,4736.58,3,4,4,344,Clients fidèles
U08233,Standard,214,13,4738.34,3,4,4,344,Clients fidèles
U01426,Standard,337,3,4738.8,2,1,4,214,Perdus
U02243,Standard,63,11,4738.92,4,3,4,434,Clients fidèles
U08054,Inconnu,225,11,4742.19,3,3,4,334,Clients fidèles
U08710,Premium,7,20,4743.73,5,5,4,554,Champions
U03548,Premium,92,23,4744.33,4,5,4,454,Champions
U00819,Budget,8,7,4744.53,5,2,4,524,Nouveaux
U06571,Premium,62,34,4748.51,4,5,4,454,Champions
U03709,Budget,530,8,4749.63,1,3,4,134,À risque
U08023,Premium,122,16,4750.02,4,4,4,444,Champions
U04559,Premium,122,17,4755.63,4,4,4,444,Champions
U05432,Standard,34,10,4756.04,5,3,4,534,Clients fidèles
U07792,Standard,374,6,4756.12,2,2,4,224,Perdus
U11862,Premium,185,26,4756.24,3,5,4,354,Clients fidèles
U04408,Budget,348,4,4760.17,2,1,4,214,Perdus
U06374,Standard,163,18,4760.27,3,4,4,344,Clients fidèles
U06103,Premium,32,28,4761.35,5,5,4,554,Champions
U03511,Premium,367,14,4761.74,2,4,4,244,À risque
U00038,Standard,265,7,4767.07,2,2,4,224,Perdus
U03757,Standard,135,8,4769.48,3,3,4,334,Clients fidèles
U02102,Standard,124,17,4769.58,4,4,4,444,Champions
U11053,Premium,4,22,4769.97,5,5,4,554,Champions
U09844,Budget,139,10,4774.16,3,3,4,334,Clients fidèles
U04651,Standard,185,6,4775.88,3,2,4,324,Nouveaux
U07846,Standard,336,10,4777.05,2,3,4,234,À risque
U04675,Premium,96,9,4777.63,4,3,4,434,Clients fidèles
U07671,Standard,294,10,4779.07,2,3,4,234,À risque
U04741,Premium,93,17,4779.63,4,4,4,444,Champions
U05718,Premium,552,12,4781.81,1,4,4,144,À risque
U10038,Budget,437,8,4782.95,1,3,4,134,À risque
U03397,Premium,278,24,4783.34,2,5,4,254,À risque
U09125,Standard,44,5,4783.68,5,2,4,524,Nouveaux
U04823,Standard,342,14,4791.81,2,4,4,244,À risque
U05018,Premium,218,16,4794.65,3,4,4,344,Clients fidèles
U07275,Budget,291,14,4795.53,2,4,4,244,À risque
U02967,Premium,10,14,4796.51,5,4,4,544,Champions
U02842,Premium,133,22,4797.62,3,5,4,354,Clients fidèles
U10333,VIP,35,6,4801.3,5,2,4,524,Nouveaux
U01913,Standard,173,7,4802.78,3,2,4,324,Nouveaux
U09571,Premium,191,21,4804.5,3,5,4,354,Clients fidèles
U10134,Standard,184,14,4805.39,3,4,4,344,Clients fidèles
U05285,Premium,307,22,4806.33,2,5,4,254,À risque
U04274,Standard,46,5,4806.5,5,2,4,524,Nouveaux
U05158,VIP,0,13,4807.4,5,4,4,544,Champions
U07449,Premium,123,14,4807.67,4,4,4,444,Champions
U02541,Budget,139,11,4809.17,3,3,4,334,Clients fidèles
U10471,Standard,581,2,4811.93,1,1,4,114,Perdus
U06611,Standard,87,6,4815.08,4,2,4,424,Nouveaux
U08319,Premium,10,16,4815.14,5,4,4,544,Champions
U10234,Premium,69,9,4817.12,4,3,4,434,Clients fidèles
U06264,Premium,245,16,4818.78,3,4,4,344,Clients fidèles
U00505,Premium,255,16,4819.66,2,4,4,244,À risque
U00412,Standard,190,13,4819.84,3,4,4,344,Clients fidèles
U09710,Premium,16,13,4821.4,5,4,4,544,Champions
U00370,Premium,581,6,4822.54,1,2,4,124,Perdus
U00382,VIP,218,27,4828.26,3,5,4,354,Clients fidèles
U11029,Standard,103,8,4829.48,4,3,4,434,Clients fidèles
U05863,Standard,32,13,4830.97,5,4,4,544,Champions
U10244,Standard,11,14,4831.09,5,4,4,544,Champions
U04278,Premium,193,19,4831.14,3,4,4,344,Clients fidèles
U05096,Premium,36,12,4833.63,5,4,4,544,Champions
U00820,Premium,1,13,4836.76,5,4,4,544,Champions
U10887,Standard,304,11,4837.13,2,3,4,234,À risque
U07030,Premium,582,6,4837.16,1,2,4,124,Perdus
U06714,Budget,122,6,4838.03,4,2,4,424,Nouveaux
U05541,Premium,129,12,4839.5,3,4,4,344,Clients fidèles
U11339,Standard,390,4,4839.75,1,2,4,124,Perdus
U04910,Budget,306,13,4840.32,2,4,4,244,À risque
U09092,Premium,306,17,4841.83,2,4,4,244,À risque
U04217,Inconnu,375,15,4841.86,2,4,4,244,À risque
U11269,Standard,396,13,4844.3,1,4,4,144,À risque
U09352,Budget,3,9,4845.84,5,3,4,534,Clients fidèles
U00058,Standard,189,11,4846.54,3,3,4,334,Clients fidèles
U00593,Inconnu,31,17,4846.84,5,4,4,544,Champions
U04562,Premium,68,16,4847.12,4,4,4,444,Champions
U05946,Standard,490,12,4847.21,1,4,4,144,À risque
U04523,Budget,461,6,4847.77,1,2,4,124,Perdus
U03876,Budget,153,16,4848.23,3,4,4,344,Clients fidèles
U06994,Premium,102,12,4851.46,4,4,4,444,Champions
U10775,Standard,219,16,4853.12,3,4,4,344,Clients fidèles
U10361,Budget,35,10,4855.76,5,3,4,534,Clients fidèles
U01983,Premium,401,13,4856.85,1,4,4,144,À risque
U11021,VIP,8,36,4859.44,5,5,4,554,Champions
U02502,Budget,403,4,4860.33,1,1,4,114,Perdus
U04522,Premium,0,5,4862.37,5,2,4,524,Nouveaux
U10928,Standard,4,15,4862.99,5,4,4,544,Champions
U00042,VIP,32,32,4863.25,5,5,4,554,Champions
U10460,Inconnu,336,13,4863.34,2,4,4,244,À risque
U10900,Standard,12,8,4863.89,5,3,4,534,Clients fidèles
U03342,Premium,32,18,4864.0,5,4,4,544,Champions
U04702,Standard,378,14,4865.32,2,4,4,244,À risque
U09147,Standard,5,9,4865.82,5,3,4,534,Clients fidèles
U04822,Budget,166,12,4867.6,3,4,4,344,Clients fidèles
U04012,Premium,219,19,4867.92,3,4,4,344,Clients fidèles
U00401,Budget,6,11,4868.25,5,3,4,534,Clients fidèles
U02872,Standard,255,11,4869.24,2,3,4,234,À risque
U11262,Standard,134,8,4869.58,3,3,4,334,Clients fidèles
U08905,Standard,441,8,4869.7,1,3,4,134,À risque
U09776,Premium,103,13,4874.26,4,4,4,444,Champions
U10556,Premium,522,16,4875.28,1,4,4,144,À risque
U07544,VIP,126,21,4876.4,4,5,4,454,Champions
U05151,Premium,92,28,4877.89,4,5,4,454,Champions
U09806,Standard,43,15,4879.78,5,4,4,544,Champions
U03592,Budget,367,14,4879.89,2,4,4,244,À risque
U00192,Standard,260,8,4886.4,2,3,4,234,À risque
U00959,Standard,156,6,4888.16,3,2,4,324,Nouveaux
U10188,Standard,11,10,4890.59,5,3,4,534,Clients fidèles
U03307,Premium,245,16,4893.77,3,4,4,344,Clients fidèles
U00937,Budget,429,7,4895.35,1,2,4,124,Perdus
U07112,Premium,519,9,4896.13,1,3,4,134,À risque
U02602,VIP,160,44,4898.17,3,5,4,354,Clients fidèles
U06488,Standard,233,11,4898.26,3,3,4,334,Clients fidèles
U10111,Standard,124,21,4900.63,4,5,4,454,Champions
U10124,Premium,3,15,4901.56,5,4,4,544,Champions
U00466,Budget,415,7,4903.05,1,2,4,124,Perdus
U05985,Standard,154,14,4904.23,3,4,4,344,Clients fidèles
U09514,Standard,20,13,4905.14,5,4,4,544,Champions
U02094,Standard,275,10,4905.65,2,3,4,234,À risque
U11651,Standard,192,19,4906.59,3,5,4,354,Clients fidèles
U10297,Premium,130,21,4906.66,3,5,4,354,Clients fidèles
U06423,Standard,128,18,4907.84,4,4,4,444,Champions
U04649,Standard,433,8,4913.32,1,3,4,134,À risque
U03618,Standard,188,16,4915.7,3,4,4,344,Clients fidèles
U02692,Standard,369,9,4920.01,2,3,4,234,À risque
U09408,Standard,7,11,4921.21,5,3,4,534,Clients fidèles
U05296,Inconnu,92,13,4922.44,4,4,4,444,Champions
U06514,Standard,442,15,4922.66,1,4,4,144,À risque
U07363,VIP,154,43,4923.69,3,5,4,354,Clients fidèles
U04443,Standard,277,14,4924.37,2,4,4,244,À risque
U00307,VIP,94,26,4927.59,4,5,4,454,Champions
U10759,Premium,67,14,4927.89,4,4,4,444,Champions
U05170,Standard,2,3,4928.71,5,1,4,514,Nouveaux
U07534,Standard,158,18,4929.82,3,4,4,344,Clients fidèles
U08066,Budget,10,13,4929.97,5,4,4,544,Champions
U11422,Premium,31,11,4931.5,5,3,4,534,Clients fidèles
U03644,Premium,61,21,4933.2,4,5,4,454,Champions
U10172,Budget,158,13,4935.13,3,4,4,344,Clients fidèles
U00808,Standard,185,15,4937.48,3,4,4,344,Clients fidèles
U07595,Premium,16,10,4938.6,5,3,4,534,Clients fidèles
U02142,Budget,460,7,4939.67,1,2,4,124,Perdus
U07020,Standard,10,9,4941.32,5,3,4,534,Clients fidèles
U07186,Premium,249,20,4943.74,2,5,4,254,À risque
U09157,Standard,37,20,4943.98,5,5,4,554,Champions
U00909,Budget,295,4,4944.11,2,1,4,214,Perdus
U02660,Premium,131,24,4944.87,3,5,4,354,Clients fidèles
U02338,Standard,280,16,4947.46,2,4,4,244,À risque
U08874,Standard,463,11,4948.95,1,3,4,134,À risque
U10895,Premium,184,5,4949.14,3,2,4,324,Nouveaux
U06357,Premium,134,27,4949.16,3,5,4,354,Clients fidèles
U10120,Premium,69,17,4950.66,4,4,4,444,Champions
U00557,Budget,217,18,4951.41,3,4,4,344,Clients fidèles
U09031,Premium,407,18,4952.38,1,4,4,144,À risque
U07218,Premium,192,19,4953.56,3,5,4,354,Clients fidèles
U10259,Standard,51,13,4954.58,4,4,4,444,Champions
U11480,Standard,38,12,4955.38,5,4,4,544,Champions
U10518,Standard,4,13,4957.63,5,4,4,544,Champions
U09475,Standard,306,9,4958.38,2,3,4,234,À risque
U06310,Premium,186,21,4959.28,3,5,4,354,Clients fidèles
U03429,Premium,288,29,4960.39,2,5,4,254,À risque
U04512,Premium,610,11,4960.42,1,3,4,134,À risque
U05446,Premium,382,11,4961.81,2,3,4,234,À risque
U03994,Premium,400,10,4962.71,1,3,4,134,À risque
U11711,Standard,396,11,4963.63,1,4,4,144,À risque
U07154,Standard,186,8,4967.84,3,3,4,334,Clients fidèles
U11814,Premium,6,23,4971.19,5,5,4,554,Champions
U08897,Premium,127,13,4971.53,4,4,4,444,Champions
U04072,Budget,226,11,4974.16,3,3,4,334,Clients fidèles
U04312,Premium,518,22,4974.68,1,5,4,154,À risque
U00102,Standard,68,12,4976.17,4,4,4,444,Champions
U07340,Standard,586,3,4976.91,1,1,4,114,Perdus
U07666,Premium,96,21,4977.7,4,5,4,454,Champions
U03370,Premium,279,13,4979.69,2,4,4,244,À risque
U01062,Premium,255,5,4979.98,2,2,4,224,Perdus
U01865,Budget,255,11,4985.7,2,3,4,234,À risque
U04131,Standard,339,23,4986.1,2,5,4,254,À risque
U10246,Standard,348,16,4986.93,2,4,4,244,À risque
U10265,Standard,126,13,4987.06,4,4,4,444,Champions
U03866,Budget,249,7,4988.73,2,2,4,224,Perdus
U09204,Standard,39,4,4989.52,5,2,4,524,Nouveaux
U06525,Standard,461,16,4992.99,1,4,4,144,À risque
U10236,Standard,464,12,4993.87,1,4,4,144,À risque
U10098,Premium,381,22,4994.29,2,5,4,254,À risque
U05346,Standard,69,13,4995.06,4,4,4,444,Champions
U00795,Standard,85,15,4995.18,4,4,4,444,Champions
U08438,Premium,4,18,4995.7,5,4,4,544,Champions
U08648,Standard,501,10,4998.79,1,3,4,134,À risque
U11324,Budget,239,7,4998.87,3,3,4,334,Clients fidèles
U11313,Standard,671,9,4999.93,1,3,4,134,À risque
U06985,Standard,10,7,5002.14,5,2,4,524,Nouveaux
U03794,Standard,318,8,5003.64,2,3,4,234,À risque
U03431,Premium,618,15,5004.89,1,4,4,144,À risque
U09929,Budget,630,6,5009.04,1,2,4,124,Perdus
U02715,Budget,36,9,5011.13,5,3,4,534,Clients fidèles
U11951,Budget,407,6,5012.41,1,2,4,124,Perdus
U06932,Premium,97,26,5013.02,4,5,4,454,Champions
U04860,Budget,5,5,5013.31,5,2,4,524,Nouveaux
U11346,Premium,38,7,5013.73,5,3,4,534,Clients fidèles
U10217,Standard,518,13,5015.94,1,4,4,144,À risque
U08372,Premium,336,14,5016.3,2,4,4,244,À risque
U05192,Standard,584,9,5019.74,1,3,4,134,À risque
U00295,Premium,40,26,5020.49,5,5,4,554,Champions
U11413,VIP,550,16,5021.65,1,4,4,144,À risque
U00423,Premium,32,29,5023.08,5,5,4,554,Champions
U11577,Standard,284,18,5025.66,2,4,4,244,À risque
U01891,Inconnu,518,20,5027.27,1,5,4,154,À risque
U10101,Standard,401,8,5027.82,1,3,4,134,À risque
U07536,VIP,38,15,5028.69,5,4,4,544,Champions
U01406,Standard,74,6,5037.9,4,2,4,424,Nouveaux
U05834,Standard,122,13,5039.67,4,4,4,444,Champions
U03862,Budget,214,13,5046.1,3,4,4,344,Clients fidèles
U07775,Budget,126,6,5046.52,4,2,4,424,Nouveaux
U03354,Premium,6,34,5047.09,5,5,4,554,Champions
U06976,Inconnu,62,21,5047.46,4,5,4,454,Champions
U03998,Standard,129,10,5049.62,3,3,4,334,Clients fidèles
U02219,Standard,400,11,5051.29,1,3,4,134,À risque
U00565,Standard,309,12,5056.5,2,4,4,244,À risque
U01434,Standard,189,23,5057.35,3,5,4,354,Clients fidèles
U01089,Budget,62,13,5061.79,4,4,4,444,Champions
U01160,Standard,19,6,5062.87,5,2,4,524,Nouveaux
U03380,Standard,247,4,5064.23,2,1,4,214,Perdus
U00125,Budget,497,6,5064.69,1,2,4,124,Perdus
U04121,Budget,306,11,5065.85,2,3,4,234,À risque
U00051,Premium,660,7,5069.27,1,2,4,124,Perdus
U03834,Standard,400,9,5074.27,1,3,4,134,À risque
U02954,Budget,109,12,5074.68,4,4,4,444,Champions
U07665,Standard,31,11,5074.68,5,3,4,534,Clients fidèles
U08322,Standard,138,8,5075.61,3,3,4,334,Clients fidèles
U03979,Standard,487,6,5075.83,1,2,4,124,Perdus
U09393,Premium,53,17,5076.75,4,4,4,444,Champions
U04761,Standard,279,6,5077.49,2,2,4,224,Perdus
U08168,Standard,134,13,5082.8,3,4,4,344,Clients fidèles
U09086,VIP,0,21,5086.29,5,5,4,554,Champions
U06759,Standard,270,7,5086.9,2,2,4,224,Perdus
U06400,Standard,464,7,5088.49,1,2,4,124,Perdus
U01227,Standard,24,9,5089.85,5,3,4,534,Clients fidèles
U02436,VIP,61,23,5095.47,4,5,4,454,Champions
U09243,VIP,34,32,5097.07,5,5,4,554,Champions
U02474,Standard,93,3,5097.34,4,1,4,414,Nouveaux
U01971,Standard,376,20,5100.31,2,5,4,254,À risque
U05302,Standard,407,9,5102.9,1,3,4,134,À risque
U03158,Standard,264,12,5103.08,2,4,4,244,À risque
U07654,Inconnu,504,8,5103.64,1,3,4,134,À risque
U06757,Premium,214,20,5105.21,3,5,4,354,Clients fidèles
U10984,Premium,251,21,5106.85,2,5,4,254,À risque
U09150,Standard,313,5,5108.56,2,2,4,224,Perdus
U08067,Premium,219,9,5110.43,3,3,4,334,Clients fidèles
U01483,Inconnu,334,13,5110.83,2,4,4,244,À risque
U01079,Premium,237,23,5111.21,3,5,4,354,Clients fidèles
U01707,Standard,314,12,5113.83,2,4,4,244,À risque
U00293,Premium,156,20,5117.35,3,5,4,354,Clients fidèles
U02740,Standard,427,14,5119.48,1,4,4,144,À risque
U00650,Standard,397,24,5120.98,1,5,4,154,À risque
U05448,Budget,339,9,5122.42,2,3,4,234,À risque
U01660,Standard,220,14,5122.94,3,4,4,344,Clients fidèles
U09298,Standard,11,11,5125.66,5,3,4,534,Clients fidèles
U10174,Premium,593,21,5126.3,1,5,4,154,À risque
U02466,Premium,92,26,5127.77,4,5,4,454,Champions
U01578,Premium,466,30,5128.69,1,5,4,154,À risque
U07561,VIP,427,28,5130.17,1,5,4,154,À risque
U04800,Standard,467,14,5131.98,1,4,4,144,À risque
U08976,Premium,245,15,5132.43,3,4,4,344,Clients fidèles
U05156,Budget,103,4,5133.07,4,1,4,414,Nouveaux
U02011,Standard,214,21,5133.34,3,5,4,354,Clients fidèles
U11560,Budget,52,4,5134.52,4,2,4,424,Nouveaux
U08140,Standard,436,7,5136.0,1,2,4,124,Perdus
U07656,Standard,529,7,5136.77,1,2,4,124,Perdus
U04186,VIP,33,29,5142.37,5,5,4,554,Champions
U06953,Premium,96,20,5144.81,4,5,4,454,Champions
U11719,VIP,1,8,5147.29,5,3,4,534,Clients fidèles
U09719,Premium,74,18,5147.8,4,4,4,444,Champions
U07200,Standard,381,19,5148.91,2,5,4,254,À risque
U05493,Standard,256,14,5149.49,2,4,4,244,À risque
U07395,Budget,188,6,5150.76,3,2,4,324,Nouveaux
U04700,Standard,399,6,5151.08,1,2,4,124,Perdus
U06223,Premium,4,15,5154.32,5,4,4,544,Champions
U07908,Standard,344,18,5156.0,2,4,4,244,À risque
U10886,Budget,172,8,5156.27,3,3,4,334,Clients fidèles
U01995,VIP,1,23,5156.62,5,5,4,554,Champions
U09623,Premium,35,17,5157.02,5,4,4,544,Champions
U11163,Premium,104,35,5158.44,4,5,4,454,Champions
U08715,Standard,428,18,5158.68,1,4,4,144,À risque
U10368,Standard,66,15,5159.0,4,4,4,444,Champions
U01088,Standard,652,11,5162.73,1,3,4,134,À risque
U07032,Premium,6,28,5164.78,5,5,4,554,Champions
U01772,Premium,580,12,5174.44,1,4,4,144,À risque
U02415,Budget,49,9,5179.63,4,3,4,434,Clients fidèles
U10218,Budget,185,7,5181.42,3,2,4,324,Nouveaux
U06384,Standard,158,13,5181.78,3,4,4,344,Clients fidèles
U00318,VIP,36,29,5181.93,5,5,4,554,Champions
U08381,Standard,396,24,5183.6,1,5,4,154,À risque
U09946,Premium,63,16,5185.57,4,4,4,444,Champions
U01514,Standard,345,3,5187.07,2,1,4,214,Perdus
U02871,Standard,356,8,5190.22,2,3,4,234,À risque
U10713,Budget,96,4,5190.38,4,2,4,424,Nouveaux
U10738,Budget,427,4,5191.32,1,2,4,124,Perdus
U11838,Budget,555,8,5191.8,1,3,4,134,À risque
U10386,Inconnu,403,13,5193.24,1,4,4,144,À risque
U09767,Budget,2,13,5193.43,5,4,4,544,Champions
U04795,Budget,99,3,5193.62,4,1,4,414,Nouveaux
U11531,Standard,168,8,5196.32,3,3,4,334,Clients fidèles
U00358,Standard,520,12,5198.23,1,4,4,144,À risque
U01341,VIP,122,38,5198.48,4,5,4,454,Champions
U08779,Budget,45,13,5199.03,5,4,4,544,Champions
U09168,Budget,338,7,5204.64,2,2,4,224,Perdus
U03297,Budget,156,12,5206.84,3,4,4,344,Clients fidèles
U04207,Standard,42,11,5208.14,5,3,4,534,Clients fidèles
U09744,Premium,492,17,5211.13,1,4,4,144,À risque
U00114,Premium,184,26,5211.27,3,5,4,354,Clients fidèles
U09356,Standard,396,21,5211.45,1,5,4,154,À risque
U00684,Premium,70,20,5211.86,4,5,4,454,Champions
U10565,Standard,32,7,5213.17,5,2,4,524,Nouveaux
U04331,Premium,64,13,5214.07,4,4,4,444,Champions
U08850,Standard,401,8,5215.08,1,3,4,134,À risque
U01038,Budget,221,8,5216.2,3,3,4,334,Clients fidèles
U02852,Standard,187,15,5217.37,3,4,4,344,Clients fidèles
U01523,Budget,530,7,5219.45,1,2,4,124,Perdus
U01238,Budget,176,3,5221.16,3,1,4,314,Nouveaux
U09488,Premium,66,20,5221.29,4,5,4,454,Champions
U00781,Budget,231,8,5222.62,3,3,4,334,Clients fidèles
U10708,Premium,185,24,5222.83,3,5,4,354,Clients fidèles
U00901,Standard,259,11,5223.54,2,3,4,234,À risque
U06332,Premium,155,22,5223.82,3,5,4,354,Clients fidèles
U02460,Premium,63,20,5224.46,4,5,4,454,Champions
U07520,Premium,245,27,5225.46,3,5,4,354,Clients fidèles
U02038,Standard,378,11,5225.68,2,3,4,234,À risque
U06386,Standard,370,13,5226.99,2,4,4,244,À risque
U04045,Premium,248,37,5228.98,2,5,4,254,À risque
U10007,Inconnu,160,21,5229.87,3,5,4,354,Clients fidèles
U00880,Premium,130,17,5231.7,3,4,4,344,Clients fidèles
U06993,Standard,198,12,5233.46,3,4,4,344,Clients fidèles
U01591,Standard,365,13,5235.03,2,4,4,244,À risque
U09350,Premium,365,15,5235.17,2,4,4,244,À risque
U07738,VIP,104,26,5239.52,4,5,4,454,Champions
U11770,Premium,31,33,5241.1,5,5,4,554,Champions
U05186,Standard,372,8,5241.51,2,3,4,234,À risque
U06687,Standard,321,9,5245.39,2,3,4,234,À risque
U06288,Premium,458,9,5247.02,1,3,4,134,À risque
U10023,Budget,295,8,5248.06,2,3,4,234,À risque
U07726,Standard,126,21,5248.66,4,5,4,454,Champions
U02076,Budget,260,10,5249.48,2,3,4,234,À risque
U10312,Inconnu,409,21,5250.03,1,5,4,154,À risque
U02601,Standard,67,18,5251.37,4,4,4,444,Champions
U03252,Budget,38,13,5251.58,5,4,4,544,Champions
U09484,Standard,185,14,5253.57,3,4,4,344,Clients fidèles
U10904,Standard,190,22,5254.27,3,5,4,354,Clients fidèles
U08739,Premium,8,12,5254.53,5,4,4,544,Champions
U08262,Standard,13,20,5255.48,5,5,4,554,Champions
U00291,Inconnu,62,6,5255.53,4,2,4,424,Nouveaux
U04063,VIP,62,14,5256.51,4,4,4,444,Champions
U10045,VIP,5,13,5257.91,5,4,4,544,Champions
U01183,Premium,2,6,5257.92,5,2,4,524,Nouveaux
U06495,Standard,10,4,5258.45,5,1,4,514,Nouveaux
U05529,Premium,365,19,5259.05,2,5,4,254,À risque
U06298,Premium,65,28,5259.27,4,5,4,454,Champions
U04681,Standard,101,14,5259.46,4,4,4,444,Champions
U01256,Standard,74,6,5260.59,4,2,4,424,Nouveaux
U01807,Premium,32,18,5261.72,5,4,4,544,Champions
U00454,Standard,315,12,5266.24,2,4,4,244,À risque
U06651,Budget,472,5,5267.35,1,2,4,124,Perdus
U01356,Standard,281,7,5267.9,2,2,4,224,Perdus
U04963,Standard,252,14,5272.46,2,4,4,244,À risque
U10965,Standard,167,13,5273.57,3,4,4,344,Clients fidèles
U02285,Budget,398,5,5276.11,1,2,4,124,Perdus
U09892,Standard,163,17,5278.28,3,4,4,344,Clients fidèles
U06431,VIP,458,35,5278.71,1,5,4,154,À risque
U09080,Inconnu,10,24,5279.36,5,5,4,554,Champions
U04974,Premium,467,10,5280.02,1,3,4,134,À risque
U07755,VIP,32,14,5280.29,5,4,4,544,Champions
U03552,Budget,47,11,5280.65,4,3,4,434,Clients fidèles
U05664,Standard,95,9,5281.34,4,3,4,434,Clients fidèles
U00734,VIP,3,13,5284.28,5,4,4,544,Champions
U00489,Budget,111,8,5284.56,4,3,4,434,Clients fidèles
U01897,Premium,31,17,5286.51,5,4,4,544,Champions
U04206,Budget,492,5,5286.82,1,2,4,124,Perdus
U02782,Premium,200,16,5292.58,3,4,4,344,Clients fidèles
U05844,Standard,478,10,5293.47,1,3,4,134,À risque
U05536,Budget,226,4,5294.16,3,1,4,314,Nouveaux
U10201,Standard,308,16,5294.66,2,4,4,244,À risque
U00720,Budget,68,10,5295.14,4,3,4,434,Clients fidèles
U03559,Budget,116,8,5296.51,4,3,4,434,Clients fidèles
U01140,Standard,41,16,5296.81,5,4,4,544,Champions
U00933,Premium,13,16,5298.77,5,4,4,544,Champions
U05061,Premium,399,18,5298.96,1,4,4,144,À risque
U06509,Budget,185,5,5302.29,3,2,4,324,Nouveaux
U03221,Standard,79,16,5302.51,4,4,4,444,Champions
U07130,VIP,5,20,5302.75,5,5,4,554,Champions
U02621,Standard,141,17,5304.97,3,4,4,344,Clients fidèles
U11282,Standard,249,10,5305.68,2,3,4,234,À risque
U11244,Premium,158,12,5309.64,3,4,4,344,Clients fidèles
U10404,Budget,534,4,5310.13,1,2,4,124,Perdus
U09348,Standard,46,6,5310.28,5,2,4,524,Nouveaux
U08187,Budget,339,10,5311.77,2,3,4,234,À risque
U09425,Standard,70,23,5313.44,4,5,4,454,Champions
U11689,Standard,184,11,5314.59,3,4,4,344,Clients fidèles
U06996,Standard,323,11,5316.73,2,3,4,234,À risque
U09178,VIP,93,37,5316.96,4,5,4,454,Champions
U05620,Standard,8,11,5317.19,5,3,4,534,Clients fidèles
U07205,Standard,490,8,5317.86,1,3,4,134,À risque
U08696,Standard,281,7,5317.9,2,2,4,224,Perdus
U07258,Inconnu,251,20,5319.52,2,5,4,254,À risque
U01260,Standard,12,13,5319.66,5,4,4,544,Champions
U07254,Standard,250,12,5325.28,2,4,4,244,À risque
U05161,Standard,337,13,5326.73,2,4,4,244,À risque
U09365,Budget,284,3,5329.18,2,1,4,214,Perdus
U03365,Standard,313,13,5331.23,2,4,4,244,À risque
U11300,Premium,316,17,5333.25,2,4,4,244,À risque
U01343,Standard,19,10,5335.24,5,3,4,534,Clients fidèles
U06039,Premium,0,22,5336.44,5,5,4,554,Champions
U11891,Budget,299,13,5336.79,2,4,4,244,À risque
U11360,Standard,153,10,5337.53,3,3,4,334,Clients fidèles
U11377,Budget,81,5,5338.89,4,2,4,424,Nouveaux
U11401,Budget,224,11,5339.6,3,3,4,334,Clients fidèles
U01947,Premium,92,12,5341.49,4,4,4,444,Champions
U06612,Standard,158,11,5342.07,3,3,4,334,Clients fidèles
U10961,Standard,61,12,5342.21,4,4,4,444,Champions
U02804,Premium,153,22,5342.74,3,5,4,354,Clients fidèles
U10693,Premium,2,27,5343.09,5,5,4,554,Champions
U01047,Standard,197,8,5348.47,3,3,4,334,Clients fidèles
U08512,Standard,115,7,5349.3,4,2,4,424,Nouveaux
U08065,Inconnu,23,6,5349.48,5,2,4,524,Nouveaux
U08257,Inconnu,248,16,5351.12,2,4,4,244,À risque
U04511,Standard,13,15,5351.41,5,4,4,544,Champions
U07972,Premium,32,13,5352.17,5,4,4,544,Champions
U08360,Budget,35,7,5353.14,5,2,4,524,Nouveaux
U09173,Standard,293,5,5355.17,2,2,4,224,Perdus
U06872,Premium,35,10,5357.78,5,3,4,534,Clients fidèles
U02904,Premium,447,13,5362.74,1,4,4,144,À risque
U11474,Premium,153,18,5365.37,3,4,4,344,Clients fidèles
U00088,VIP,335,28,5366.75,2,5,4,254,À risque
U09865,Premium,275,20,5367.24,2,5,4,254,À risque
U08967,Premium,438,25,5373.6,1,5,4,154,À risque
U05308,Standard,5,15,5376.88,5,4,4,544,Champions
U02897,Premium,155,14,5377.26,3,4,4,344,Clients fidèles
U11492,Premium,9,20,5377.57,5,5,4,554,Champions
U06436,Standard,153,18,5381.13,3,4,4,344,Clients fidèles
U11830,Premium,154,21,5381.75,3,5,4,354,Clients fidèles
U05005,Premium,276,19,5382.68,2,5,4,254,À risque
U03829,Standard,217,15,5384.96,3,4,4,344,Clients fidèles
U03206,Budget,96,3,5388.16,4,1,4,414,Nouveaux
U06574,Standard,62,11,5388.32,4,3,4,434,Clients fidèles
U04019,Standard,282,16,5389.95,2,4,4,244,À risque
U06840,Budget,32,3,5393.92,5,1,4,514,Nouveaux
U06211,Budget,370,12,5396.97,2,4,4,244,À risque
U08782,Inconnu,498,10,5398.98,1,3,4,134,À risque
U06725,Premium,32,21,5399.23,5,5,4,554,Champions
U09681,Premium,79,21,5400.96,4,5,4,454,Champions
U00682,Premium,103,14,5401.46,4,4,4,444,Champions
U08624,Standard,250,10,5401.95,2,3,4,234,À risque
U09035,Premium,2,26,5402.35,5,5,4,554,Champions
U08903,Standard,186,14,5403.18,3,4,4,344,Clients fidèles
U04677,Premium,1,20,5405.7,5,5,4,554,Champions
U04301,Standard,395,10,5406.65,1,3,4,134,À risque
U04228,Budget,246,8,5407.76,2,3,4,234,À risque
U00286,Standard,299,12,5408.64,2,4,4,244,À risque
U05209,Standard,7,12,5412.45,5,4,4,544,Champions
U03035,Premium,509,21,5413.36,1,5,4,154,À risque
U00825,Standard,159,14,5414.63,3,4,4,344,Clients fidèles
U00473,Premium,155,15,5417.42,3,4,4,344,Clients fidèles
U11854,Premium,157,17,5417.57,3,4,4,344,Clients fidèles
U06519,Budget,62,9,5418.42,4,3,4,434,Clients fidèles
U05879,Standard,314,18,5420.21,2,4,4,244,À risque
U04360,Premium,313,17,5420.26,2,4,4,244,À risque
U06589,Inconnu,161,8,5421.62,3,3,4,334,Clients fidèles
U01934,VIP,32,30,5426.79,5,5,4,554,Champions
U06196,Premium,92,23,5428.85,4,5,4,454,Champions
U04729,Standard,10,7,5432.47,5,2,4,524,Nouveaux
U01882,Standard,192,9,5433.3,3,3,4,334,Clients fidèles
U09877,Premium,3,6,5433.62,5,2,4,524,Nouveaux
U08909,Standard,400,8,5434.46,1,3,4,134,À risque
U02452,Premium,498,15,5434.73,1,4,4,144,À risque
U07647,Standard,42,14,5435.17,5,4,4,544,Champions
U05592,Standard,308,17,5437.59,2,4,4,244,À risque
U01457,Inconnu,47,11,5441.08,4,3,4,434,Clients fidèles
U06742,Standard,96,13,5441.88,4,4,4,444,Champions
U10498,VIP,96,23,5442.5,4,5,4,454,Champions
U01042,Standard,14,12,5445.45,5,4,4,544,Champions
U04354,VIP,216,16,5446.41,3,4,4,344,Clients fidèles
U09549,Budget,232,14,5447.17,3,4,4,344,Clients fidèles
U08218,Standard,162,9,5449.1,3,3,4,334,Clients fidèles
U08169,Standard,320,16,5451.73,2,4,4,244,À risque
U01032,Premium,284,18,5453.36,2,4,4,244,À risque
U02982,Standard,31,20,5453.38,5,5,4,554,Champions
U00883,Standard,246,15,5454.86,2,4,4,244,À risque
U05806,Budget,459,7,5460.92,1,2,4,124,Perdus
U01898,Premium,276,9,5461.61,2,3,4,234,À risque
U08518,Standard,31,10,5465.53,5,3,4,534,Clients fidèles
U11189,Premium,396,17,5465.82,1,4,4,144,À risque
U08090,Premium,409,23,5466.74,1,5,4,154,À risque
U02287,Budget,457,8,5467.48,1,3,4,134,À risque
U11616,Standard,29,7,5468.17,5,3,4,534,Clients fidèles
U01072,Premium,518,24,5468.88,1,5,4,154,À risque
U05524,Budget,366,8,5473.75,2,3,4,234,À risque
U11741,Budget,307,8,5476.31,2,3,4,234,À risque
U06628,Premium,221,28,5481.49,3,5,4,354,Clients fidèles
U00250,Standard,98,15,5483.72,4,4,4,444,Champions
U11148,Standard,552,15,5484.32,1,4,4,144,À risque
U07742,Standard,220,17,5485.38,3,4,4,344,Clients fidèles
U09577,Standard,308,8,5486.4,2,3,4,234,À risque
U05846,Standard,45,13,5487.35,5,4,4,544,Champions
U06003,Standard,138,13,5489.15,3,4,4,344,Clients fidèles
U04941,Premium,119,24,5489.75,4,5,4,454,Champions
U07579,Standard,489,5,5493.39,1,2,4,124,Perdus
U05971,Premium,487,10,5495.24,1,3,4,134,À risque
U04305,Premium,106,24,5495.25,4,5,4,454,Champions
U08965,Budget,64,6,5498.69,4,2,4,424,Nouveaux
U00585,VIP,224,22,5498.91,3,5,4,354,Clients fidèles
U08628,Standard,427,6,5499.31,1,2,4,124,Perdus
U04271,Premium,8,21,5499.95,5,5,4,554,Champions
U08222,Budget,338,13,5500.49,2,4,4,244,À risque
U03776,Premium,74,7,5500.75,4,2,4,424,Nouveaux
U02325,Standard,10,14,5500.98,5,4,4,544,Champions
U03687,Premium,125,28,5501.38,4,5,4,454,Champions
U03830,Premium,6,13,5504.85,5,4,4,544,Champions
U01676,Standard,9,18,5508.37,5,4,4,544,Champions
U09398,Standard,128,11,5508.87,4,3,4,434,Clients fidèles
U03806,Standard,3,15,5511.27,5,4,4,544,Champions
U11684,Standard,281,13,5512.77,2,4,4,244,À risque
U02859,Premium,428,30,5513.34,1,5,4,154,À risque
U07945,Premium,233,23,5516.7,3,5,4,354,Clients fidèles
U03742,Standard,503,10,5517.76,1,3,4,134,À risque
U10982,Standard,163,21,5520.03,3,5,4,354,Clients fidèles
U11734,Premium,96,19,5520.11,4,5,4,454,Champions
U02590,Budget,154,18,5520.85,3,4,4,344,Clients fidèles
U10643,Premium,68,19,5520.95,4,5,4,454,Champions
U01101,Budget,94,9,5521.63,4,3,4,434,Clients fidèles
U10391,Standard,347,10,5521.65,2,3,4,234,À risque
U09531,Budget,32,6,5522.62,5,2,4,524,Nouveaux
U01729,VIP,32,23,5524.3,5,5,4,554,Champions
U06353,Standard,62,15,5525.01,4,4,4,444,Champions
U01603,Inconnu,611,14,5528.29,1,4,4,144,À risque
U01872,VIP,96,5,5529.72,4,2,4,424,Nouveaux
U01847,Premium,185,23,5529.92,3,5,4,354,Clients fidèles
U03081,Standard,557,10,5532.73,1,3,4,134,À risque
U11042,VIP,32,30,5532.84,5,5,4,554,Champions
U08128,Standard,31,10,5533.76,5,3,4,534,Clients fidèles
U05841,Standard,38,5,5535.19,5,2,4,524,Nouveaux
U07106,Standard,33,11,5537.85,5,3,4,534,Clients fidèles
U08266,Standard,83,10,5540.56,4,3,4,434,Clients fidèles
U09889,VIP,250,23,5540.77,2,5,4,254,À risque
U07767,VIP,214,64,5542.56,3,5,4,354,Clients fidèles
U00221,Standard,154,11,5544.62,3,3,4,334,Clients fidèles
U09774,Premium,283,26,5548.75,2,5,4,254,À risque
U04349,Premium,75,29,5551.45,4,5,4,454,Champions
U09993,Premium,124,20,5556.27,4,5,4,454,Champions
U01162,Premium,206,16,5556.76,3,4,4,344,Clients fidèles
U09312,Budget,357,3,5558.92,2,1,4,214,Perdus
U05833,Standard,123,7,5559.59,4,2,4,424,Nouveaux
U11403,Premium,5,9,5564.83,5,3,4,534,Clients fidèles
U11827,VIP,281,22,5567.72,2,5,4,254,À risque
U06978,Premium,10,12,5569.41,5,4,4,544,Champions
U07018,Standard,0,11,5571.24,5,3,4,534,Clients fidèles
U07053,Budget,125,8,5572.96,4,3,4,434,Clients fidèles
U07613,Premium,336,26,5573.27,2,5,4,254,À risque
U01886,Budget,402,16,5575.83,1,4,4,144,À risque
U01053,Inconnu,64,7,5578.5,4,2,4,424,Nouveaux
U11448,Premium,156,32,5582.53,3,5,4,354,Clients fidèles
U07250,Budget,67,8,5586.89,4,3,4,434,Clients fidèles
U05543,Standard,266,6,5588.06,2,2,4,224,Perdus
U04434,Budget,249,6,5593.02,2,2,4,224,Perdus
U01335,Standard,158,16,5594.88,3,4,4,344,Clients fidèles
U05796,Standard,332,12,5595.13,2,4,4,244,À risque
U03245,Standard,284,15,5595.67,2,4,4,244,À risque
U06403,Standard,387,9,5600.3,1,3,4,134,À risque
U07329,Standard,100,9,5603.4,4,3,4,434,Clients fidèles
U03710,Premium,557,18,5604.34,1,4,4,144,À risque
U10685,VIP,95,22,5605.28,4,5,4,454,Champions
U10395,Standard,310,18,5605.48,2,4,4,244,À risque
U03052,Premium,250,16,5605.8,2,4,4,244,À risque
U05626,Premium,104,17,5607.76,4,4,4,444,Champions
U08971,Premium,373,15,5607.91,2,4,4,244,À risque
U04436,Premium,1,15,5609.72,5,4,4,544,Champions
U04487,VIP,0,23,5610.34,5,5,4,554,Champions
U02862,Standard,477,11,5616.42,1,3,4,134,À risque
U09197,Standard,147,10,5617.67,3,3,4,334,Clients fidèles
U10181,Inconnu,318,10,5619.72,2,3,4,234,À risque
U10211,Standard,74,13,5621.37,4,4,4,444,Champions
U07980,Premium,62,16,5621.49,4,4,4,444,Champions
U09017,Standard,328,6,5621.58,2,2,4,224,Perdus
U11458,Standard,219,14,5629.68,3,4,4,344,Clients fidèles
U02122,Premium,15,10,5629.81,5,3,4,534,Clients fidèles
U03298,Budget,368,7,5635.77,2,2,4,224,Perdus
U01820,VIP,245,31,5638.27,3,5,4,354,Clients fidèles
U04030,Premium,367,16,5640.48,2,4,4,244,À risque
U07699,Premium,337,26,5646.96,2,5,4,254,À risque
U11410,Standard,6,11,5647.04,5,3,4,534,Clients fidèles
U11726,Budget,66,9,5647.73,4,3,4,434,Clients fidèles
U06273,VIP,3,24,5647.89,5,5,4,554,Champions
U08343,Premium,2,10,5648.18,5,3,4,534,Clients fidèles
U10482,Premium,6,17,5649.65,5,4,4,544,Champions
U09818,Premium,217,24,5651.34,3,5,4,354,Clients fidèles
U11815,Premium,122,17,5651.34,4,4,4,444,Champions
U01049,Premium,128,19,5651.52,4,4,4,444,Champions
U06528,Budget,7,10,5651.56,5,3,4,534,Clients fidèles
U08788,Standard,217,16,5651.99,3,4,4,344,Clients fidèles
U05211,Standard,56,19,5652.21,4,5,4,454,Champions
U03283,Standard,35,12,5652.68,5,4,4,544,Champions
U07384,Premium,99,17,5654.05,4,4,4,444,Champions
U01686,Standard,36,4,5655.45,5,1,4,514,Nouveaux
U03715,VIP,214,39,5656.12,3,5,4,354,Clients fidèles
U11438,VIP,277,12,5656.85,2,4,4,244,À risque
U02376,VIP,32,27,5657.04,5,5,4,554,Champions
U11663,Inconnu,141,10,5658.76,3,3,4,334,Clients fidèles
U03734,Standard,6,10,5658.9,5,3,4,534,Clients fidèles
U02066,Premium,31,20,5659.96,5,5,4,554,Champions
U10504,Premium,111,14,5663.42,4,4,4,444,Champions
U08847,Budget,309,4,5666.65,2,2,4,224,Perdus
U09763,Premium,217,22,5668.07,3,5,4,354,Clients fidèles
U09082,Premium,228,16,5673.72,3,4,4,344,Clients fidèles
U04160,Standard,8,13,5673.99,5,4,4,544,Champions
U05433,Inconnu,426,20,5676.69,1,5,4,154,À risque
U06846,Standard,190,12,5677.68,3,4,4,344,Clients fidèles
U01592,Standard,229,17,5678.45,3,4,4,344,Clients fidèles
U08676,Standard,4,4,5681.53,5,2,4,524,Nouveaux
U07396,Standard,62,5,5683.2,4,2,4,424,Nouveaux
U02189,Standard,33,12,5685.75,5,4,4,544,Champions
U11411,VIP,611,23,5686.93,1,5,4,154,À risque
U10958,Premium,185,10,5687.07,3,3,4,334,Clients fidèles
U01887,Premium,310,19,5687.42,2,4,4,244,À risque
U05745,Premium,108,9,5690.36,4,3,4,434,Clients fidèles
U03291,VIP,341,22,5693.88,2,5,4,254,À risque
U01795,Premium,38,29,5695.02,5,5,4,554,Champions
U06740,Inconnu,281,9,5695.51,2,3,4,234,À risque
U03657,Premium,227,25,5696.2,3,5,4,354,Clients fidèles
U10360,Budget,64,6,5696.74,4,2,4,424,Nouveaux
U05014,Premium,189,36,5698.97,3,5,4,354,Clients fidèles
U07476,Inconnu,63,23,5702.11,4,5,4,454,Champions
U05691,Standard,62,8,5705.41,4,3,4,434,Clients fidèles
U03524,Standard,124,17,5705.64,4,4,4,444,Champions
U10461,Budget,168,11,5707.5,3,3,4,334,Clients fidèles
U00230,Inconnu,19,24,5709.0,5,5,4,554,Champions
U03378,Premium,337,16,5709.9,2,4,4,244,À risque
U05742,Premium,277,22,5711.94,2,5,4,254,À risque
U07096,VIP,464,24,5715.11,1,5,4,154,À risque
U02903,Standard,47,8,5716.94,4,3,4,434,Clients fidèles
U03530,Standard,459,8,5718.72,1,3,4,134,À risque
U11638,Premium,351,27,5719.71,2,5,4,254,À risque
U03670,Budget,72,7,5720.12,4,2,4,424,Nouveaux
U00923,Budget,184,11,5720.17,3,3,4,334,Clients fidèles
U07135,Standard,221,13,5720.94,3,4,4,344,Clients fidèles
U04347,VIP,1,30,5721.16,5,5,4,554,Champions
U09341,Premium,214,15,5722.02,3,4,4,344,Clients fidèles
U02229,Premium,245,17,5722.35,3,4,4,344,Clients fidèles
U07379,Premium,96,9,5722.57,4,3,4,434,Clients fidèles
U09694,VIP,7,51,5725.23,5,5,4,554,Champions
U06455,Premium,165,24,5726.74,3,5,4,354,Clients fidèles
U08520,Budget,92,8,5730.94,4,3,4,434,Clients fidèles
U03044,Premium,68,30,5734.28,4,5,4,454,Champions
U04901,Premium,98,10,5734.48,4,3,4,434,Clients fidèles
U02603,Standard,170,14,5736.96,3,4,4,344,Clients fidèles
U11094,Premium,153,28,5740.9,3,5,4,354,Clients fidèles
U06548,Premium,307,17,5742.17,2,4,4,244,À risque
U05198,Budget,481,12,5742.24,1,4,4,144,À risque
U06228,Premium,252,18,5742.69,2,4,4,244,À risque
U08560,Premium,32,19,5745.76,5,5,4,554,Champions
U03231,Standard,126,8,5748.08,4,3,4,434,Clients fidèles
U10496,Standard,5,15,5749.58,5,4,4,544,Champions
U07629,Premium,365,9,5750.54,2,3,4,234,À risque
U01409,Standard,319,11,5756.44,2,3,4,234,À risque
U08290,Premium,276,14,5756.96,2,4,4,244,À risque
U10627,Standard,397,13,5758.02,1,4,4,144,À risque
U04980,Budget,95,17,5759.2,4,4,4,444,Champions
U04106,Premium,280,27,5760.8,2,5,4,254,À risque
U00940,VIP,186,14,5762.15,3,4,4,344,Clients fidèles
U01170,VIP,249,8,5764.97,2,3,4,234,À risque
U11555,Inconnu,37,9,5765.32,5,3,4,534,Clients fidèles
U00334,Standard,80,14,5765.67,4,4,4,444,Champions
U00044,Premium,26,7,5766.38,5,2,4,524,Nouveaux
U02691,Standard,95,8,5767.7,4,3,4,434,Clients fidèles
U06761,Standard,521,18,5767.86,1,4,4,144,À risque
U08013,Standard,16,16,5772.75,5,4,4,544,Champions
U02024,Standard,9,17,5773.4,5,4,4,544,Champions
U08444,Premium,215,26,5774.5,3,5,4,354,Clients fidèles
U04290,Standard,490,11,5778.66,1,3,4,134,À risque
U08232,VIP,311,22,5779.46,2,5,4,254,À risque
U07025,VIP,0,27,5780.08,5,5,4,554,Champions
U04193,Premium,487,26,5780.1,1,5,4,154,À risque
U04484,Premium,367,20,5781.81,2,5,4,254,À risque
U07093,Standard,197,11,5782.68,3,3,4,334,Clients fidèles
U11009,Standard,374,17,5783.85,2,4,4,244,À risque
U02943,Standard,126,14,5787.68,4,4,4,444,Champions
U06323,Standard,64,15,5790.11,4,4,4,444,Champions
U10151,Standard,34,11,5792.59,5,3,4,534,Clients fidèles
U07820,Premium,7,12,5794.08,5,4,4,544,Champions
U05900,Premium,248,14,5794.94,2,4,4,244,À risque
U06897,Budget,39,16,5795.85,5,4,4,544,Champions
U07085,Premium,62,18,5796.07,4,4,4,444,Champions
U11717,Budget,19,10,5796.46,5,3,4,534,Clients fidèles
U02928,Standard,65,18,5797.05,4,4,4,444,Champions
U07248,Standard,4,14,5799.39,5,4,4,544,Champions
U03157,Standard,552,12,5799.42,1,4,4,144,À risque
U02368,Standard,68,10,5802.44,4,3,4,434,Clients fidèles
U02188,Budget,124,6,5802.45,4,2,4,424,Nouveaux
U08758,Budget,306,6,5807.54,2,2,4,224,Perdus
U03956,Budget,326,6,5811.52,2,2,4,224,Perdus
U10412,Standard,140,9,5814.06,3,3,4,334,Clients fidèles
U07648,Budget,285,5,5814.08,2,2,4,224,Perdus
U00982,Budget,365,12,5815.61,2,4,4,244,À risque
U02526,Standard,519,8,5818.09,1,3,4,134,À risque
U08406,Premium,61,17,5819.1,4,4,4,444,Champions
U10673,Standard,122,9,5819.25,4,3,4,434,Clients fidèles
U11924,Premium,146,19,5819.91,3,5,4,354,Clients fidèles
U11645,Premium,107,29,5820.22,4,5,4,454,Champions
U04400,Standard,250,6,5821.06,2,2,4,224,Perdus
U03442,Standard,125,16,5822.83,4,4,4,444,Champions
U06177,Budget,443,9,5825.61,1,3,4,134,À risque
U10574,Inconnu,549,8,5831.73,1,3,4,134,À risque
U05239,Standard,61,12,5832.87,4,4,4,444,Champions
U07937,Inconnu,122,14,5837.44,4,4,4,444,Champions
U03113,Standard,137,10,5841.0,3,3,4,334,Clients fidèles
U08921,Standard,153,14,5842.51,3,4,4,344,Clients fidèles
U02913,Standard,155,17,5850.27,3,4,4,344,Clients fidèles
U11195,Inconnu,202,17,5851.34,3,4,4,344,Clients fidèles
U00722,Standard,429,9,5853.32,1,3,4,134,À risque
U05024,Budget,9,4,5854.28,5,1,4,514,Nouveaux
U05091,Standard,187,10,5854.45,3,3,4,334,Clients fidèles
U08843,VIP,247,29,5856.03,2,5,4,254,À risque
U04025,Premium,68,11,5856.29,4,3,4,434,Clients fidèles
U01247,Standard,47,8,5857.17,4,3,4,434,Clients fidèles
U00886,Premium,156,16,5858.95,3,4,4,344,Clients fidèles
U05065,Premium,98,25,5859.12,4,5,4,454,Champions
U07307,Premium,681,9,5861.29,1,3,4,134,À risque
U06189,Budget,207,9,5864.86,3,3,4,334,Clients fidèles
U10481,VIP,2,34,5866.22,5,5,4,554,Champions
U03015,Standard,95,10,5866.87,4,3,4,434,Clients fidèles
U08027,Standard,431,12,5868.68,1,4,4,144,À risque
U09447,Budget,249,4,5870.16,2,2,4,224,Perdus
U00270,Standard,66,21,5871.09,4,5,4,454,Champions
U06803,Standard,311,22,5872.1,2,5,4,254,À risque
U02348,Standard,309,15,5876.46,2,4,4,244,À risque
U01480,Standard,368,11,5877.22,2,3,4,234,À risque
U03404,Standard,111,22,5880.89,4,5,4,454,Champions
U06891,Standard,465,17,5881.86,1,4,4,144,À risque
U05699,Inconnu,457,18,5890.49,1,4,4,144,À risque
U07022,Budget,468,10,5890.74,1,3,4,134,À risque
U00759,Premium,94,27,5891.09,4,5,4,454,Champions
U09639,Budget,549,12,5893.83,1,4,4,144,À risque
U01950,Premium,33,25,5898.4,5,5,4,554,Champions
U08482,Standard,549,11,5899.31,1,3,4,134,À risque
U11406,VIP,344,23,5900.83,2,5,4,254,À risque
U04624,Standard,31,9,5901.3,5,3,4,534,Clients fidèles
U06020,Premium,3,13,5901.47,5,4,4,544,Champions
U01999,Premium,106,37,5902.08,4,5,4,454,Champions
U09171,Premium,61,30,5903.16,4,5,4,454,Champions
U08252,Standard,335,12,5905.7,2,4,4,244,À risque
U09504,Budget,189,8,5907.74,3,3,4,334,Clients fidèles
U03443,Standard,204,10,5913.27,3,3,4,334,Clients fidèles
U11670,Premium,188,24,5914.39,3,5,4,354,Clients fidèles
U09741,Budget,435,11,5917.57,1,3,4,134,À risque
U05425,Premium,231,19,5919.98,3,5,4,354,Clients fidèles
U03317,Budget,248,7,5923.02,2,2,4,224,Perdus
U03010,Budget,314,7,5923.24,2,2,4,224,Perdus
U05482,Budget,96,9,5926.61,4,3,4,434,Clients fidèles
U08925,Standard,109,12,5934.02,4,4,4,444,Champions
U06144,Premium,368,16,5934.12,2,4,4,244,À risque
U05389,Standard,211,13,5934.6,3,4,4,344,Clients fidèles
U10447,Premium,92,12,5940.01,4,4,4,444,Champions
U06016,Standard,260,15,5942.68,2,4,4,244,À risque
U02276,Standard,521,10,5943.02,1,3,4,134,À risque
U03529,Premium,80,25,5943.72,4,5,4,454,Champions
U05451,Budget,84,11,5946.39,4,3,4,434,Clients fidèles
U06558,Budget,214,7,5948.06,3,2,4,324,Nouveaux
U09734,Premium,455,13,5948.31,1,4,4,144,À risque
U08082,Standard,464,11,5953.3,1,3,4,134,À risque
U03448,Premium,1,18,5954.34,5,4,4,544,Champions
U08124,Standard,320,5,5956.41,2,2,4,224,Perdus
U07913,Budget,353,6,5958.26,2,2,4,224,Perdus
U04599,Premium,2,12,5958.86,5,4,4,544,Champions
U09364,Inconnu,337,18,5959.95,2,4,4,244,À risque
U07439,VIP,2,15,5963.09,5,4,4,544,Champions
U10936,Standard,288,12,5963.36,2,4,4,244,À risque
U07014,Premium,459,19,5968.86,1,5,4,154,À risque
U01853,Standard,189,6,5969.86,3,2,4,324,Nouveaux
U11305,Standard,96,16,5970.02,4,4,4,444,Champions
U05231,Premium,259,19,5971.57,2,5,4,254,À risque
U10451,Standard,242,11,5971.68,3,3,4,334,Clients fidèles
U01989,Premium,186,25,5973.27,3,5,4,354,Clients fidèles
U08730,Premium,470,12,5977.62,1,4,4,144,À risque
U11812,Premium,1,7,5979.21,5,3,4,534,Clients fidèles
U07370,Premium,100,21,5980.84,4,5,4,454,Champions
U11126,Premium,195,8,5980.97,3,3,4,334,Clients fidèles
U10155,Premium,70,6,5981.06,4,2,4,424,Nouveaux
U00108,Standard,3,16,5981.22,5,4,4,544,Champions
U02699,Standard,34,20,5981.64,5,5,4,554,Champions
U06227,Standard,74,13,5981.87,4,4,4,444,Champions
U10231,Standard,34,12,5992.37,5,4,4,544,Champions
U11859,Standard,253,17,5993.53,2,4,4,244,À risque
U02557,Premium,579,18,5993.87,1,4,4,144,À risque
U04422,Budget,311,6,5993.96,2,2,4,224,Perdus
U03924,Budget,476,7,5998.58,1,2,4,124,Perdus
U06777,Premium,334,18,5999.54,2,4,4,244,À risque
U03683,VIP,396,20,6000.27,1,5,4,154,À risque
U00122,VIP,94,33,6000.55,4,5,4,454,Champions
U07041,Premium,166,17,6003.04,3,4,4,344,Clients fidèles
U03686,Standard,107,19,6008.76,4,4,4,444,Champions
U05044,Standard,97,13,6009.03,4,4,4,444,Champions
U06542,Premium,43,18,6009.45,5,4,4,544,Champions
U07241,Standard,284,8,6009.67,2,3,4,234,À risque
U00953,Premium,95,14,6009.99,4,4,4,444,Champions
U10536,Standard,108,16,6015.27,4,4,4,444,Champions
U09909,Standard,654,5,6020.41,1,2,4,124,Perdus
U09803,Standard,528,15,6022.38,1,4,4,144,À risque
U03793,Standard,235,10,6025.62,3,3,4,334,Clients fidèles
U07129,Premium,128,37,6028.03,4,5,4,454,Champions
U01593,Standard,222,14,6028.16,3,4,4,344,Clients fidèles
U04945,Budget,465,3,6028.83,1,1,4,114,Perdus
U02424,VIP,122,29,6029.08,4,5,4,454,Champions
U07207,Standard,263,5,6030.73,2,2,4,224,Perdus
U02853,Premium,402,19,6033.07,1,4,4,144,À risque
U08543,Standard,71,18,6033.4,4,4,4,444,Champions
U00562,Standard,180,4,6033.88,3,1,4,314,Nouveaux
U06479,Budget,374,5,6034.49,2,2,4,224,Perdus
U05189,Standard,307,6,6036.19,2,2,4,224,Perdus
U00922,Premium,63,31,6036.55,4,5,4,454,Champions
U04719,Budget,216,12,6036.55,3,4,4,344,Clients fidèles
U04282,Standard,488,12,6039.18,1,4,4,144,À risque
U08181,Budget,23,9,6039.91,5,3,4,534,Clients fidèles
U06563,Budget,437,7,6042.82,1,2,4,124,Perdus
U07304,Budget,334,6,6045.47,2,2,4,224,Perdus
U07469,VIP,190,35,6047.37,3,5,4,354,Clients fidèles
U11813,Budget,208,9,6047.58,3,3,4,334,Clients fidèles
U06410,Premium,36,20,6048.3,5,5,4,554,Champions
U10191,VIP,489,26,6050.02,1,5,4,154,À risque
U07424,Premium,31,23,6051.59,5,5,4,554,Champions
U02978,Standard,501,7,6053.96,1,2,4,124,Perdus
U00223,Standard,4,11,6055.1,5,3,4,534,Clients fidèles
U07626,Standard,188,14,6056.1,3,4,4,344,Clients fidèles
U08118,VIP,105,14,6056.35,4,4,4,444,Champions
U11591,Premium,294,24,6063.29,2,5,4,254,À risque
U03327,Standard,40,11,6063.32,5,3,4,534,Clients fidèles
U05134,Standard,285,14,6066.14,2,4,4,244,À risque
U08081,Premium,31,10,6073.08,5,3,4,534,Clients fidèles
U01050,Premium,10,16,6074.32,5,4,4,544,Champions
U02585,Budget,36,6,6077.79,5,2,4,524,Nouveaux
U04555,Inconnu,78,19,6079.17,4,4,4,444,Champions
U06049,Premium,31,17,6080.1,5,4,4,544,Champions
U08024,Standard,97,15,6080.25,4,4,4,444,Champions
U10807,Standard,81,9,6085.17,4,3,4,434,Clients fidèles
U04966,Premium,158,18,6085.23,3,4,4,344,Clients fidèles
U10426,Premium,156,11,6086.4,3,3,4,334,Clients fidèles
U05847,Budget,154,8,6087.01,3,3,4,334,Clients fidèles
U03496,Premium,160,15,6087.16,3,4,4,344,Clients fidèles
U03301,Premium,310,19,6090.65,2,4,4,244,À risque
U02491,Standard,506,7,6094.67,1,2,4,124,Perdus
U09550,Standard,61,7,6102.09,4,2,4,424,Nouveaux
U08172,Standard,185,16,6103.0,3,4,4,344,Clients fidèles
U09794,Premium,2,17,6105.11,5,4,4,544,Champions
U00357,VIP,162,22,6105.22,3,5,4,354,Clients fidèles
U07023,Standard,8,9,6106.62,5,3,4,534,Clients fidèles
U01858,Standard,306,11,6106.88,2,3,4,234,À risque
U01739,Premium,518,16,6110.32,1,4,4,144,À risque
U04552,Premium,31,10,6112.36,5,3,4,534,Clients fidèles
U01061,Standard,400,13,6116.1,1,4,4,144,À risque
U06784,Premium,154,14,6116.25,3,4,4,344,Clients fidèles
U02893,Premium,127,18,6118.96,4,4,4,444,Champions
U08525,Premium,214,23,6121.98,3,5,4,354,Clients fidèles
U09132,Standard,61,9,6124.39,4,3,4,434,Clients fidèles
U02479,Standard,228,16,6127.12,3,4,4,344,Clients fidèles
U05704,Premium,0,21,6131.65,5,5,4,554,Champions
U01159,Standard,212,8,6138.5,3,3,4,334,Clients fidèles
U02197,VIP,48,44,6138.62,4,5,4,454,Champions
U04652,Premium,558,13,6139.48,1,4,4,144,À risque
U09196,Premium,278,14,6141.54,2,4,4,244,À risque
U04402,Premium,17,12,6142.35,5,4,4,544,Champions
U04765,Premium,432,18,6144.2,1,4,4,144,À risque
U03347,Premium,122,25,6146.31,4,5,4,454,Champions
U06294,Premium,275,19,6146.55,2,5,4,254,À risque
U08356,Premium,582,16,6147.93,1,4,4,144,À risque
U11579,Standard,134,20,6148.04,3,5,4,354,Clients fidèles
U06207,VIP,403,38,6148.79,1,5,4,154,À risque
U01892,Premium,32,16,6148.86,5,4,4,544,Champions
U01674,Budget,351,9,6152.53,2,3,4,234,À risque
U07791,Premium,32,25,6153.36,5,5,4,554,Champions
U09667,Standard,591,8,6157.52,1,3,4,134,À risque
U01685,Budget,158,10,6157.77,3,3,4,334,Clients fidèles
U11927,Budget,36,10,6157.97,5,3,4,534,Clients fidèles
U11500,Budget,113,7,6161.47,4,3,4,434,Clients fidèles
U01939,Premium,307,37,6164.73,2,5,4,254,À risque
U04716,Budget,263,9,6164.79,2,3,4,234,À risque
U07833,Standard,410,19,6166.78,1,5,4,154,À risque
U10050,VIP,281,31,6167.06,2,5,4,254,À risque
U01139,Standard,596,15,6167.33,1,4,4,144,À risque
U02881,Budget,375,9,6167.65,2,3,4,234,À risque
U08361,Budget,545,5,6168.99,1,2,4,124,Perdus
U03526,VIP,159,28,6170.86,3,5,4,354,Clients fidèles
U03359,Standard,40,11,6173.71,5,3,4,534,Clients fidèles
U06124,Standard,431,9,6175.74,1,3,4,134,À risque
U04508,Standard,428,10,6177.14,1,3,4,134,À risque
U02181,Premium,365,22,6184.86,2,5,4,254,À risque
U00507,Budget,272,3,6185.04,2,1,4,214,Perdus
U00784,Standard,31,8,6186.74,5,3,4,534,Clients fidèles
U00954,Premium,97,40,6187.01,4,5,4,454,Champions
U02096,Standard,196,11,6189.16,3,3,4,334,Clients fidèles
U06818,Premium,187,27,6196.74,3,5,4,354,Clients fidèles
U05828,Standard,292,9,6196.85,2,3,4,234,À risque
U05738,Standard,551,7,6198.54,1,2,4,124,Perdus
U11523,Budget,46,16,6198.68,5,4,4,544,Champions
U04215,Standard,32,18,6199.61,5,4,4,544,Champions
U10377,VIP,7,11,6206.54,5,3,4,534,Clients fidèles
U07633,Premium,164,21,6207.62,3,5,4,354,Clients fidèles
U05779,Standard,96,9,6208.6,4,3,4,434,Clients fidèles
U11024,Standard,201,14,6208.8,3,4,4,344,Clients fidèles
U11320,Standard,13,8,6209.26,5,3,4,534,Clients fidèles
U04205,Premium,31,12,6211.85,5,4,4,544,Champions
U02314,Premium,6,14,6218.77,5,4,4,544,Champions
U10212,Premium,559,14,6219.26,1,4,4,144,À risque
U04298,Standard,409,12,6219.68,1,4,4,144,À risque
U08720,VIP,457,30,6220.22,1,5,4,154,À risque
U02529,Standard,2,9,6223.59,5,3,4,534,Clients fidèles
U05534,Budget,91,11,6225.06,4,3,4,434,Clients fidèles
U07558,Premium,431,12,6225.89,1,4,4,144,À risque
U00907,Inconnu,0,22,6227.55,5,5,4,554,Champions
U11608,Premium,4,21,6230.67,5,5,4,554,Champions
U08862,Premium,410,12,6233.01,1,4,4,144,À risque
U01904,Premium,33,22,6237.1,5,5,4,554,Champions
U01018,Premium,34,38,6237.21,5,5,4,554,Champions
U03096,Standard,228,11,6239.83,3,3,4,334,Clients fidèles
U03472,Standard,383,15,6240.86,2,4,4,244,À risque
U03170,Premium,194,19,6241.83,3,4,4,344,Clients fidèles
U02255,Premium,153,16,6246.63,3,4,4,344,Clients fidèles
U09900,VIP,61,26,6251.69,4,5,4,454,Champions
U02419,Premium,155,21,6252.62,3,5,4,354,Clients fidèles
U01876,Premium,64,27,6253.49,4,5,4,454,Champions
U08496,VIP,222,37,6255.56,3,5,4,354,Clients fidèles
U02200,Premium,1,5,6258.79,5,2,4,524,Nouveaux
U01579,Standard,281,14,6259.78,2,4,4,244,À risque
U01090,Premium,1,16,6260.36,5,4,4,544,Champions
U00536,Premium,245,21,6260.98,3,5,4,354,Clients fidèles
U03114,Premium,98,7,6262.58,4,2,4,424,Nouveaux
U09227,Premium,396,21,6263.13,1,5,4,154,À risque
U06443,Standard,337,18,6265.65,2,4,4,244,À risque
U11014,Standard,337,10,6270.1,2,3,4,234,À risque
U08686,Premium,69,29,6272.15,4,5,4,454,Champions
U01288,Standard,69,16,6273.07,4,4,4,444,Champions
U00709,Standard,245,10,6275.44,3,3,4,334,Clients fidèles
U09812,Inconnu,123,14,6276.49,4,4,4,444,Champions
U07058,Standard,154,9,6277.06,3,3,4,334,Clients fidèles
U00247,Standard,190,6,6279.89,3,2,4,324,Nouveaux
U08297,Premium,224,15,6282.85,3,4,4,344,Clients fidèles
U07729,Standard,31,11,6285.97,5,3,4,534,Clients fidèles
U07196,Standard,460,19,6288.55,1,5,4,154,À risque
U05429,Budget,14,7,6288.75,5,2,4,524,Nouveaux
U00272,Standard,464,10,6288.94,1,3,4,134,À risque
U07689,Standard,472,7,6289.42,1,2,4,124,Perdus
U00408,Standard,116,15,6294.24,4,4,4,444,Champions
U05458,Premium,95,9,6295.84,4,3,4,434,Clients fidèles
U04959,Premium,495,17,6297.75,1,4,4,144,À risque
U08005,Standard,602,6,6298.16,1,2,4,124,Perdus
U09357,Standard,390,20,6299.67,1,5,4,154,À risque
U06398,Budget,233,6,6299.84,3,2,4,324,Nouveaux
U04567,Standard,7,14,6303.49,5,4,4,544,Champions
U09727,Standard,344,24,6303.99,2,5,4,254,À risque
U01917,Premium,164,27,6306.27,3,5,4,354,Clients fidèles
U07295,Standard,289,6,6306.38,2,2,4,224,Perdus
U10649,Premium,65,12,6308.06,4,4,4,444,Champions
U05717,Standard,497,8,6308.13,1,3,4,134,À risque
U06018,Premium,133,17,6314.19,3,4,4,344,Clients fidèles
U11348,VIP,401,22,6314.2,1,5,4,154,À risque
U06461,Standard,0,12,6315.08,5,4,4,544,Champions
U01531,Budget,166,10,6315.41,3,3,4,334,Clients fidèles
U06256,Premium,306,23,6316.33,2,5,4,254,À risque
U00730,VIP,248,8,6317.45,2,3,4,234,À risque
U11257,Premium,8,23,6320.15,5,5,4,554,Champions
U09754,Standard,286,12,6321.22,2,4,4,244,À risque
U03290,VIP,128,36,6322.71,4,5,4,454,Champions
U09755,Standard,465,12,6324.28,1,4,4,144,À risque
U07126,Budget,224,9,6325.2,3,3,4,334,Clients fidèles
U06829,Premium,219,20,6328.17,3,5,4,354,Clients fidèles
U01478,Budget,64,11,6328.32,4,3,4,434,Clients fidèles
U11122,Budget,479,5,6328.72,1,2,4,124,Perdus
U11678,Standard,109,9,6329.28,4,3,4,434,Clients fidèles
U06946,Premium,218,19,6330.63,3,5,4,354,Clients fidèles
U06879,Inconnu,343,9,6334.03,2,3,4,234,À risque
U07992,VIP,61,13,6334.09,4,4,4,444,Champions
U07198,Premium,557,17,6334.53,1,4,4,144,À risque
U09453,Budget,216,5,6334.92,3,2,4,324,Nouveaux
U03229,Budget,404,2,6335.28,1,1,4,114,Perdus
U06971,Premium,462,17,6336.42,1,4,4,144,À risque
U07663,Standard,249,21,6336.86,2,5,4,254,À risque
U04082,Budget,254,9,6337.55,2,3,4,234,À risque
U10241,Standard,33,14,6338.04,5,4,4,544,Champions
U00738,Premium,406,12,6338.26,1,4,4,144,À risque
U05195,Standard,646,12,6338.96,1,4,4,144,À risque
U10730,Standard,214,8,6342.06,3,3,4,334,Clients fidèles
U03689,VIP,4,13,6345.93,5,4,4,544,Champions
U04992,Premium,617,11,6347.19,1,3,4,134,À risque
U08048,Standard,592,8,6348.48,1,3,4,134,À risque
U03769,Standard,460,20,6354.68,1,5,4,154,À risque
U06308,Standard,73,19,6355.05,4,5,4,454,Champions
U03465,Standard,311,20,6356.5,2,5,4,254,À risque
U11589,Premium,256,13,6360.79,2,4,4,244,À risque
U03779,Premium,549,16,6360.86,1,4,4,144,À risque
U10342,Premium,399,9,6365.37,1,3,4,134,À risque
U02369,Budget,476,8,6366.93,1,3,4,134,À risque
U11135,VIP,64,45,6370.36,4,5,4,454,Champions
U11660,Standard,25,16,6373.32,5,4,4,544,Champions
U07099,Premium,136,23,6374.46,3,5,4,354,Clients fidèles
U02333,Standard,217,12,6376.16,3,4,4,344,Clients fidèles
U08954,Premium,429,24,6378.84,1,5,4,154,À risque
U01791,Standard,2,4,6380.37,5,1,4,514,Nouveaux
U11184,Premium,96,25,6387.72,4,5,4,454,Champions
U02233,Standard,252,14,6388.82,2,4,4,244,À risque
U11643,Premium,314,13,6388.96,2,4,4,244,À risque
U10952,Budget,274,6,6392.5,2,2,4,224,Perdus
U09971,Standard,95,10,6396.33,4,3,4,434,Clients fidèles
U00391,Standard,585,7,6399.2,1,2,4,124,Perdus
U05328,Premium,158,24,6402.71,3,5,4,354,Clients fidèles
U03282,Premium,219,11,6412.26,3,3,4,334,Clients fidèles
U11356,Standard,533,12,6417.59,1,4,4,144,À risque
U01654,Premium,253,19,6420.16,2,4,4,244,À risque
U04682,Premium,246,15,6423.94,2,4,4,244,À risque
U06297,Standard,97,8,6424.43,4,3,4,434,Clients fidèles
U11395,Premium,125,17,6426.36,4,4,4,444,Champions
U10156,Standard,400,6,6428.71,1,2,4,124,Perdus
U05654,Premium,519,17,6430.3,1,4,4,144,À risque
U03535,Standard,374,13,6431.02,2,4,4,244,À risque
U00256,Premium,33,27,6436.63,5,5,4,554,Champions
U06152,Premium,335,29,6439.63,2,5,4,254,À risque
U05274,VIP,1,29,6440.99,5,5,4,554,Champions
U09548,Standard,106,10,6444.52,4,3,4,434,Clients fidèles
U00440,Premium,64,24,6445.67,4,5,4,454,Champions
U05603,Standard,278,15,6447.06,2,4,4,244,À risque
U01907,Standard,435,16,6447.6,1,4,4,144,À risque
U08670,VIP,226,37,6447.62,3,5,4,354,Clients fidèles
U05339,Standard,176,14,6451.02,3,4,4,344,Clients fidèles
U07521,Premium,462,17,6451.14,1,4,4,144,À risque
U05136,Premium,368,16,6451.61,2,4,4,244,À risque
U10037,Standard,244,7,6454.34,3,2,4,324,Nouveaux
U03034,Premium,44,10,6456.23,5,3,4,534,Clients fidèles
U02141,VIP,99,40,6461.96,4,5,4,454,Champions
U02278,Budget,328,8,6466.34,2,3,4,234,À risque
U00222,VIP,462,27,6468.92,1,5,4,154,À risque
U01742,Premium,160,12,6471.74,3,4,4,344,Clients fidèles
U04320,Standard,35,17,6476.91,5,4,4,544,Champions
U03437,Premium,490,13,6478.9,1,4,4,144,À risque
U10031,Premium,552,24,6481.58,1,5,4,154,À risque
U11090,Inconnu,10,23,6483.07,5,5,4,554,Champions
U07899,Standard,464,7,6486.51,1,2,4,124,Perdus
U07035,VIP,92,30,6488.14,4,5,4,454,Champions
U11887,Budget,258,5,6490.44,2,2,4,224,Perdus
U08182,Premium,96,22,6493.21,4,5,4,454,Champions
U10051,Budget,223,10,6493.89,3,3,4,334,Clients fidèles
U02412,Standard,398,17,6494.55,1,4,4,144,À risque
U09089,Standard,38,11,6498.02,5,3,4,534,Clients fidèles
U07863,Premium,159,10,6498.05,3,3,4,334,Clients fidèles
U03544,Premium,124,19,6500.32,4,4,4,444,Champions
U06608,VIP,95,37,6502.58,4,5,4,454,Champions
U03033,Premium,186,28,6503.11,3,5,4,354,Clients fidèles
U04582,Standard,45,12,6510.07,5,4,4,544,Champions
U08735,Standard,63,12,6510.29,4,4,4,444,Champions
U10841,Premium,31,19,6512.31,5,5,4,554,Champions
U09321,Standard,158,6,6514.78,3,2,4,324,Nouveaux
U01785,Premium,35,28,6518.28,5,5,4,554,Champions
U00990,Standard,132,23,6519.44,3,5,4,354,Clients fidèles
U09397,Premium,37,19,6519.48,5,5,4,554,Champions
U11677,Budget,440,6,6520.47,1,2,4,124,Perdus
U03117,Premium,36,8,6528.71,5,3,4,534,Clients fidèles
U02815,Standard,94,16,6531.27,4,4,4,444,Champions
U03744,Premium,250,25,6531.84,2,5,4,254,À risque
U11619,Inconnu,166,12,6535.36,3,4,4,344,Clients fidèles
U07662,Standard,75,13,6537.4,4,4,4,444,Champions
U06145,Standard,265,25,6537.56,2,5,4,254,À risque
U07443,Standard,191,13,6543.49,3,4,4,344,Clients fidèles
U07252,Premium,347,11,6543.63,2,3,4,234,À risque
U03635,Standard,182,5,6545.0,3,2,4,324,Nouveaux
U02811,Budget,502,9,6545.78,1,3,4,134,À risque
U01022,Standard,296,8,6547.41,2,3,4,234,À risque
U00638,Premium,316,22,6548.61,2,5,4,254,À risque
U09088,Budget,228,6,6550.01,3,2,4,324,Nouveaux
U00260,VIP,31,44,6552.69,5,5,4,554,Champions
U05578,Standard,256,12,6553.25,2,4,4,244,À risque
U07069,VIP,0,23,6555.27,5,5,4,554,Champions
U02317,Standard,69,17,6556.6,4,4,4,444,Champions
U10148,Standard,446,13,6557.17,1,4,4,144,À risque
U09939,Standard,245,5,6559.81,3,2,4,324,Nouveaux
U05849,Standard,123,11,6563.37,4,3,4,434,Clients fidèles
U02914,Standard,293,11,6563.92,2,3,4,234,À risque
U02489,Standard,470,9,6566.11,1,3,4,134,À risque
U09552,Standard,222,8,6568.27,3,3,4,334,Clients fidèles
U04615,Budget,297,13,6568.43,2,4,4,244,À risque
U10452,Standard,33,17,6569.26,5,4,4,544,Champions
U01118,Standard,217,7,6569.35,3,2,4,324,Nouveaux
U07389,VIP,2,23,6570.77,5,5,4,554,Champions
U01469,Standard,199,13,6572.08,3,4,4,344,Clients fidèles
U08800,VIP,339,24,6573.23,2,5,4,254,À risque
U03413,Premium,63,12,6575.63,4,4,4,444,Champions
U04907,Premium,400,15,6579.45,1,4,4,144,À risque
U06253,Standard,246,16,6581.78,2,4,4,244,À risque
U04781,Standard,458,23,6584.88,1,5,4,154,À risque
U05666,Standard,68,10,6586.59,4,3,4,434,Clients fidèles
U02838,Standard,214,14,6587.1,3,4,4,344,Clients fidèles
U11762,Standard,92,17,6589.59,4,4,4,444,Champions
U00284,Premium,125,24,6591.45,4,5,4,454,Champions
U03379,Premium,3,17,6593.06,5,4,4,544,Champions
U10894,Standard,132,19,6593.82,3,5,4,354,Clients fidèles
U11687,VIP,62,30,6595.4,4,5,4,454,Champions
U05871,Premium,463,15,6597.57,1,4,4,144,À risque
U07423,Standard,438,10,6602.19,1,3,4,134,À risque
U04352,Budget,63,9,6611.88,4,3,4,434,Clients fidèles
U11166,Premium,31,26,6616.83,5,5,4,554,Champions
U08335,Premium,188,24,6616.89,3,5,4,354,Clients fidèles
U11756,Standard,589,10,6617.04,1,3,4,134,À risque
U01294,Premium,85,14,6621.58,4,4,4,444,Champions
U04902,Premium,334,28,6622.78,2,5,4,254,À risque
U00005,Premium,193,26,6624.78,3,5,4,354,Clients fidèles
U00771,Standard,292,11,6624.82,2,3,4,234,À risque
U04122,Premium,278,15,6626.71,2,4,4,244,À risque
U08924,Premium,163,20,6631.89,3,5,4,354,Clients fidèles
U04243,Standard,9,7,6632.98,5,2,4,524,Nouveaux
U06844,Premium,92,34,6634.6,4,5,4,454,Champions
U04611,Budget,303,4,6635.69,2,1,4,214,Perdus
U09487,Premium,65,33,6635.89,4,5,4,454,Champions
U06823,Standard,245,17,6638.24,3,4,4,344,Clients fidèles
U06093,Standard,61,6,6638.65,4,2,4,424,Nouveaux
U00021,Premium,122,20,6639.13,4,5,4,454,Champions
U07824,Budget,490,10,6639.69,1,3,4,134,À risque
U11068,Premium,62,22,6642.63,4,5,4,454,Champions
U07830,Premium,311,14,6645.0,2,4,4,244,À risque
U04811,Premium,277,6,6646.1,2,2,4,224,Perdus
U03069,Budget,46,11,6648.15,5,3,4,534,Clients fidèles
U06427,Standard,406,11,6648.65,1,3,4,134,À risque
U09421,VIP,369,19,6649.23,2,5,4,254,À risque
U04107,Standard,15,19,6650.43,5,4,4,544,Champions
U00544,Standard,190,18,6654.19,3,4,4,344,Clients fidèles
U08092,Standard,463,9,6655.68,1,3,4,134,À risque
U10493,Standard,555,8,6656.73,1,3,4,134,À risque
U05021,VIP,5,19,6656.76,5,5,4,554,Champions
U11476,Premium,223,26,6657.6,3,5,4,354,Clients fidèles
U06512,Budget,315,7,6659.04,2,2,4,224,Perdus
U07170,Premium,275,15,6660.01,2,4,4,244,À risque
U01098,Premium,217,27,6663.53,3,5,4,354,Clients fidèles
U01168,Premium,191,21,6665.95,3,5,4,354,Clients fidèles
U11833,VIP,184,44,6666.6,3,5,4,354,Clients fidèles
U10166,Standard,432,6,6666.71,1,2,4,124,Perdus
U11499,Premium,126,15,6667.41,4,4,4,444,Champions
U01186,Premium,6,15,6668.9,5,4,4,544,Champions
U02169,Premium,93,8,6669.93,4,3,4,434,Clients fidèles
U09824,Budget,170,8,6672.58,3,3,4,334,Clients fidèles
U07287,Standard,308,14,6675.37,2,4,4,244,À risque
U05055,Standard,189,20,6676.06,3,5,4,354,Clients fidèles
U11881,Premium,31,22,6677.88,5,5,4,554,Champions
U03469,Premium,249,18,6678.89,2,4,4,244,À risque
U01224,Standard,123,17,6679.05,4,4,4,444,Champions
U04330,Premium,276,19,6680.16,2,4,4,244,À risque
U08605,Standard,0,19,6680.25,5,5,4,554,Champions
U03470,VIP,2,22,6681.11,5,5,4,554,Champions
U04270,Budget,565,3,6682.54,1,1,4,114,Perdus
U01799,Standard,3,6,6682.68,5,2,4,524,Nouveaux
U11972,Premium,365,14,6684.01,2,4,4,244,À risque
U01527,VIP,101,30,6686.5,4,5,4,454,Champions
U07981,Standard,187,14,6686.92,3,4,4,344,Clients fidèles
U10489,Premium,365,16,6688.03,2,4,4,244,À risque
U03062,Premium,404,16,6690.26,1,4,4,144,À risque
U03649,Standard,581,8,6691.35,1,3,4,134,À risque
U08691,Standard,66,16,6692.06,4,4,4,444,Champions
U09821,Budget,380,10,6692.66,2,3,4,234,À risque
U05980,Standard,32,34,6692.82,5,5,4,554,Champions
U01933,Premium,342,28,6693.78,2,5,4,254,À risque
U00354,Standard,64,28,6694.74,4,5,4,454,Champions
U08753,Standard,428,16,6696.51,1,4,4,144,À risque
U02063,Budget,219,8,6704.94,3,3,4,334,Clients fidèles
U09359,Standard,228,23,6704.98,3,5,4,354,Clients fidèles
U11284,VIP,2,19,6705.02,5,5,4,554,Champions
U08295,Premium,153,33,6708.15,3,5,4,354,Clients fidèles
U08197,Premium,1,38,6712.45,5,5,4,554,Champions
U04134,VIP,279,45,6715.94,2,5,4,254,À risque
U02515,Premium,31,22,6719.03,5,5,4,554,Champions
U07049,Standard,69,12,6719.84,4,4,4,444,Champions
U11494,Standard,125,15,6721.52,4,4,4,444,Champions
U07782,Budget,245,6,6722.27,3,2,4,324,Nouveaux
U02364,Premium,39,22,6723.46,5,5,4,554,Champions
U06309,Premium,334,24,6726.59,2,5,4,254,À risque
U05969,VIP,310,31,6727.07,2,5,4,254,À risque
U10612,Premium,102,13,6729.21,4,4,4,444,Champions
U05920,Standard,11,13,6730.57,5,4,4,544,Champions
U02225,Premium,2,26,6730.91,5,5,4,554,Champions
U03260,VIP,249,26,6731.41,2,5,4,254,À risque
U00556,Premium,62,28,6731.66,4,5,4,454,Champions
U09867,VIP,128,45,6735.61,4,5,4,454,Champions
U09222,Premium,219,15,6737.25,3,4,4,344,Clients fidèles
U06449,Budget,101,8,6738.45,4,3,4,434,Clients fidèles
U02775,Premium,401,19,6739.26,1,4,4,144,À risque
U07933,VIP,68,21,6741.1,4,5,4,454,Champions
U06859,VIP,155,39,6741.47,3,5,4,354,Clients fidèles
U01389,Budget,127,12,6743.41,4,4,4,444,Champions
U01826,Premium,428,27,6744.28,1,5,4,154,À risque
U10177,Budget,257,7,6745.45,2,2,4,224,Perdus
U10422,Premium,48,39,6747.85,4,5,4,454,Champions
U11216,Premium,133,12,6750.35,3,4,4,344,Clients fidèles
U01175,VIP,339,16,6755.08,2,4,4,244,À risque
U09015,Standard,246,10,6761.64,3,3,4,334,Clients fidèles
U03490,Standard,381,10,6768.23,2,3,4,234,À risque
U07745,Standard,258,19,6769.59,2,5,4,254,À risque
U03430,Standard,473,14,6772.13,1,4,4,144,À risque
U02196,Standard,65,8,6772.84,4,3,4,434,Clients fidèles
U08153,VIP,1,22,6775.51,5,5,4,554,Champions
U02923,Standard,166,20,6775.57,3,5,4,354,Clients fidèles
U02010,Premium,335,21,6777.34,2,5,4,254,À risque
U03497,Budget,164,15,6780.16,3,4,4,344,Clients fidèles
U10358,Premium,372,14,6782.63,2,4,4,244,À risque
U06451,Budget,412,10,6785.06,1,3,4,134,À risque
U07162,Premium,278,24,6787.61,2,5,4,254,À risque
U06316,Standard,62,6,6792.01,4,2,4,424,Nouveaux
U00103,Premium,191,22,6793.08,3,5,4,354,Clients fidèles
U11758,Standard,214,17,6793.23,3,4,4,344,Clients fidèles
U04507,VIP,9,35,6793.64,5,5,4,554,Champions
U07783,Premium,141,18,6795.25,3,4,4,344,Clients fidèles
U09551,Premium,214,29,6800.5,3,5,4,354,Clients fidèles
U09417,VIP,277,47,6802.14,2,5,4,254,À risque
U11556,Premium,3,17,6802.49,5,4,4,544,Champions
U00680,Standard,8,6,6811.41,5,2,4,524,Nouveaux
U07736,Budget,35,7,6811.97,5,2,4,524,Nouveaux
U06203,VIP,337,23,6812.29,2,5,4,254,À risque
U03528,Premium,41,14,6815.47,5,4,4,544,Champions
U07436,Standard,316,18,6815.97,2,4,4,244,À risque
U01114,Premium,186,6,6817.57,3,2,4,324,Nouveaux
U08110,Premium,39,15,6821.3,5,4,4,544,Champions
U07123,Standard,272,10,6829.51,2,3,4,234,À risque
U03381,Premium,398,25,6835.86,1,5,4,154,À risque
U10940,Budget,158,10,6839.22,3,3,4,334,Clients fidèles
U06176,Standard,255,16,6841.5,2,4,4,244,À risque
U07115,Budget,99,8,6844.48,4,3,4,434,Clients fidèles
U01177,Premium,8,23,6847.66,5,5,4,554,Champions
U00144,Premium,108,25,6850.21,4,5,4,454,Champions
U08933,VIP,549,22,6852.31,1,5,4,154,À risque
U10550,Premium,93,18,6853.97,4,4,4,444,Champions
U02705,VIP,66,30,6855.76,4,5,4,454,Champions
U11712,Standard,186,22,6860.88,3,5,4,354,Clients fidèles
U05148,VIP,33,28,6864.49,5,5,4,554,Champions
U01423,Standard,222,15,6868.55,3,4,4,344,Clients fidèles
U08766,Premium,189,15,6869.28,3,4,4,344,Clients fidèles
U01963,Premium,467,19,6873.66,1,4,4,144,À risque
U00639,Inconnu,34,61,6876.29,5,5,4,554,Champions
U00232,Premium,62,28,6876.97,4,5,4,454,Champions
U01372,Premium,312,16,6878.8,2,4,4,244,À risque
U04535,Standard,42,12,6886.08,5,4,4,544,Champions
U02651,Budget,142,13,6888.26,3,4,4,344,Clients fidèles
U00973,Premium,96,12,6890.52,4,4,4,444,Champions
U05466,Premium,215,25,6891.0,3,5,4,354,Clients fidèles
U06642,Standard,63,19,6891.68,4,5,4,454,Champions
U03501,Premium,223,37,6893.86,3,5,4,354,Clients fidèles
U11901,Premium,187,14,6896.29,3,4,4,344,Clients fidèles
U07804,Premium,214,30,6896.56,3,5,4,354,Clients fidèles
U10431,Standard,222,11,6897.85,3,3,4,334,Clients fidèles
U04619,Budget,97,17,6902.1,4,4,4,444,Champions
U05520,Budget,220,11,6904.22,3,3,4,334,Clients fidèles
U06426,VIP,170,32,6906.91,3,5,4,354,Clients fidèles
U03561,VIP,458,37,6906.94,1,5,4,154,À risque
U10052,Premium,31,16,6910.22,5,4,4,544,Champions
U06473,Standard,427,14,6910.28,1,4,4,144,À risque
U11863,Budget,619,5,6911.39,1,2,4,124,Perdus
U05803,Premium,365,26,6913.45,2,5,4,254,À risque
U06438,Standard,324,11,6913.51,2,3,4,234,À risque
U07302,Standard,106,14,6916.31,4,4,4,444,Champions
U00921,Premium,312,10,6917.46,2,3,4,234,À risque
U11910,Standard,162,5,6919.86,3,2,4,324,Nouveaux
U03594,Premium,497,15,6921.76,1,4,4,144,À risque
U11243,Standard,88,10,6922.58,4,3,4,434,Clients fidèles
U09933,VIP,1,42,6924.19,5,5,4,554,Champions
U02865,Premium,396,19,6924.97,1,4,4,144,À risque
U11821,VIP,0,35,6928.06,5,5,4,554,Champions
U08538,Standard,88,15,6929.56,4,4,4,444,Champions
U01583,VIP,31,40,6930.21,5,5,4,554,Champions
U03427,Budget,286,11,6930.84,2,3,4,234,À risque
U06855,Budget,214,12,6938.68,3,4,4,344,Clients fidèles
U05087,Standard,338,7,6942.24,2,2,4,224,Perdus
U02583,Budget,186,6,6942.34,3,2,4,324,Nouveaux
U06023,Standard,189,17,6943.78,3,4,4,344,Clients fidèles
U10546,Standard,410,8,6948.29,1,3,4,134,À risque
U08283,Premium,31,18,6952.94,5,4,4,544,Champions
U01715,Standard,162,12,6953.59,3,4,4,344,Clients fidèles
U07533,Standard,247,13,6954.11,2,4,4,244,À risque
U03762,VIP,5,41,6955.07,5,5,4,554,Champions
U04818,Premium,1,11,6955.61,5,3,4,534,Clients fidèles
U05015,Premium,61,33,6956.09,4,5,4,454,Champions
U08279,VIP,63,20,6959.58,4,5,4,454,Champions
U06233,Premium,343,25,6964.59,2,5,4,254,À risque
U06466,Standard,32,8,6966.98,5,3,4,534,Clients fidèles
U11341,VIP,159,60,6969.2,3,5,4,354,Clients fidèles
U00105,Standard,246,6,6969.79,2,2,4,224,Perdus
U06874,Premium,97,21,6973.46,4,5,4,454,Champions
U02698,Inconnu,133,11,6978.29,3,3,4,334,Clients fidèles
U01796,Standard,254,9,6979.11,2,3,4,234,À risque
U09117,Standard,257,8,6982.91,2,3,4,234,À risque
U04737,Standard,157,15,6984.16,3,4,4,344,Clients fidèles
U00198,VIP,184,29,6984.29,3,5,4,354,Clients fidèles
U09323,Premium,2,20,6984.57,5,5,4,554,Champions
U08093,Standard,125,20,6984.96,4,5,4,454,Champions
U05384,Premium,369,26,6988.69,2,5,4,254,À risque
U04232,Standard,224,11,6989.79,3,3,4,334,Clients fidèles
U01355,Budget,153,8,6991.14,3,3,4,334,Clients fidèles
U02266,Standard,166,10,6994.73,3,3,4,334,Clients fidèles
U07015,Premium,61,24,6994.82,4,5,4,454,Champions
U11475,VIP,214,45,6995.3,3,5,4,354,Clients fidèles
U04463,VIP,458,20,6996.57,1,5,4,154,À risque
U03719,Budget,187,6,6996.79,3,2,4,324,Nouveaux
U03491,Inconnu,3,9,6998.1,5,3,4,534,Clients fidèles
U00449,VIP,429,28,6998.49,1,5,4,154,À risque
U02898,VIP,94,27,7001.26,4,5,4,454,Champions
U08818,Premium,458,19,7001.58,1,5,4,154,À risque
U10280,Standard,217,11,7003.57,3,3,4,334,Clients fidèles
U09560,Premium,105,21,7006.15,4,5,4,454,Champions
U02031,Budget,206,6,7007.7,3,2,4,324,Nouveaux
U05036,VIP,250,22,7016.27,2,5,4,254,À risque
U01192,Standard,46,17,7022.01,5,4,4,544,Champions
U00341,VIP,124,23,7026.04,4,5,4,454,Champions
U05981,Premium,124,28,7029.92,4,5,4,454,Champions
U04708,Standard,381,8,7030.42,2,3,4,234,À risque
U04171,Premium,71,22,7031.89,4,5,4,454,Champions
U07811,Premium,95,9,7032.42,4,3,4,434,Clients fidèles
U10856,Premium,122,15,7036.51,4,4,4,444,Champions
U04858,VIP,100,38,7036.87,4,5,4,454,Champions
U03343,Premium,99,14,7037.72,4,4,4,444,Champions
U09116,Premium,243,17,7038.2,3,4,4,344,Clients fidèles
U06961,VIP,95,14,7038.83,4,4,4,444,Champions
U03506,VIP,371,13,7047.27,2,4,4,244,À risque
U03985,VIP,3,12,7051.16,5,4,4,544,Champions
U04468,Standard,523,12,7053.32,1,4,4,144,À risque
U05133,Standard,370,8,7053.52,2,3,4,234,À risque
U07751,Premium,159,22,7056.96,3,5,4,354,Clients fidèles
U02706,Premium,219,26,7057.31,3,5,4,354,Clients fidèles
U00844,Budget,39,13,7058.4,5,4,4,544,Champions
U06951,Premium,94,24,7059.13,4,5,4,454,Champions
U05444,VIP,339,29,7064.91,2,5,4,254,À risque
U11544,Standard,5,14,7066.29,5,4,4,544,Champions
U03702,Premium,518,15,7068.3,1,4,4,144,À risque
U10981,Premium,187,26,7069.22,3,5,4,354,Clients fidèles
U09427,Premium,458,24,7069.74,1,5,4,154,À risque
U11264,Premium,154,13,7072.04,3,4,4,344,Clients fidèles
U00837,Premium,61,25,7074.06,4,5,4,454,Champions
U08666,Standard,342,13,7077.42,2,4,4,244,À risque
U04997,VIP,31,37,7078.63,5,5,4,554,Champions
U04227,Standard,49,24,7079.13,4,5,4,454,Champions
U07026,Standard,127,9,7086.06,4,3,4,434,Clients fidèles
U00916,VIP,549,27,7088.91,1,5,4,154,À risque
U01517,Premium,160,20,7089.83,3,5,4,354,Clients fidèles
U01031,Standard,154,13,7091.04,3,4,4,344,Clients fidèles
U05747,Premium,106,15,7095.66,4,4,4,444,Champions
U02955,Inconnu,215,16,7096.38,3,4,4,344,Clients fidèles
U02643,Budget,250,6,7097.93,2,2,4,224,Perdus
U01405,Inconnu,124,10,7100.16,4,3,4,434,Clients fidèles
U11636,VIP,491,12,7100.44,1,4,4,144,À risque
U03634,Standard,387,11,7107.41,1,3,4,134,À risque
U05317,Premium,215,19,7107.72,3,5,4,354,Clients fidèles
U02154,Standard,4,12,7108.99,5,4,4,544,Champions
U08519,VIP,426,19,7110.96,1,5,4,154,À risque
U06370,VIP,10,38,7111.34,5,5,4,554,Champions
U09554,Standard,92,6,7111.69,4,2,4,424,Nouveaux
U11792,Standard,6,10,7112.44,5,3,4,534,Clients fidèles
U00490,VIP,550,30,7112.48,1,5,4,154,À risque
U05896,Premium,248,17,7114.24,2,4,4,244,À risque
U11515,VIP,64,7,7114.79,4,3,4,434,Clients fidèles
U08271,Premium,126,24,7116.3,4,5,4,454,Champions
U02545,Standard,34,11,7119.07,5,3,4,534,Clients fidèles
U01419,Budget,246,10,7121.82,2,3,4,234,À risque
U03895,Premium,279,11,7121.9,2,3,4,234,À risque
U01382,Premium,253,18,7126.73,2,4,4,244,À risque
U11027,Standard,67,16,7128.63,4,4,4,444,Champions
U10699,Premium,465,14,7130.22,1,4,4,144,À risque
U08755,Standard,125,11,7132.27,4,3,4,434,Clients fidèles
U01863,Standard,35,14,7133.38,5,4,4,544,Champions
U02567,Standard,214,14,7133.6,3,4,4,344,Clients fidèles
U07655,Standard,99,10,7134.43,4,3,4,434,Clients fidèles
U05968,VIP,39,21,7135.32,5,5,4,554,Champions
U03764,Standard,157,20,7136.87,3,5,4,354,Clients fidèles
U02401,Premium,3,20,7141.31,5,5,4,554,Champions
U10644,Premium,371,18,7143.77,2,4,4,244,À risque
U11137,Premium,279,15,7144.55,2,4,4,244,À risque
U08780,Premium,413,22,7151.62,1,5,4,154,À risque
U09990,Standard,132,13,7155.31,3,4,4,344,Clients fidèles
U01119,Standard,322,13,7157.07,2,4,4,244,À risque
U00099,Premium,248,20,7157.11,2,5,4,254,À risque
U00572,Premium,3,32,7161.99,5,5,4,554,Champions
U00956,Budget,461,5,7161.99,1,2,4,124,Perdus
U07017,Premium,16,15,7165.91,5,4,4,544,Champions
U09997,VIP,127,43,7167.62,4,5,4,454,Champions
U04341,Budget,443,8,7168.33,1,3,4,134,À risque
U00546,Standard,410,7,7172.88,1,2,4,124,Perdus
U05437,Premium,306,9,7173.05,2,3,4,234,À risque
U08959,Premium,343,16,7175.9,2,4,4,244,À risque
U10631,Premium,34,15,7181.79,5,4,4,544,Champions
U01145,Standard,124,11,7183.34,4,3,4,434,Clients fidèles
U06059,Standard,0,9,7185.98,5,3,4,534,Clients fidèles
U11034,Premium,100,20,7188.91,4,5,4,454,Champions
U07512,Premium,493,12,7191.34,1,4,4,144,À risque
U05545,VIP,128,34,7192.91,4,5,4,454,Champions
U10810,Standard,0,18,7197.97,5,4,4,544,Champions
U08689,VIP,33,21,7198.8,5,5,4,554,Champions
U01972,VIP,125,44,7199.39,4,5,4,454,Champions
U11428,VIP,339,44,7199.63,2,5,4,254,À risque
U04253,Premium,185,30,7208.48,3,5,4,354,Clients fidèles
U10137,Premium,165,18,7211.94,3,4,4,344,Clients fidèles
U07011,Budget,245,8,7217.28,3,3,4,334,Clients fidèles
U01877,Premium,92,20,7220.67,4,5,4,454,Champions
U08860,Premium,99,14,7220.94,4,4,4,444,Champions
U10790,Standard,198,10,7222.19,3,3,4,334,Clients fidèles
U00910,Standard,417,11,7223.33,1,3,4,134,À risque
U07460,Budget,10,11,7224.03,5,3,4,534,Clients fidèles
U03085,Standard,224,12,7224.28,3,4,4,344,Clients fidèles
U06513,Premium,460,20,7224.75,1,5,4,154,À risque
U02150,Premium,44,15,7230.01,5,4,4,544,Champions
U07199,Standard,367,22,7230.87,2,5,4,254,À risque
U02144,Budget,315,7,7231.04,2,2,4,224,Perdus
U09265,VIP,248,58,7232.07,2,5,4,254,À risque
U00644,VIP,33,39,7237.72,5,5,4,554,Champions
U02271,Standard,33,9,7241.16,5,3,4,534,Clients fidèles
U00664,Inconnu,219,12,7241.56,3,4,4,344,Clients fidèles
U05118,Standard,317,11,7242.69,2,3,4,234,À risque
U03135,Budget,62,4,7243.27,4,1,4,414,Nouveaux
U00943,Premium,124,24,7244.62,4,5,4,454,Champions
U06772,Standard,125,16,7259.58,4,4,4,444,Champions
U02937,Premium,32,10,7262.35,5,3,4,534,Clients fidèles
U06794,Premium,139,12,7266.58,3,4,4,344,Clients fidèles
U07270,Premium,401,31,7268.25,1,5,4,154,À risque
U03112,VIP,309,41,7269.52,2,5,4,254,À risque
U04866,Premium,36,19,7275.91,5,5,4,554,Champions
U09124,Standard,156,9,7280.72,3,3,4,334,Clients fidèles
U09355,Premium,426,32,7281.41,1,5,4,154,À risque
U08207,Premium,109,18,7282.77,4,4,4,444,Champions
U05868,Premium,246,27,7282.84,2,5,4,254,À risque
U02820,Premium,247,24,7284.38,2,5,4,254,À risque
U04660,Premium,124,30,7286.62,4,5,4,454,Champions
U04374,Standard,0,10,7286.98,5,3,4,534,Clients fidèles
U10943,Premium,399,18,7289.11,1,4,4,144,À risque
U05951,Standard,136,15,7290.34,3,4,4,344,Clients fidèles
U02427,VIP,366,28,7292.43,2,5,4,254,À risque
U02931,Premium,4,36,7296.95,5,5,4,554,Champions
U07152,Premium,443,13,7301.79,1,4,4,144,À risque
U10405,Premium,68,21,7302.61,4,5,4,454,Champions
U02728,Inconnu,491,22,7302.63,1,5,4,154,À risque
U06576,VIP,36,33,7308.35,5,5,4,554,Champions
U10026,Premium,276,40,7313.18,2,5,4,254,À risque
U10906,Standard,520,12,7314.05,1,4,4,144,À risque
U03682,Premium,70,22,7317.51,4,5,4,454,Champions
U01969,Premium,249,26,7328.09,2,5,4,254,À risque
U03336,Premium,129,15,7328.98,3,4,4,344,Clients fidèles
U07334,Premium,40,15,7329.3,5,4,4,544,Champions
U00277,Standard,1,9,7329.79,5,3,4,534,Clients fidèles
U04414,Standard,76,28,7330.65,4,5,4,454,Champions
U10846,VIP,63,44,7330.96,4,5,4,454,Champions
U06615,Budget,172,19,7333.06,3,5,4,354,Clients fidèles
U08121,VIP,127,26,7334.75,4,5,4,454,Champions
U07092,Premium,124,15,7340.22,4,4,4,444,Champions
U03039,Standard,245,14,7341.28,3,4,4,344,Clients fidèles
U06364,VIP,196,28,7341.48,3,5,4,354,Clients fidèles
U04584,Standard,70,15,7343.16,4,4,4,444,Champions
U09991,Premium,3,21,7347.09,5,5,4,554,Champions
U05046,Premium,283,19,7347.54,2,5,4,254,À risque
U01477,Standard,31,22,7349.42,5,5,4,554,Champions
U01821,Budget,201,11,7356.8,3,3,4,334,Clients fidèles
U01367,Premium,74,15,7357.58,4,4,4,444,Champions
U11309,VIP,276,34,7358.13,2,5,4,254,À risque
U09540,Standard,221,15,7358.23,3,4,4,344,Clients fidèles
U09013,VIP,4,45,7362.59,5,5,4,554,Champions
U09292,Standard,247,9,7364.03,2,3,4,234,À risque
U01475,Standard,143,10,7369.02,3,3,4,334,Clients fidèles
U09482,Inconnu,64,21,7369.03,4,5,4,454,Champions
U04933,Standard,2,9,7379.19,5,3,4,534,Clients fidèles
U09463,VIP,253,38,7382.6,2,5,4,254,À risque
U10696,Premium,122,21,7383.43,4,5,4,454,Champions
U03940,Premium,217,21,7385.09,3,5,4,354,Clients fidèles
U09248,Standard,369,9,7388.38,2,3,4,234,À risque
U00755,Premium,612,10,7390.44,1,3,4,134,À risque
U01277,Premium,159,23,7390.5,3,5,4,354,Clients fidèles
U06372,Premium,245,30,7391.98,3,5,4,354,Clients fidèles
U07190,VIP,33,48,7392.35,5,5,4,554,Champions
U08536,Standard,33,16,7395.28,5,4,4,544,Champions
U09590,Standard,15,14,7397.89,5,4,4,544,Champions
U07316,Standard,31,9,7399.45,5,3,4,534,Clients fidèles
U05042,Premium,8,16,7400.45,5,4,4,544,Champions
U01285,Premium,36,13,7403.38,5,4,4,544,Champions
U07560,Standard,191,7,7404.76,3,2,4,324,Nouveaux
U00493,Standard,368,8,7406.98,2,3,4,234,À risque
U09152,VIP,549,30,7411.05,1,5,4,154,À risque
U08196,Premium,92,26,7412.38,4,5,4,454,Champions
U11668,Standard,246,12,7415.35,3,4,4,344,Clients fidèles
U08583,Premium,489,11,7415.42,1,3,4,134,À risque
U03611,Premium,98,30,7418.75,4,5,4,454,Champions
U04685,Standard,69,9,7422.79,4,3,4,434,Clients fidèles
U00064,Standard,369,22,7425.37,2,5,4,254,À risque
U10081,Standard,63,8,7435.1,4,3,4,434,Clients fidèles
U01637,Standard,202,6,7436.15,3,2,4,324,Nouveaux
U09512,Premium,214,26,7436.99,3,5,4,354,Clients fidèles
U11811,VIP,155,61,7444.86,3,5,4,354,Clients fidèles
U04229,VIP,254,23,7446.11,2,5,4,254,À risque
U04077,Standard,316,10,7450.29,2,3,4,234,À risque
U10677,VIP,61,28,7450.44,4,5,4,454,Champions
U06791,VIP,33,22,7452.09,5,5,4,554,Champions
U10987,Premium,2,36,7456.7,5,5,4,554,Champions
U07668,Premium,490,18,7458.15,1,4,4,144,À risque
U11123,Premium,128,17,7458.5,4,4,4,444,Champions
U01752,Premium,246,30,7465.53,2,5,4,254,À risque
U06383,Standard,203,4,7466.55,3,1,4,314,Nouveaux
U04214,Standard,132,13,7469.79,3,4,4,344,Clients fidèles
U03954,Standard,62,18,7469.84,4,4,4,444,Champions
U03938,Standard,94,5,7471.33,4,2,4,424,Nouveaux
U08723,Premium,217,25,7472.6,3,5,4,354,Clients fidèles
U07140,Premium,34,18,7479.89,5,4,4,544,Champions
U07231,Premium,306,24,7480.68,2,5,4,254,À risque
U06131,Premium,6,17,7486.32,5,4,4,544,Champions
U01033,Standard,366,15,7488.97,2,4,4,244,À risque
U01896,VIP,157,38,7490.08,3,5,4,354,Clients fidèles
U01379,Premium,306,18,7492.34,2,4,4,244,À risque
U00600,Premium,426,16,7493.09,1,4,4,144,À risque
U06727,Standard,125,12,7494.66,4,4,4,444,Champions
U08661,VIP,306,23,7499.55,2,5,4,254,À risque
U01749,Standard,8,9,7506.14,5,3,4,534,Clients fidèles
U00017,Premium,12,16,7506.57,5,4,4,544,Champions
U00534,Standard,52,2,7507.05,4,1,4,414,Nouveaux
U02381,Premium,80,20,7507.1,4,5,4,454,Champions
U07474,Standard,281,16,7507.4,2,4,4,244,À risque
U08037,VIP,61,50,7510.48,4,5,4,454,Champions
U01875,VIP,32,58,7511.98,5,5,4,554,Champions
U03177,Premium,2,20,7513.84,5,5,4,554,Champions
U10464,Premium,334,22,7516.98,2,5,4,254,À risque
U10118,Premium,249,27,7517.4,2,5,4,254,À risque
U11983,Premium,12,16,7519.49,5,4,4,544,Champions
U02731,Premium,366,14,7519.88,2,4,4,244,À risque
U09129,Premium,0,11,7523.18,5,3,4,534,Clients fidèles
U03207,Premium,12,20,7528.41,5,5,4,554,Champions
U10277,Budget,209,11,7528.73,3,3,4,334,Clients fidèles
U05786,Standard,190,13,7532.39,3,4,4,344,Clients fidèles
U02915,Premium,220,20,7540.54,3,5,4,354,Clients fidèles
U11164,Premium,122,27,7545.1,4,5,4,454,Champions
U01698,Standard,67,25,7546.67,4,5,4,454,Champions
U04390,Premium,550,17,7549.44,1,4,4,144,À risque
U04773,Premium,477,6,7550.22,1,2,4,124,Perdus
U06026,VIP,126,37,7552.77,4,5,4,454,Champions
U05310,Premium,8,14,7557.22,5,4,4,544,Champions
U11085,Standard,62,3,7562.57,4,1,4,414,Nouveaux
U11132,VIP,62,43,7564.6,4,5,4,454,Champions
U00537,Premium,72,14,7565.83,4,4,4,444,Champions
U01502,Standard,43,7,7567.34,5,2,4,524,Nouveaux
U08250,Standard,46,14,7569.78,5,4,4,544,Champions
U07029,Budget,10,6,7569.88,5,2,4,524,Nouveaux
U03739,Premium,429,16,7570.08,1,4,4,144,À risque
U09523,Premium,38,25,7570.74,5,5,4,554,Champions
U02724,VIP,155,29,7571.72,3,5,4,354,Clients fidèles
U04602,Premium,369,16,7576.69,2,4,4,244,À risque
U08937,Premium,287,23,7576.78,2,5,4,254,À risque
U02008,Premium,252,12,7582.63,2,4,4,244,À risque
U04829,Standard,250,19,7583.52,2,5,4,254,À risque
U01376,VIP,34,11,7583.74,5,3,4,534,Clients fidèles
U09882,Premium,154,25,7590.18,3,5,4,354,Clients fidèles
U08564,Premium,625,11,7593.87,1,3,4,134,À risque
U09294,Premium,306,15,7595.31,2,4,4,244,À risque
U00625,Standard,428,11,7600.57,1,3,4,134,À risque
U08461,Standard,386,11,7602.04,1,3,4,134,À risque
U03854,Standard,193,19,7602.31,3,4,4,344,Clients fidèles
U00513,Standard,214,18,7607.01,3,4,4,344,Clients fidèles
U11836,Standard,32,14,7607.7,5,4,4,544,Champions
U09509,Premium,221,23,7607.96,3,5,4,354,Clients fidèles
U06817,Standard,245,10,7608.92,3,3,4,334,Clients fidèles
U01756,Standard,49,17,7609.8,4,4,5,445,Champions
U08545,Premium,46,17,7612.31,5,4,5,545,Champions
U11178,Standard,445,8,7614.88,1,3,5,135,À risque
U03946,Premium,427,14,7615.01,1,4,5,145,À risque
U03669,Budget,117,11,7622.76,4,3,5,435,Clients fidèles
U08829,VIP,245,52,7623.55,3,5,5,355,Clients fidèles
U02921,Inconnu,198,21,7627.18,3,5,5,355,Clients fidèles
U05862,Inconnu,459,13,7629.57,1,4,5,145,À risque
U01430,Premium,14,23,7632.38,5,5,5,555,Champions
U05383,Standard,108,20,7635.29,4,5,5,455,Champions
U08699,Premium,69,9,7639.79,4,3,5,435,Clients fidèles
U07235,VIP,35,23,7641.29,5,5,5,555,Champions
U04380,Standard,339,15,7641.46,2,4,5,245,À risque
U07283,Premium,492,11,7642.44,1,3,5,135,À risque
U07163,Standard,164,18,7642.5,3,4,5,345,Clients fidèles
U05740,VIP,187,39,7642.62,3,5,5,355,Clients fidèles
U01651,Premium,98,15,7644.6,4,4,5,445,Champions
U04079,Premium,132,12,7646.48,3,4,5,345,Clients fidèles
U05634,Premium,31,16,7646.95,5,4,5,545,Champions
U01851,VIP,0,37,7647.17,5,5,5,555,Champions
U09969,Premium,306,14,7649.15,2,4,5,245,À risque
U01456,Premium,335,17,7659.16,2,4,5,245,À risque
U05491,Premium,246,19,7661.03,2,5,5,255,À risque
U06037,VIP,128,39,7662.47,4,5,5,455,Champions
U04955,Budget,185,13,7666.04,3,4,5,345,Clients fidèles
U03835,Standard,62,21,7669.27,4,5,5,455,Champions
U06022,Standard,0,9,7670.2,5,3,5,535,Clients fidèles
U00380,Standard,397,22,7670.63,1,5,5,155,À risque
U09442,Budget,33,4,7671.9,5,2,5,525,Nouveaux
U11617,VIP,367,26,7673.82,2,5,5,255,À risque
U03728,Standard,5,16,7675.05,5,4,5,545,Champions
U01234,Standard,45,13,7675.77,5,4,5,545,Champions
U11582,Premium,4,26,7678.73,5,5,5,555,Champions
U01635,Budget,429,6,7681.49,1,2,5,125,Perdus
U02829,Standard,36,16,7684.86,5,4,5,545,Champions
U08655,Budget,31,9,7691.01,5,3,5,535,Clients fidèles
U01144,VIP,245,29,7691.38,3,5,5,355,Clients fidèles
U02265,Premium,336,21,7695.92,2,5,5,255,À risque
U09676,Premium,101,21,7696.53,4,5,5,455,Champions
U02258,Inconnu,5,20,7700.0,5,5,5,555,Champions
U07572,Premium,12,17,7700.81,5,4,5,545,Champions
U00189,Standard,334,15,7701.71,2,4,5,245,À risque
U08890,Standard,253,8,7702.24,2,3,5,235,À risque
U10551,Standard,188,22,7706.08,3,5,5,355,Clients fidèles
U04597,VIP,36,35,7708.45,5,5,5,555,Champions
U04797,Premium,61,26,7708.67,4,5,5,455,Champions
U08904,Premium,191,24,7708.99,3,5,5,355,Clients fidèles
U08593,Standard,61,10,7709.32,4,3,5,435,Clients fidèles
U05468,VIP,187,23,7715.97,3,5,5,355,Clients fidèles
U01232,Premium,107,17,7720.19,4,4,5,445,Champions
U00364,Standard,419,18,7724.3,1,4,5,145,À risque
U01601,Standard,334,22,7731.11,2,5,5,255,À risque
U02217,Premium,7,25,7731.26,5,5,5,555,Champions
U10526,Premium,156,13,7736.74,3,4,5,345,Clients fidèles
U05205,Premium,2,15,7739.88,5,4,5,545,Champions
U05793,Standard,93,15,7740.6,4,4,5,445,Champions
U00609,Premium,519,11,7746.55,1,3,5,135,À risque
U02360,Standard,13,17,7752.28,5,4,5,545,Champions
U03132,VIP,365,36,7754.56,2,5,5,255,À risque
U09191,Premium,252,27,7755.51,2,5,5,255,À risque
U03536,Premium,521,20,7757.97,1,5,5,155,À risque
U03149,Standard,94,13,7761.43,4,4,5,445,Champions
U09963,Premium,157,40,7763.19,3,5,5,355,Clients fidèles
U10979,Premium,256,14,7766.08,2,4,5,245,À risque
U04419,VIP,35,40,7766.42,5,5,5,555,Champions
U08152,Standard,20,17,7766.69,5,4,5,545,Champions
U11870,Premium,335,27,7770.57,2,5,5,255,À risque
U06139,VIP,276,44,7777.07,2,5,5,255,À risque
U06356,Premium,4,18,7779.53,5,4,5,545,Champions
U01167,Standard,94,25,7781.22,4,5,5,455,Champions
U11205,Budget,62,10,7783.53,4,3,5,435,Clients fidèles
U06648,VIP,125,25,7783.72,4,5,5,455,Champions
U03457,VIP,0,31,7783.79,5,5,5,555,Champions
U03467,Premium,98,41,7791.8,4,5,5,455,Champions
U04678,Standard,66,6,7792.64,4,2,5,425,Nouveaux
U05435,Standard,34,8,7795.07,5,3,5,535,Clients fidèles
U11200,Premium,133,22,7795.26,3,5,5,355,Clients fidèles
U06892,VIP,221,31,7802.09,3,5,5,355,Clients fidèles
U09645,Premium,72,19,7802.56,4,5,5,455,Champions
U01297,Premium,187,20,7803.52,3,5,5,355,Clients fidèles
U00172,Premium,98,23,7805.94,4,5,5,455,Champions
U01968,Budget,153,7,7807.45,3,2,5,325,Nouveaux
U05986,Budget,368,7,7808.05,2,2,5,225,Perdus
U06595,Premium,61,22,7808.97,4,5,5,455,Champions
U05256,Standard,96,12,7812.83,4,4,5,445,Champions
U03717,Budget,194,8,7813.59,3,3,5,335,Clients fidèles
U03907,Budget,195,7,7814.64,3,2,5,325,Nouveaux
U01600,VIP,104,32,7814.76,4,5,5,455,Champions
U01007,VIP,164,31,7816.19,3,5,5,355,Clients fidèles
U00661,Premium,187,40,7822.1,3,5,5,355,Clients fidèles
U06594,Standard,216,15,7822.97,3,4,5,345,Clients fidèles
U11270,Standard,4,6,7825.61,5,2,5,525,Nouveaux
U08974,Standard,107,24,7825.92,4,5,5,455,Champions
U03927,Premium,524,18,7827.03,1,4,5,145,À risque
U06564,Budget,285,20,7830.96,2,5,5,255,À risque
U01532,VIP,124,37,7831.66,4,5,5,455,Champions
U01508,Standard,19,21,7834.07,5,5,5,555,Champions
U10028,VIP,368,37,7843.8,2,5,5,255,À risque
U09099,VIP,128,32,7843.88,4,5,5,455,Champions
U10951,VIP,158,52,7846.54,3,5,5,355,Clients fidèles
U06213,Premium,292,15,7847.62,2,4,5,245,À risque
U05927,Standard,47,15,7853.22,4,4,5,445,Champions
U04640,Standard,430,14,7854.79,1,4,5,145,À risque
U01066,Premium,217,18,7857.88,3,4,5,345,Clients fidèles
U11145,Premium,3,19,7861.72,5,5,5,555,Champions
U10309,Standard,99,13,7864.75,4,4,5,445,Champions
U06609,Standard,222,9,7871.24,3,3,5,335,Clients fidèles
U08617,Premium,62,13,7874.42,4,4,5,445,Champions
U10302,Premium,64,25,7882.47,4,5,5,455,Champions
U11328,Standard,34,11,7893.1,5,3,5,535,Clients fidèles
U01916,Premium,33,23,7897.44,5,5,5,555,Champions
U11306,Premium,426,21,7897.62,1,5,5,155,À risque
U04970,Premium,10,30,7897.72,5,5,5,555,Champions
U08397,Standard,265,18,7899.78,2,4,5,245,À risque
U07922,Premium,322,16,7904.36,2,4,5,245,À risque
U04156,Budget,225,8,7908.09,3,3,5,335,Clients fidèles
U06567,VIP,8,14,7908.97,5,4,5,545,Champions
U09140,VIP,3,26,7914.86,5,5,5,555,Champions
U04136,Standard,223,20,7916.15,3,5,5,355,Clients fidèles
U04890,Inconnu,367,6,7917.76,2,2,5,225,Perdus
U05326,Standard,255,7,7923.78,2,2,5,225,Perdus
U09994,Standard,336,12,7926.18,2,4,5,245,À risque
U08776,Premium,403,13,7926.27,1,4,5,145,À risque
U03167,Budget,65,12,7926.97,4,4,5,445,Champions
U05906,VIP,401,21,7927.69,1,5,5,155,À risque
U04478,Premium,34,22,7934.33,5,5,5,555,Champions
U08931,Standard,245,18,7934.73,3,4,5,345,Clients fidèles
U02918,Premium,282,11,7941.38,2,3,5,235,À risque
U07573,VIP,245,16,7944.38,3,4,5,345,Clients fidèles
U06441,Standard,197,5,7948.82,3,2,5,325,Nouveaux
U06066,Budget,310,10,7949.84,2,3,5,235,À risque
U10902,Standard,586,8,7951.83,1,3,5,135,À risque
U01818,Standard,96,15,7953.44,4,4,5,445,Champions
U06045,VIP,495,37,7954.78,1,5,5,155,À risque
U10993,VIP,158,29,7957.77,3,5,5,355,Clients fidèles
U02926,Premium,16,17,7957.84,5,4,5,545,Champions
U01491,Premium,122,31,7957.87,4,5,5,455,Champions
U02043,Premium,247,18,7962.82,2,4,5,245,À risque
U10641,Premium,0,18,7962.89,5,4,5,545,Champions
U03256,Premium,4,12,7964.78,5,4,5,545,Champions
U09214,VIP,489,42,7966.11,1,5,5,155,À risque
U05636,Premium,61,25,7967.32,4,5,5,455,Champions
U02629,Standard,518,7,7969.73,1,2,5,125,Perdus
U01607,Standard,62,21,7974.35,4,5,5,455,Champions
U06484,Premium,585,13,7976.52,1,4,5,145,À risque
U05614,Premium,217,24,7977.0,3,5,5,355,Clients fidèles
U09261,Premium,62,21,7977.73,4,5,5,455,Champions
U03810,Premium,344,22,7982.16,2,5,5,255,À risque
U02216,Premium,101,18,7984.24,4,4,5,445,Champions
U05474,Premium,46,13,7987.71,5,4,5,545,Champions
U02628,Premium,280,19,7988.09,2,4,5,245,À risque
U09926,Premium,164,28,7991.23,3,5,5,355,Clients fidèles
U02007,Budget,10,9,8000.3,5,3,5,535,Clients fidèles
U05210,VIP,13,15,8004.71,5,4,5,545,Champions
U11658,Standard,224,9,8010.93,3,3,5,335,Clients fidèles
U07677,Premium,246,17,8011.36,2,4,5,245,À risque
U09333,Standard,95,17,8013.2,4,4,5,445,Champions
U08896,VIP,0,16,8017.16,5,4,5,545,Champions
U00735,Standard,487,17,8017.56,1,4,5,145,À risque
U09279,VIP,34,21,8019.62,5,5,5,555,Champions
U08031,Premium,48,25,8023.85,4,5,5,455,Champions
U08631,Premium,47,15,8024.08,5,4,5,545,Champions
U06413,VIP,32,39,8026.88,5,5,5,555,Champions
U05714,Standard,157,13,8028.43,3,4,5,345,Clients fidèles
U08968,Premium,188,33,8028.59,3,5,5,355,Clients fidèles
U08255,Premium,2,25,8033.77,5,5,5,555,Champions
U10756,Premium,488,14,8039.28,1,4,5,145,À risque
U07911,Standard,153,13,8041.47,3,4,5,345,Clients fidèles
U06350,Premium,44,21,8063.32,5,5,5,555,Champions
U09836,Standard,399,9,8065.35,1,3,5,135,À risque
U07718,Premium,105,18,8067.3,4,4,5,445,Champions
U05362,Premium,184,27,8069.08,3,5,5,355,Clients fidèles
U11973,Premium,94,26,8070.03,4,5,5,455,Champions
U08523,Premium,529,19,8071.92,1,5,5,155,À risque
U01584,Standard,43,15,8074.09,5,4,5,545,Champions
U11031,Standard,221,22,8075.27,3,5,5,355,Clients fidèles
U02061,Standard,191,14,8084.61,3,4,5,345,Clients fidèles
U01730,Premium,184,20,8096.78,3,5,5,355,Clients fidèles
U10306,Premium,220,11,8099.27,3,3,5,335,Clients fidèles
U11980,Standard,528,10,8100.02,1,3,5,135,À risque
U01099,VIP,2,29,8102.86,5,5,5,555,Champions
U07708,VIP,217,22,8102.97,3,5,5,355,Clients fidèles
U11713,Premium,227,15,8103.46,3,4,5,345,Clients fidèles
U07606,Budget,122,9,8104.13,4,3,5,435,Clients fidèles
U07786,Premium,365,27,8104.26,2,5,5,255,À risque
U06927,Budget,137,9,8106.85,3,3,5,335,Clients fidèles
U10689,Standard,317,10,8110.01,2,3,5,235,À risque
U04421,Inconnu,483,8,8111.76,1,3,5,135,À risque
U00314,Premium,320,15,8112.79,2,4,5,245,À risque
U05638,Inconnu,62,30,8113.27,4,5,5,455,Champions
U10257,Premium,525,14,8114.65,1,4,5,145,À risque
U00874,Standard,270,7,8115.12,2,2,5,225,Perdus
U11368,Budget,391,7,8123.32,1,3,5,135,À risque
U02113,Premium,374,20,8124.39,2,5,5,255,À risque
U03024,VIP,279,33,8127.65,2,5,5,255,À risque
U03821,Standard,249,12,8129.06,2,4,5,245,À risque
U00403,Premium,401,20,8132.56,1,5,5,155,À risque
U05964,Inconnu,8,30,8135.35,5,5,5,555,Champions
U01964,Premium,309,24,8135.79,2,5,5,255,À risque
U04392,Premium,42,23,8137.73,5,5,5,555,Champions
U11239,Standard,217,16,8140.52,3,4,5,345,Clients fidèles
U10878,Premium,402,21,8141.72,1,5,5,155,À risque
U01416,Inconnu,96,18,8145.7,4,4,5,445,Champions
U02231,VIP,526,39,8148.6,1,5,5,155,À risque
U00162,VIP,2,21,8149.33,5,5,5,555,Champions
U11297,VIP,156,16,8151.73,3,4,5,345,Clients fidèles
U01504,Premium,369,21,8152.47,2,5,5,255,À risque
U09685,Premium,156,36,8155.61,3,5,5,355,Clients fidèles
U11771,Standard,246,16,8157.09,3,4,5,345,Clients fidèles
U00101,Premium,522,16,8161.84,1,4,5,145,À risque
U10165,Standard,283,8,8165.13,2,3,5,235,À risque
U09045,VIP,275,42,8167.58,2,5,5,255,À risque
U00480,Premium,368,25,8168.28,2,5,5,255,À risque
U06970,Premium,219,27,8171.19,3,5,5,355,Clients fidèles
U08015,VIP,92,46,8178.1,4,5,5,455,Champions
U11223,Premium,34,13,8180.12,5,4,5,545,Champions
U04152,Premium,318,21,8182.12,2,5,5,255,À risque
U10664,VIP,218,42,8184.24,3,5,5,355,Clients fidèles
U06684,Premium,215,16,8189.81,3,4,5,345,Clients fidèles
U01171,VIP,277,48,8191.18,2,5,5,255,À risque
U04295,Standard,335,17,8191.32,2,4,5,245,À risque
U10542,Premium,260,17,8193.88,2,4,5,245,À risque
U04733,Premium,92,29,8194.52,4,5,5,455,Champions
U10823,Standard,458,18,8197.01,1,4,5,145,À risque
U02387,VIP,42,37,8197.86,5,5,5,555,Champions
U02131,Premium,306,18,8205.8,2,4,5,245,À risque
U11644,Standard,465,9,8206.74,1,3,5,135,À risque
U07349,Standard,73,18,8207.39,4,4,5,445,Champions
U07645,Budget,34,9,8207.67,5,3,5,535,Clients fidèles
U02001,Standard,4,7,8207.7,5,2,5,525,Nouveaux
U07394,Premium,306,24,8209.26,2,5,5,255,À risque
U08234,Standard,296,12,8211.15,2,4,5,245,À risque
U02047,Premium,3,17,8213.46,5,4,5,545,Champions
U08772,Budget,406,10,8213.46,1,3,5,135,À risque
U10485,Premium,79,18,8218.63,4,4,5,445,Champions
U10963,VIP,63,34,8219.0,4,5,5,455,Champions
U01209,Standard,315,11,8220.75,2,3,5,235,À risque
U10785,VIP,7,31,8225.32,5,5,5,555,Champions
U05931,Standard,235,12,8232.99,3,4,5,345,Clients fidèles
U07409,Premium,71,17,8234.09,4,4,5,445,Champions
U09846,VIP,16,41,8234.83,5,5,5,555,Champions
U02235,Standard,0,8,8243.3,5,3,5,535,Clients fidèles
U00995,VIP,64,30,8248.84,4,5,5,455,Champions
U04113,Standard,238,14,8249.0,3,4,5,345,Clients fidèles
U08085,Budget,214,12,8249.95,3,4,5,345,Clients fidèles
U06965,Premium,1,28,8253.89,5,5,5,555,Champions
U09585,Standard,127,8,8253.96,4,3,5,435,Clients fidèles
U09852,Standard,43,11,8255.01,5,3,5,535,Clients fidèles
U06593,Inconnu,467,16,8256.66,1,4,5,145,À risque
U01052,VIP,32,34,8258.91,5,5,5,555,Champions
U09480,Budget,428,8,8259.81,1,3,5,135,À risque
U06729,VIP,247,59,8260.61,2,5,5,255,À risque
U07839,Premium,133,15,8263.12,3,4,5,345,Clients fidèles
U03004,Standard,320,11,8269.46,2,3,5,235,À risque
U02247,Standard,339,15,8276.21,2,4,5,245,À risque
U06849,VIP,221,29,8286.38,3,5,5,355,Clients fidèles
U06392,Premium,41,19,8290.86,5,5,5,555,Champions
U11449,Premium,2,30,8294.51,5,5,5,555,Champions
U07575,VIP,38,58,8294.99,5,5,5,555,Champions
U06715,Standard,466,7,8295.61,1,2,5,125,Perdus
U03358,Premium,459,19,8295.84,1,4,5,145,À risque
U04715,Premium,65,18,8296.63,4,4,5,445,Champions
U04904,Standard,42,10,8301.72,5,3,5,535,Clients fidèles
U10654,Standard,32,15,8304.7,5,4,5,545,Champions
U04952,VIP,94,26,8306.63,4,5,5,455,Champions
U06437,Premium,306,18,8311.0,2,4,5,245,À risque
U04908,Standard,95,16,8316.3,4,4,5,445,Champions
U11837,Premium,136,25,8317.82,3,5,5,355,Clients fidèles
U05080,VIP,8,14,8319.23,5,4,5,545,Champions
U11471,Premium,108,35,8319.55,4,5,5,455,Champions
U04407,Standard,37,14,8322.42,5,4,5,545,Champions
U10776,Budget,143,3,8329.8,3,1,5,315,Nouveaux
U02147,Premium,157,20,8329.85,3,5,5,355,Clients fidèles
U02464,VIP,96,41,8334.11,4,5,5,455,Champions
U04239,Standard,500,16,8336.03,1,4,5,145,À risque
U02753,Standard,5,16,8340.33,5,4,5,545,Champions
U05355,VIP,307,30,8341.41,2,5,5,255,À risque
U09103,Premium,400,17,8343.34,1,4,5,145,À risque
U09708,Standard,163,26,8346.34,3,5,5,355,Clients fidèles
U04343,Premium,217,28,8347.91,3,5,5,355,Clients fidèles
U04379,Standard,338,18,8350.49,2,4,5,245,À risque
U10304,Standard,585,9,8361.28,1,3,5,135,À risque
U05812,Premium,65,27,8373.49,4,5,5,455,Champions
U00667,Standard,398,9,8375.12,1,3,5,135,À risque
U03129,Premium,457,30,8377.42,1,5,5,155,À risque
U05476,Premium,283,18,8379.43,2,4,5,245,À risque
U00558,Standard,275,12,8383.11,2,4,5,245,À risque
U02439,Premium,33,15,8383.64,5,4,5,545,Champions
U03045,Premium,32,34,8383.83,5,5,5,555,Champions
U11732,Standard,277,11,8388.06,2,4,5,245,À risque
U05115,Premium,262,23,8390.26,2,5,5,255,À risque
U05563,Standard,0,24,8390.5,5,5,5,555,Champions
U00809,Premium,64,18,8393.31,4,4,5,445,Champions
U04575,Premium,178,30,8394.73,3,5,5,355,Clients fidèles
U09539,VIP,340,35,8396.2,2,5,5,255,À risque
U11528,Standard,165,22,8396.4,3,5,5,355,Clients fidèles
U08399,Standard,399,9,8397.93,1,3,5,135,À risque
U09624,Standard,124,12,8398.33,4,4,5,445,Champions
U07273,Standard,216,16,8403.1,3,4,5,345,Clients fidèles
U08534,Budget,395,8,8404.88,1,3,5,135,À risque
U08403,Premium,217,19,8406.98,3,5,5,355,Clients fidèles
U02884,Standard,66,16,8408.42,4,4,5,445,Champions
U08547,Budget,246,10,8411.21,3,3,5,335,Clients fidèles
U01327,Standard,154,15,8411.36,3,4,5,345,Clients fidèles
U04451,Standard,128,7,8411.47,4,2,5,425,Nouveaux
U07615,VIP,131,56,8411.54,3,5,5,355,Clients fidèles
U02645,Standard,299,14,8414.0,2,4,5,245,À risque
U02942,Inconnu,0,46,8416.81,5,5,5,555,Champions
U01258,Premium,39,20,8417.64,5,5,5,555,Champions
U11118,VIP,5,35,8418.87,5,5,5,555,Champions
U08794,Standard,71,10,8420.93,4,3,5,435,Clients fidèles
U04657,Standard,36,20,8421.08,5,5,5,555,Champions
U07644,Standard,216,21,8422.09,3,5,5,355,Clients fidèles
U08616,Standard,98,11,8424.1,4,3,5,435,Clients fidèles
U08665,VIP,366,36,8427.49,2,5,5,255,À risque
U04425,Premium,39,17,8439.67,5,4,5,545,Champions
U08063,Premium,42,33,8442.39,5,5,5,555,Champions
U08241,Standard,375,8,8445.93,2,3,5,235,À risque
U07526,Standard,214,11,8448.52,3,3,5,335,Clients fidèles
U11469,VIP,284,24,8449.66,2,5,5,255,À risque
U10175,Standard,3,13,8456.82,5,4,5,545,Champions
U04294,VIP,61,33,8462.34,4,5,5,455,Champions
U08154,Standard,4,25,8464.91,5,5,5,555,Champions
U11692,VIP,217,15,8465.87,3,4,5,345,Clients fidèles
U08594,Premium,307,25,8467.07,2,5,5,255,À risque
U05135,Premium,9,13,8476.59,5,4,5,545,Champions
U05619,VIP,245,33,8480.44,3,5,5,355,Clients fidèles
U11851,Budget,342,8,8483.17,2,3,5,235,À risque
U04044,VIP,3,31,8486.9,5,5,5,555,Champions
U01557,Standard,67,11,8488.79,4,3,5,435,Clients fidèles
U05120,Standard,283,12,8492.87,2,4,5,245,À risque
U03094,VIP,61,34,8493.73,4,5,5,455,Champions
U04799,Budget,425,11,8503.28,1,3,5,135,À risque
U09573,VIP,93,20,8511.02,4,5,5,455,Champions
U07659,Premium,523,17,8513.24,1,4,5,145,À risque
U05553,Budget,153,8,8513.47,3,3,5,335,Clients fidèles
U08170,VIP,63,60,8518.95,4,5,5,455,Champions
U08490,VIP,334,52,8534.35,2,5,5,255,À risque
U10646,Standard,159,9,8534.35,3,3,5,335,Clients fidèles
U00673,Premium,335,24,8537.72,2,5,5,255,À risque
U09416,Premium,95,26,8538.74,4,5,5,455,Champions
U11609,VIP,123,27,8540.67,4,5,5,455,Champions
U06707,VIP,214,24,8544.38,3,5,5,355,Clients fidèles
U10883,Premium,32,37,8549.33,5,5,5,555,Champions
U06669,Premium,189,21,8553.11,3,5,5,355,Clients fidèles
U09965,Standard,399,12,8557.87,1,4,5,145,À risque
U01621,VIP,70,34,8560.64,4,5,5,455,Champions
U06079,Premium,281,12,8560.75,2,4,5,245,À risque
U07470,Premium,336,13,8563.26,2,4,5,245,À risque
U02064,Standard,346,16,8563.57,2,4,5,245,À risque
U02470,Budget,285,11,8564.05,2,3,5,235,À risque
U03941,Standard,225,21,8569.67,3,5,5,355,Clients fidèles
U08920,Standard,310,10,8570.56,2,3,5,235,À risque
U09563,Premium,61,18,8570.87,4,4,5,445,Champions
U03807,VIP,245,14,8575.48,3,4,5,345,Clients fidèles
U08614,Premium,295,19,8575.69,2,5,5,255,À risque
U10002,Standard,306,8,8581.82,2,3,5,235,À risque
U01760,Inconnu,185,28,8587.17,3,5,5,355,Clients fidèles
U02646,Premium,335,11,8593.32,2,3,5,235,À risque
U08449,Standard,126,21,8593.46,4,5,5,455,Champions
U04285,Standard,311,9,8596.21,2,3,5,235,À risque
U07132,Standard,193,28,8597.67,3,5,5,355,Clients fidèles
U06032,Budget,199,19,8597.83,3,5,5,355,Clients fidèles
U10798,VIP,250,45,8607.08,2,5,5,255,À risque
U11032,Budget,322,10,8608.92,2,3,5,235,À risque
U03388,VIP,10,41,8617.44,5,5,5,555,Champions
U04065,Premium,282,33,8618.84,2,5,5,255,À risque
U02886,Standard,156,9,8619.96,3,3,5,335,Clients fidèles
U01766,Standard,335,19,8620.51,2,4,5,245,À risque
U05352,Budget,396,14,8630.01,1,4,5,145,À risque
U02290,VIP,5,25,8633.96,5,5,5,555,Champions
U00560,Premium,366,24,8636.74,2,5,5,255,À risque
U04040,Premium,467,17,8637.3,1,4,5,145,À risque
U07695,Budget,9,13,8637.69,5,4,5,545,Champions
U02837,Premium,36,15,8639.76,5,4,5,545,Champions
U03455,Premium,38,23,8644.91,5,5,5,555,Champions
U08561,Standard,90,12,8648.3,4,4,5,445,Champions
U03800,Premium,192,10,8649.8,3,3,5,335,Clients fidèles
U05228,Premium,100,37,8655.88,4,5,5,455,Champions
U08526,Premium,153,18,8656.87,3,4,5,345,Clients fidèles
U01481,VIP,132,21,8662.51,3,5,5,355,Clients fidèles
U04445,Standard,130,10,8662.51,3,3,5,335,Clients fidèles
U01943,Premium,188,24,8664.42,3,5,5,355,Clients fidèles
U04185,Premium,400,24,8668.76,1,5,5,155,À risque
U01901,Premium,437,32,8669.65,1,5,5,155,À risque
U02721,Standard,39,17,8670.23,5,4,5,545,Champions
U04830,Premium,459,21,8672.84,1,5,5,155,À risque
U03782,Premium,69,28,8675.47,4,5,5,455,Champions
U10321,Premium,400,29,8681.59,1,5,5,155,À risque
U10922,Premium,63,33,8686.2,4,5,5,455,Champions
U09420,Premium,45,13,8691.0,5,4,5,545,Champions
U10960,VIP,188,37,8691.05,3,5,5,355,Clients fidèles
U11790,VIP,337,45,8697.32,2,5,5,255,À risque
U11278,VIP,93,41,8697.49,4,5,5,455,Champions
U03119,Premium,367,21,8716.09,2,5,5,255,À risque
U04049,VIP,321,43,8716.37,2,5,5,255,À risque
U03432,Standard,191,12,8717.6,3,4,5,345,Clients fidèles
U06083,Premium,338,12,8721.42,2,4,5,245,À risque
U03988,VIP,9,30,8724.05,5,5,5,555,Champions
U01000,Standard,97,16,8725.17,4,4,5,445,Champions
U00244,Inconnu,493,35,8739.47,1,5,5,155,À risque
U05837,Standard,187,10,8739.96,3,3,5,335,Clients fidèles
U09665,Standard,83,24,8741.57,4,5,5,455,Champions
U06148,VIP,122,31,8743.15,4,5,5,455,Champions
U00124,Premium,4,13,8744.26,5,4,5,545,Champions
U03831,VIP,310,47,8745.51,2,5,5,255,À risque
U10679,Budget,32,7,8747.78,5,3,5,535,Clients fidèles
U11886,Standard,489,15,8753.5,1,4,5,145,À risque
U11277,Premium,122,26,8753.76,4,5,5,455,Champions
U08383,VIP,31,22,8755.55,5,5,5,555,Champions
U04529,Premium,40,7,8756.84,5,2,5,525,Nouveaux
U06950,Premium,457,23,8759.67,1,5,5,155,À risque
U11049,Budget,334,11,8763.83,2,3,5,235,À risque
U00624,Premium,46,28,8765.22,5,5,5,555,Champions
U08906,Standard,175,10,8765.72,3,3,5,335,Clients fidèles
U01394,Premium,368,13,8778.85,2,4,5,245,À risque
U04221,Budget,557,6,8778.99,1,2,5,125,Perdus
U03016,Standard,113,8,8779.29,4,3,5,435,Clients fidèles
U00437,Budget,421,7,8779.77,1,2,5,125,Perdus
U00420,Premium,36,11,8780.99,5,3,5,535,Clients fidèles
U05749,VIP,156,40,8787.16,3,5,5,355,Clients fidèles
U11388,Standard,557,7,8788.27,1,3,5,135,À risque
U08349,Premium,61,23,8792.44,4,5,5,455,Champions
U04620,VIP,93,16,8794.21,4,4,5,445,Champions
U04129,Premium,72,13,8805.57,4,4,5,445,Champions
U09238,Premium,93,32,8812.7,4,5,5,455,Champions
U03474,Standard,408,11,8816.99,1,3,5,135,À risque
U05009,Standard,258,9,8822.13,2,3,5,235,À risque
U00451,VIP,5,59,8824.7,5,5,5,555,Champions
U06960,Standard,177,15,8825.09,3,4,5,345,Clients fidèles
U07208,Standard,520,11,8829.13,1,3,5,135,À risque
U11535,Budget,215,7,8830.12,3,3,5,335,Clients fidèles
U08820,VIP,247,45,8830.87,2,5,5,255,À risque
U08910,Premium,62,17,8831.47,4,4,5,445,Champions
U05171,Premium,348,24,8831.9,2,5,5,255,À risque
U08175,VIP,250,28,8835.63,2,5,5,255,À risque
U00352,Premium,439,19,8838.08,1,4,5,145,À risque
U08480,Premium,122,24,8840.81,4,5,5,455,Champions
U00171,Standard,384,19,8845.21,1,4,5,145,À risque
U02805,Standard,26,14,8846.75,5,4,5,545,Champions
U03087,Standard,162,12,8848.85,3,4,5,345,Clients fidèles
U04838,Inconnu,245,20,8853.49,3,5,5,355,Clients fidèles
U07698,Inconnu,156,10,8860.27,3,3,5,335,Clients fidèles
U05286,Standard,5,17,8861.39,5,4,5,545,Champions
U03363,Budget,62,8,8862.52,4,3,5,435,Clients fidèles
U07565,Premium,33,25,8868.68,5,5,5,555,Champions
U09415,Standard,251,19,8869.52,2,5,5,255,À risque
U08469,Standard,129,6,8876.06,3,2,5,325,Nouveaux
U05126,Premium,310,17,8876.82,2,4,5,245,À risque
U06122,Budget,236,7,8882.93,3,2,5,325,Nouveaux
U01369,Standard,97,23,8887.03,4,5,5,455,Champions
U01566,Premium,31,22,8887.87,5,5,5,555,Champions
U02559,Premium,36,11,8895.72,5,3,5,535,Clients fidèles
U00925,VIP,430,45,8900.52,1,5,5,155,À risque
U07906,Premium,128,38,8901.6,4,5,5,455,Champions
U03487,Standard,2,3,8903.68,5,1,5,515,Nouveaux
U03018,Premium,106,22,8905.82,4,5,5,455,Champions
U05388,Standard,21,10,8906.86,5,3,5,535,Clients fidèles
U05835,Premium,159,16,8909.06,3,4,5,345,Clients fidèles
U11834,Premium,161,20,8909.29,3,5,5,355,Clients fidèles
U04956,Premium,250,13,8910.65,2,4,5,245,À risque
U10892,Standard,46,9,8911.25,5,3,5,535,Clients fidèles
U01349,Standard,6,10,8912.82,5,3,5,535,Clients fidèles
U02484,Standard,65,24,8913.59,4,5,5,455,Champions
U06764,Premium,38,24,8920.51,5,5,5,555,Champions
U03289,Standard,156,8,8921.6,3,3,5,335,Clients fidèles
U09582,Standard,213,9,8922.38,3,3,5,335,Clients fidèles
U00741,VIP,405,19,8922.93,1,4,5,145,À risque
U03166,Standard,336,7,8925.68,2,2,5,225,Perdus
U10946,Standard,248,10,8928.61,2,3,5,235,À risque
U01642,Premium,409,22,8932.69,1,5,5,155,À risque
U04948,Premium,487,27,8939.41,1,5,5,155,À risque
U07955,Premium,37,17,8943.75,5,4,5,545,Champions
U02055,VIP,98,31,8945.14,4,5,5,455,Champions
U10341,Budget,248,12,8953.94,2,4,5,245,À risque
U06545,Inconnu,8,51,8959.48,5,5,5,555,Champions
U07721,Budget,283,12,8960.55,2,4,5,245,À risque
U01194,VIP,1,31,8965.26,5,5,5,555,Champions
U03066,Budget,518,7,8965.28,1,2,5,125,Perdus
U01661,VIP,275,27,8969.45,2,5,5,255,À risque
U06852,Premium,314,20,8977.84,2,5,5,255,À risque
U03145,Premium,192,40,8982.05,3,5,5,355,Clients fidèles
U09947,Standard,176,10,8987.73,3,3,5,335,Clients fidèles
U08599,Standard,95,9,8999.83,4,3,5,435,Clients fidèles
U03186,Standard,1,19,9000.45,5,4,5,545,Champions
U01060,Standard,457,15,9006.73,1,4,5,145,À risque
U05216,Premium,155,22,9007.49,3,5,5,355,Clients fidèles
U07433,Inconnu,318,10,9012.8,2,3,5,235,À risque
U02156,Standard,581,18,9014.89,1,4,5,145,À risque
U03346,Premium,581,15,9016.59,1,4,5,145,À risque
U07625,Inconnu,165,13,9029.05,3,4,5,345,Clients fidèles
U00568,VIP,552,33,9033.58,1,5,5,155,À risque
U06573,Standard,337,21,9040.12,2,5,5,255,À risque
U09901,Standard,157,25,9044.89,3,5,5,355,Clients fidèles
U00313,Premium,122,27,9046.57,4,5,5,455,Champions
U11598,Budget,401,14,9047.8,1,4,5,145,À risque
U00149,Standard,38,14,9050.39,5,4,5,545,Champions
U08633,VIP,3,16,9052.06,5,4,5,545,Champions
U01753,VIP,275,31,9056.84,2,5,5,255,À risque
U00601,Premium,6,32,9058.96,5,5,5,555,Champions
U03143,Standard,3,9,9064.12,5,3,5,535,Clients fidèles
U03312,Premium,193,24,9065.0,3,5,5,355,Clients fidèles
U03251,Premium,200,25,9066.07,3,5,5,355,Clients fidèles
U08354,Budget,459,11,9069.45,1,3,5,135,À risque
U10802,Premium,98,24,9071.28,4,5,5,455,Champions
U06666,VIP,190,26,9077.19,3,5,5,355,Clients fidèles
U08869,Premium,214,25,9086.76,3,5,5,355,Clients fidèles
U01735,VIP,157,47,9088.98,3,5,5,355,Clients fidèles
U10933,Premium,92,23,9090.78,4,5,5,455,Champions
U06430,Standard,35,14,9091.98,5,4,5,545,Champions
U05686,Premium,368,17,9097.74,2,4,5,245,À risque
U03263,Premium,216,21,9099.5,3,5,5,355,Clients fidèles
U05649,Premium,428,17,9100.73,1,4,5,145,À risque
U01329,Standard,313,11,9102.83,2,3,5,235,À risque
U09859,Premium,35,13,9110.18,5,4,5,545,Champions
U05949,Premium,0,22,9111.85,5,5,5,555,Champions
U08463,VIP,153,31,9112.74,3,5,5,355,Clients fidèles
U04473,VIP,334,42,9121.12,2,5,5,255,À risque
U09186,Premium,92,17,9123.97,4,4,5,445,Champions
U11928,VIP,124,39,9136.05,4,5,5,455,Champions
U09084,Standard,306,9,9137.39,2,3,5,235,À risque
U08887,VIP,2,16,9139.96,5,4,5,545,Champions
U08184,Standard,106,18,9144.74,4,4,5,445,Champions
U03402,VIP,154,46,9144.75,3,5,5,355,Clients fidèles
U03414,Premium,63,35,9150.67,4,5,5,455,Champions
U10029,Premium,40,21,9151.67,5,5,5,555,Champions
U07904,Premium,189,27,9151.97,3,5,5,355,Clients fidèles
U07881,Premium,339,13,9152.89,2,4,5,245,À risque
U11436,Premium,69,23,9154.03,4,5,5,455,Champions
U00406,Premium,158,24,9161.91,3,5,5,355,Clients fidèles
U05734,Premium,219,27,9166.35,3,5,5,355,Clients fidèles
U04693,Premium,0,22,9168.18,5,5,5,555,Champions
U01332,Premium,246,11,9169.52,2,3,5,235,À risque
U08384,Premium,5,38,9170.37,5,5,5,555,Champions
U01188,Standard,101,11,9174.54,4,3,5,435,Clients fidèles
U00063,Premium,367,16,9175.19,2,4,5,245,À risque
U00265,Standard,280,12,9175.46,2,4,5,245,À risque
U07617,VIP,95,33,9181.53,4,5,5,455,Champions
U11168,Standard,333,10,9192.06,2,3,5,235,À risque
U03789,Premium,218,27,9193.22,3,5,5,355,Clients fidèles
U01307,Standard,161,17,9194.13,3,4,5,345,Clients fidèles
U05401,Premium,3,20,9205.72,5,5,5,555,Champions
U05434,VIP,132,32,9215.8,3,5,5,355,Clients fidèles
U11213,VIP,34,30,9221.25,5,5,5,555,Champions
U11945,Inconnu,245,27,9231.93,3,5,5,355,Clients fidèles
U05932,Premium,215,19,9232.88,3,5,5,355,Clients fidèles
U00453,Standard,31,12,9233.02,5,4,5,545,Champions
U00878,VIP,132,14,9235.03,3,4,5,345,Clients fidèles
U11620,Premium,97,36,9241.78,4,5,5,455,Champions
U08508,Premium,341,20,9241.86,2,5,5,255,À risque
U00614,Premium,4,22,9243.65,5,5,5,555,Champions
U11307,Standard,112,11,9251.01,4,3,5,435,Clients fidèles
U05569,Budget,368,7,9254.18,2,2,5,225,Perdus
U07350,Budget,520,7,9258.89,1,2,5,125,Perdus
U01731,Premium,131,19,9266.38,3,4,5,345,Clients fidèles
U02763,Budget,254,10,9269.01,2,3,5,235,À risque
U06401,Premium,195,25,9269.38,3,5,5,355,Clients fidèles
U01884,VIP,154,35,9274.13,3,5,5,355,Clients fidèles
U08430,Premium,2,16,9274.16,5,4,5,545,Champions
U08016,Premium,10,15,9275.68,5,4,5,545,Champions
U00246,Premium,415,11,9276.27,1,3,5,135,À risque
U08566,VIP,133,26,9282.35,3,5,5,355,Clients fidèles
U06050,Standard,75,8,9285.71,4,3,5,435,Clients fidèles
U04112,Premium,34,15,9287.5,5,4,5,545,Champions
U10000,Budget,222,6,9290.98,3,2,5,325,Nouveaux
U00818,Premium,186,29,9301.73,3,5,5,355,Clients fidèles
U09621,Premium,138,22,9303.3,3,5,5,355,Clients fidèles
U02794,Premium,193,23,9305.73,3,5,5,355,Clients fidèles
U07905,VIP,94,38,9313.9,4,5,5,455,Champions
U11175,Premium,36,31,9314.72,5,5,5,555,Champions
U10449,Premium,216,33,9316.21,3,5,5,355,Clients fidèles
U05054,Standard,54,18,9326.89,4,4,5,445,Champions
U04275,Premium,72,12,9335.77,4,4,5,445,Champions
U07696,VIP,32,24,9336.01,5,5,5,555,Champions
U09400,Premium,336,25,9338.27,2,5,5,255,À risque
U01472,Premium,96,9,9342.77,4,3,5,435,Clients fidèles
U05826,VIP,127,30,9346.02,4,5,5,455,Champions
U06610,VIP,282,37,9347.77,2,5,5,255,À risque
U11207,Standard,183,14,9349.3,3,4,5,345,Clients fidèles
U02463,Budget,49,9,9350.99,4,3,5,435,Clients fidèles
U10589,Standard,3,13,9359.7,5,4,5,545,Champions
U05022,Premium,154,31,9364.43,3,5,5,355,Clients fidèles
U09740,Standard,460,6,9367.43,1,2,5,125,Perdus
U05973,Premium,61,29,9370.68,4,5,5,455,Champions
U11724,VIP,36,26,9379.87,5,5,5,555,Champions
U01544,VIP,253,35,9380.4,2,5,5,255,À risque
U00703,Standard,280,14,9381.21,2,4,5,245,À risque
U07657,VIP,93,43,9382.06,4,5,5,455,Champions
U02232,Premium,187,17,9383.51,3,4,5,345,Clients fidèles
U05588,Standard,17,12,9383.93,5,4,5,545,Champions
U05945,Budget,300,11,9385.97,2,3,5,235,À risque
U06002,Standard,61,13,9386.39,4,4,5,445,Champions
U07176,Standard,215,18,9388.69,3,4,5,345,Clients fidèles
U01001,VIP,62,20,9398.41,4,5,5,455,Champions
U03216,VIP,186,39,9407.42,3,5,5,355,Clients fidèles
U10583,VIP,185,29,9416.01,3,5,5,355,Clients fidèles
U07210,Premium,99,10,9423.76,4,3,5,435,Clients fidèles
U11765,Premium,3,16,9426.73,5,4,5,545,Champions
U04922,Premium,217,26,9429.6,3,5,5,355,Clients fidèles
U03344,Premium,42,34,9429.93,5,5,5,555,Champions
U05886,Budget,246,9,9431.16,2,3,5,235,À risque
U04041,Premium,61,18,9440.07,4,4,5,445,Champions
U01474,Budget,4,8,9443.66,5,3,5,535,Clients fidèles
U07812,Standard,41,10,9448.42,5,3,5,535,Clients fidèles
U05958,Premium,518,16,9455.18,1,4,5,145,À risque
U09999,Budget,159,23,9457.72,3,5,5,355,Clients fidèles
U04353,Standard,163,10,9462.59,3,3,5,335,Clients fidèles
U11333,Premium,4,26,9469.83,5,5,5,555,Champions
U01697,Premium,187,24,9473.85,3,5,5,355,Clients fidèles
U01265,Budget,418,8,9479.09,1,3,5,135,À risque
U10502,Premium,34,22,9480.87,5,5,5,555,Champions
U04034,Standard,97,23,9482.4,4,5,5,455,Champions
U07388,Premium,8,19,9486.62,5,5,5,555,Champions
U06009,VIP,216,42,9502.19,3,5,5,355,Clients fidèles
U06030,VIP,368,25,9505.72,2,5,5,255,À risque
U01451,Premium,47,22,9508.45,4,5,5,455,Champions
U07682,Standard,562,16,9508.77,1,4,5,145,À risque
U11702,Budget,30,17,9512.97,5,4,5,545,Champions
U04893,Premium,127,21,9515.96,4,5,5,455,Champions
U06722,Premium,63,16,9517.21,4,4,5,445,Champions
U09378,Premium,549,24,9519.2,1,5,5,155,À risque
U02234,Standard,105,19,9522.09,4,4,5,445,Champions
U02357,Budget,288,14,9530.08,2,4,5,245,À risque
U06538,Premium,370,16,9531.33,2,4,5,245,À risque
U03329,VIP,92,29,9537.39,4,5,5,455,Champions
U02664,Premium,277,25,9537.73,2,5,5,255,À risque
U04756,Premium,378,18,9540.47,2,4,5,245,À risque
U08992,Premium,10,9,9542.28,5,3,5,535,Clients fidèles
U06447,Budget,16,5,9546.46,5,2,5,525,Nouveaux
U01775,Standard,19,13,9561.25,5,4,5,545,Champions
U04589,Premium,123,27,9563.02,4,5,5,455,Champions
U03484,Standard,383,14,9564.01,2,4,5,245,À risque
U08941,VIP,61,35,9564.51,4,5,5,455,Champions
U07724,Inconnu,429,39,9574.58,1,5,5,155,À risque
U04578,Budget,9,12,9575.74,5,4,5,545,Champions
U11504,Standard,97,18,9576.61,4,4,5,445,Champions
U11165,Premium,129,25,9595.74,4,5,5,455,Champions
U07288,Budget,538,4,9603.3,1,1,5,115,Perdus
U10749,Standard,123,16,9606.1,4,4,5,445,Champions
U01074,Premium,252,13,9609.53,2,4,5,245,À risque
U07171,Standard,219,25,9614.19,3,5,5,355,Clients fidèles
U01266,VIP,398,37,9619.07,1,5,5,155,À risque
U07045,Premium,155,17,9626.96,3,4,5,345,Clients fidèles
U01083,Inconnu,155,17,9632.45,3,4,5,345,Clients fidèles
U10818,Premium,488,25,9632.54,1,5,5,155,À risque
U03513,Premium,186,18,9641.28,3,4,5,345,Clients fidèles
U04280,Premium,70,18,9646.47,4,4,5,445,Champions
U05076,Standard,275,10,9650.08,2,3,5,235,À risque
U03664,Premium,301,21,9660.68,2,5,5,255,À risque
U06643,Premium,126,32,9663.44,4,5,5,455,Champions
U10476,Standard,429,17,9671.02,1,4,5,145,À risque
U06489,Standard,98,14,9677.96,4,4,5,445,Champions
U11023,Premium,203,26,9684.53,3,5,5,355,Clients fidèles
U09785,VIP,0,40,9690.06,5,5,5,555,Champions
U05225,Premium,401,17,9691.56,1,4,5,145,À risque
U09382,Premium,5,14,9696.97,5,4,5,545,Champions
U04648,Standard,604,12,9703.26,1,4,5,145,À risque
U05538,Budget,293,11,9707.32,2,3,5,235,À risque
U11849,Premium,276,23,9718.62,2,5,5,255,À risque
U08845,Standard,31,18,9729.92,5,4,5,545,Champions
U06354,Budget,197,11,9739.4,3,3,5,335,Clients fidèles
U00692,Premium,277,19,9743.56,2,4,5,245,À risque
U06363,Budget,646,8,9747.07,1,3,5,135,À risque
U05531,Premium,186,31,9749.36,3,5,5,355,Clients fidèles
U05582,VIP,101,40,9749.99,4,5,5,455,Champions
U03423,Standard,276,12,9758.41,2,4,5,245,À risque
U09372,Premium,71,30,9758.62,4,5,5,455,Champions
U01014,Standard,345,15,9759.31,2,4,5,245,À risque
U04639,Budget,154,16,9759.31,3,4,5,345,Clients fidèles
U04560,Premium,39,40,9761.05,5,5,5,555,Champions
U06157,Premium,36,22,9763.29,5,5,5,555,Champions
U11096,VIP,41,33,9780.75,5,5,5,555,Champions
U07926,VIP,1,22,9784.46,5,5,5,555,Champions
U05026,Premium,107,18,9804.89,4,4,5,445,Champions
U00839,Premium,124,22,9812.38,4,5,5,455,Champions
U08282,VIP,3,23,9812.73,5,5,5,555,Champions
U04760,VIP,66,23,9815.31,4,5,5,455,Champions
U03563,Standard,217,19,9818.96,3,4,5,345,Clients fidèles
U03163,VIP,195,27,9824.15,3,5,5,355,Clients fidèles
U05030,Budget,294,16,9830.57,2,4,5,245,À risque
U02501,Standard,125,15,9833.66,4,4,5,445,Champions
U08767,Standard,489,17,9840.74,1,4,5,145,À risque
U03723,Premium,369,24,9843.24,2,5,5,255,À risque
U07065,VIP,160,35,9843.72,3,5,5,355,Clients fidèles
U05307,Standard,107,12,9848.3,4,4,5,445,Champions
U05824,Premium,64,18,9852.11,4,4,5,445,Champions
U07867,Premium,7,14,9854.24,5,4,5,545,Champions
U10455,Premium,68,22,9856.21,4,5,5,455,Champions
U09351,Premium,5,18,9858.08,5,4,5,545,Champions
U08769,Premium,184,24,9860.98,3,5,5,355,Clients fidèles
U07790,Premium,1,15,9863.1,5,4,5,545,Champions
U06014,Premium,334,21,9863.26,2,5,5,255,À risque
U10152,Standard,431,12,9865.98,1,4,5,145,À risque
U04623,Premium,366,20,9870.12,2,5,5,255,À risque
U06452,VIP,519,23,9870.38,1,5,5,155,À risque
U01091,Standard,40,9,9875.79,5,3,5,535,Clients fidèles
U08389,Standard,525,12,9878.43,1,4,5,145,À risque
U09205,Premium,31,23,9881.94,5,5,5,555,Champions
U07314,Premium,397,24,9887.15,1,5,5,155,À risque
U08852,Premium,214,32,9891.43,3,5,5,355,Clients fidèles
U00369,Premium,399,37,9903.15,1,5,5,155,À risque
U11095,Premium,335,20,9903.24,2,5,5,255,À risque
U00028,Premium,156,34,9905.36,3,5,5,355,Clients fidèles
U06702,Premium,40,22,9906.53,5,5,5,555,Champions
U08431,Premium,127,32,9915.29,4,5,5,455,Champions
U11947,Standard,129,23,9917.36,4,5,5,455,Champions
U11788,Premium,189,29,9920.73,3,5,5,355,Clients fidèles
U11394,Premium,581,11,9921.87,1,3,5,135,À risque
U05114,Premium,64,14,9924.0,4,4,5,445,Champions
U01923,Standard,674,18,9926.17,1,4,5,145,À risque
U06753,VIP,246,46,9933.03,2,5,5,255,À risque
U03076,VIP,6,56,9936.53,5,5,5,555,Champions
U03716,Premium,48,22,9941.56,4,5,5,455,Champions
U03152,Standard,127,14,9953.0,4,4,5,445,Champions
U01214,Budget,224,15,9954.7,3,4,5,345,Clients fidèles
U00371,Budget,159,12,9958.64,3,4,5,345,Clients fidèles
U08141,Inconnu,96,13,9962.95,4,4,5,445,Champions
U11234,Standard,3,8,9968.88,5,3,5,535,Clients fidèles
U00450,Standard,231,21,9975.14,3,5,5,355,Clients fidèles
U06544,Premium,66,25,9978.21,4,5,5,455,Champions
U08763,Budget,154,17,9991.59,3,4,5,345,Clients fidèles
U05795,Budget,181,7,10000.15,3,2,5,325,Nouveaux
U00884,Premium,4,26,10000.69,5,5,5,555,Champions
U07510,Budget,251,13,10002.78,2,4,5,245,À risque
U06959,VIP,218,36,10003.45,3,5,5,355,Clients fidèles
U10335,Standard,32,29,10005.23,5,5,5,555,Champions
U08647,Standard,567,12,10005.89,1,4,5,145,À risque
U00200,Premium,207,27,10007.87,3,5,5,355,Clients fidèles
U06472,Inconnu,277,15,10010.7,2,4,5,245,À risque
U03373,VIP,247,49,10012.52,2,5,5,255,À risque
U11971,Premium,64,11,10013.22,4,4,5,445,Champions
U06352,Premium,31,34,10017.68,5,5,5,555,Champions
U08104,Standard,3,17,10020.94,5,4,5,545,Champions
U06613,Premium,280,34,10021.75,2,5,5,255,À risque
U11656,Standard,33,15,10028.6,5,4,5,545,Champions
U09443,Budget,125,7,10028.88,4,2,5,425,Nouveaux
U05325,VIP,335,28,10044.82,2,5,5,255,À risque
U08588,Standard,110,17,10050.02,4,4,5,445,Champions
U09121,Premium,190,17,10051.99,3,4,5,345,Clients fidèles
U08726,Premium,374,33,10057.22,2,5,5,255,À risque
U06510,Premium,160,30,10058.06,3,5,5,355,Clients fidèles
U00541,Premium,93,24,10062.46,4,5,5,455,Champions
U01869,VIP,220,42,10062.89,3,5,5,355,Clients fidèles
U05337,Standard,138,15,10063.27,3,4,5,345,Clients fidèles
U00378,VIP,186,22,10063.87,3,5,5,355,Clients fidèles
U05596,VIP,64,44,10064.44,4,5,5,455,Champions
U10278,VIP,123,28,10067.53,4,5,5,455,Champions
U09469,Standard,313,7,10070.06,2,2,5,225,Perdus
U08251,VIP,163,47,10070.9,3,5,5,355,Clients fidèles
U03287,Standard,214,11,10071.89,3,3,5,335,Clients fidèles
U03788,Inconnu,283,14,10075.1,2,4,5,245,À risque
U05925,Standard,275,10,10076.7,2,3,5,235,À risque
U05460,VIP,276,33,10077.5,2,5,5,255,À risque
U08332,Standard,169,15,10084.99,3,4,5,345,Clients fidèles
U08900,Premium,94,28,10086.78,4,5,5,455,Champions
U00766,VIP,92,42,10099.72,4,5,5,455,Champions
U06296,VIP,591,13,10104.55,1,4,5,145,À risque
U01249,Standard,32,24,10107.95,5,5,5,555,Champions
U08466,Premium,35,12,10108.32,5,4,5,545,Champions
U01825,Premium,92,12,10112.79,4,4,5,445,Champions
U06650,Premium,248,36,10114.42,2,5,5,255,À risque
U02283,Standard,245,12,10116.26,3,4,5,345,Clients fidèles
U07600,VIP,250,47,10117.13,2,5,5,255,À risque
U03095,Premium,220,23,10122.76,3,5,5,355,Clients fidèles
U09998,VIP,222,61,10123.01,3,5,5,355,Clients fidèles
U03254,VIP,398,29,10144.76,1,5,5,155,À risque
U10398,Standard,40,19,10146.39,5,5,5,555,Champions
U04884,Standard,69,11,10150.23,4,3,5,435,Clients fidèles
U00787,Premium,12,23,10157.62,5,5,5,555,Champions
U10308,VIP,520,29,10164.42,1,5,5,155,À risque
U07725,Premium,345,35,10169.26,2,5,5,255,À risque
U05105,Premium,192,27,10170.27,3,5,5,355,Clients fidèles
U03978,VIP,94,23,10170.39,4,5,5,455,Champions
U09179,VIP,246,28,10173.82,3,5,5,355,Clients fidèles
U03250,VIP,287,36,10176.12,2,5,5,255,À risque
U09291,Standard,125,14,10176.37,4,4,5,445,Champions
U05604,Standard,251,14,10179.57,2,4,5,245,À risque
U10300,Inconnu,94,17,10184.1,4,4,5,445,Champions
U08136,Standard,204,10,10185.37,3,3,5,335,Clients fidèles
U07055,Premium,222,20,10188.17,3,5,5,355,Clients fidèles
U03720,Premium,94,15,10189.03,4,4,5,445,Champions
U11895,Premium,334,14,10189.6,2,4,5,245,À risque
U04236,VIP,0,45,10197.73,5,5,5,555,Champions
U06105,Budget,97,13,10202.88,4,4,5,445,Champions
U01636,Standard,195,17,10206.99,3,4,5,345,Clients fidèles
U09879,Standard,18,15,10210.05,5,4,5,545,Champions
U11412,Premium,122,19,10220.92,4,5,5,455,Champions
U03441,Premium,94,26,10222.76,4,5,5,455,Champions
U09283,Premium,184,18,10227.31,3,4,5,345,Clients fidèles
U08770,Premium,8,20,10233.62,5,5,5,555,Champions
U06660,Premium,253,30,10240.08,2,5,5,255,À risque
U10992,Premium,334,22,10241.17,2,5,5,255,À risque
U09801,Premium,187,33,10246.25,3,5,5,355,Clients fidèles
U09493,Premium,5,33,10249.86,5,5,5,555,Champions
U04909,Premium,98,14,10258.18,4,4,5,445,Champions
U08718,VIP,396,23,10263.63,1,5,5,155,À risque
U10678,VIP,12,26,10264.16,5,5,5,555,Champions
U04102,Inconnu,42,43,10266.85,5,5,5,555,Champions
U11442,Premium,312,21,10273.74,2,5,5,255,À risque
U07323,Standard,18,7,10281.25,5,2,5,525,Nouveaux
U11285,Standard,276,16,10283.39,2,4,5,245,À risque
U07004,Standard,190,17,10290.68,3,4,5,345,Clients fidèles
U06043,Budget,37,15,10291.32,5,4,5,545,Champions
U04462,Premium,38,18,10304.16,5,4,5,545,Champions
U02316,Standard,256,24,10310.53,2,5,5,255,À risque
U06281,VIP,32,45,10314.16,5,5,5,555,Champions
U03637,Premium,95,15,10320.99,4,4,5,445,Champions
U03102,Premium,252,20,10337.77,2,5,5,255,À risque
U08380,VIP,396,23,10338.44,1,5,5,155,À risque
U10964,VIP,125,46,10340.96,4,5,5,455,Champions
U08936,Inconnu,255,25,10341.28,2,5,5,255,À risque
U07918,Premium,528,15,10342.73,1,4,5,145,À risque
U11380,Standard,535,7,10343.5,1,3,5,135,À risque
U08824,VIP,154,36,10348.26,3,5,5,355,Clients fidèles
U04664,Standard,518,12,10354.88,1,4,5,145,À risque
U11966,Premium,319,14,10355.68,2,4,5,245,À risque
U00327,Standard,37,6,10356.48,5,2,5,525,Nouveaux
U01347,Standard,355,8,10357.11,2,3,5,235,À risque
U00183,Budget,476,11,10365.35,1,3,5,135,À risque
U09678,Premium,31,25,10365.44,5,5,5,555,Champions
U04855,Standard,192,15,10366.49,3,4,5,345,Clients fidèles
U11874,VIP,338,24,10369.28,2,5,5,255,À risque
U01629,Premium,401,15,10371.09,1,4,5,145,À risque
U09346,Premium,199,21,10373.56,3,5,5,355,Clients fidèles
U11883,Premium,493,30,10382.36,1,5,5,155,À risque
U09525,Premium,127,22,10386.92,4,5,5,455,Champions
U04196,Premium,61,31,10398.42,4,5,5,455,Champions
U08861,Premium,518,25,10401.92,1,5,5,155,À risque
U09104,Premium,13,32,10405.43,5,5,5,555,Champions
U00346,Standard,125,9,10407.96,4,3,5,435,Clients fidèles
U04218,Premium,214,20,10410.18,3,5,5,355,Clients fidèles
U05266,Standard,275,22,10413.82,2,5,5,255,À risque
U10926,Standard,2,12,10415.94,5,4,5,545,Champions
U03011,Premium,365,32,10417.96,2,5,5,255,À risque
U01959,Premium,108,22,10419.83,4,5,5,455,Champions
U00596,Standard,195,14,10421.15,3,4,5,345,Clients fidèles
U03558,Standard,0,14,10423.68,5,4,5,545,Champions
U02402,VIP,215,49,10425.86,3,5,5,355,Clients fidèles
U07381,Premium,492,13,10428.22,1,4,5,145,À risque
U10684,Budget,404,8,10431.36,1,3,5,135,À risque
U01513,VIP,5,46,10432.4,5,5,5,555,Champions
U04924,Standard,136,22,10433.14,3,5,5,355,Clients fidèles
U00675,VIP,275,22,10437.59,2,5,5,255,À risque
U11546,VIP,246,29,10443.25,3,5,5,355,Clients fidèles
U11548,Premium,186,15,10453.13,3,4,5,345,Clients fidèles
U07217,Premium,31,20,10457.41,5,5,5,555,Champions
U07219,Premium,142,40,10459.99,3,5,5,355,Clients fidèles
U03127,Standard,476,13,10461.32,1,4,5,145,À risque
U00950,Premium,192,23,10480.89,3,5,5,355,Clients fidèles
U02570,Standard,2,11,10486.8,5,3,5,535,Clients fidèles
U09564,Budget,214,7,10488.07,3,2,5,325,Nouveaux
U10890,VIP,35,35,10490.56,5,5,5,555,Champions
U06930,Premium,221,16,10495.59,3,4,5,345,Clients fidèles
U10757,Premium,154,17,10501.36,3,4,5,345,Clients fidèles
U09011,Premium,311,12,10506.31,2,4,5,245,À risque
U04266,Standard,274,12,10509.75,2,4,5,245,À risque
U06607,Standard,366,14,10515.68,2,4,5,245,À risque
U08020,Standard,105,16,10517.23,4,4,5,445,Champions
U03241,Premium,334,24,10523.28,2,5,5,255,À risque
U11634,Premium,99,15,10524.23,4,4,5,445,Champions
U10683,Standard,145,11,10527.14,3,3,5,335,Clients fidèles
U02742,Inconnu,246,16,10534.63,2,4,5,245,À risque
U09959,Standard,412,5,10535.94,1,2,5,125,Perdus
U05380,Standard,215,18,10539.42,3,4,5,345,Clients fidèles
U08303,Standard,19,14,10542.17,5,4,5,545,Champions
U06326,Premium,309,27,10544.31,2,5,5,255,À risque
U05681,Standard,12,8,10544.9,5,3,5,535,Clients fidèles
U06425,VIP,310,43,10545.43,2,5,5,255,À risque
U00790,Premium,396,17,10550.12,1,4,5,145,À risque
U06081,Premium,162,24,10553.3,3,5,5,355,Clients fidèles
U00445,VIP,3,38,10571.54,5,5,5,555,Champions
U02148,VIP,93,51,10582.21,4,5,5,455,Champions
U03406,VIP,215,62,10589.09,3,5,5,355,Clients fidèles
U07024,Premium,7,25,10593.32,5,5,5,555,Champions
U07763,VIP,311,68,10593.81,2,5,5,255,À risque
U09232,Standard,466,17,10598.27,1,4,5,145,À risque
U09455,VIP,219,52,10611.03,3,5,5,355,Clients fidèles
U02356,Standard,5,9,10613.29,5,3,5,535,Clients fidèles
U04583,VIP,184,28,10618.08,3,5,5,355,Clients fidèles
U01487,Budget,9,15,10618.69,5,4,5,545,Champions
U00031,Budget,288,17,10634.99,2,4,5,245,À risque
U00323,Premium,522,25,10636.99,1,5,5,155,À risque
U06711,Premium,160,13,10638.29,3,4,5,345,Clients fidèles
U07435,VIP,307,44,10639.87,2,5,5,255,À risque
U03213,Premium,186,10,10648.66,3,3,5,335,Clients fidèles
U07902,Premium,401,25,10653.53,1,5,5,155,À risque
U03684,VIP,246,48,10656.67,2,5,5,255,À risque
U00234,VIP,97,21,10657.27,4,5,5,455,Champions
U10060,VIP,70,49,10660.44,4,5,5,455,Champions
U04163,Standard,307,7,10660.97,2,2,5,225,Perdus
U09848,VIP,306,51,10670.61,2,5,5,255,À risque
U09864,Premium,155,21,10685.81,3,5,5,355,Clients fidèles
U07883,Premium,6,34,10689.96,5,5,5,555,Champions
U07758,Budget,38,13,10693.91,5,4,5,545,Champions
U11315,Premium,65,29,10693.98,4,5,5,455,Champions
U07823,Premium,1,26,10693.99,5,5,5,555,Champions
U04291,Premium,157,32,10697.05,3,5,5,355,Clients fidèles
U05049,Premium,65,15,10701.32,4,4,5,445,Champions
U06365,VIP,396,21,10707.15,1,5,5,155,À risque
U01352,Premium,39,13,10709.41,5,4,5,545,Champions
U01016,Inconnu,248,27,10711.63,2,5,5,255,À risque
U00927,Inconnu,97,12,10732.12,4,4,5,445,Champions
U01127,Budget,295,9,10746.94,2,3,5,235,À risque
U10337,Premium,100,19,10748.85,4,5,5,455,Champions
U10953,VIP,459,28,10751.59,1,5,5,155,À risque
U02286,Budget,83,15,10752.32,4,4,5,445,Champions
U05899,VIP,12,41,10756.63,5,5,5,555,Champions
U10976,Premium,246,37,10757.58,3,5,5,355,Clients fidèles
U00782,Premium,186,25,10757.8,3,5,5,355,Clients fidèles
U11457,Premium,366,14,10760.72,2,4,5,245,À risque
U09702,Standard,276,23,10761.63,2,5,5,255,À risque
U11321,VIP,400,22,10763.6,1,5,5,155,À risque
U08301,VIP,0,15,10772.64,5,4,5,545,Champions
U04592,Premium,280,14,10776.22,2,4,5,245,À risque
U05424,VIP,335,30,10783.67,2,5,5,255,À risque
U04813,Premium,2,35,10786.36,5,5,5,555,Champions
U02307,Standard,378,13,10790.45,2,4,5,245,À risque
U03573,VIP,251,31,10792.03,2,5,5,255,À risque
U02288,Premium,313,10,10797.8,2,3,5,235,À risque
U04806,Budget,248,9,10799.41,2,3,5,235,À risque
U08657,Budget,474,9,10802.81,1,3,5,135,À risque
U00134,Inconnu,64,20,10807.94,4,5,5,455,Champions
U04802,Budget,552,6,10812.15,1,2,5,125,Perdus
U09561,Premium,65,18,10814.01,4,4,5,445,Champions
U07530,Premium,190,39,10814.62,3,5,5,355,Clients fidèles
U04699,Premium,0,23,10819.6,5,5,5,555,Champions
U09875,Standard,214,7,10820.98,3,2,5,325,Nouveaux
U08922,Premium,189,21,10821.76,3,5,5,355,Clients fidèles
U03908,VIP,402,44,10822.53,1,5,5,155,À risque
U08659,VIP,98,28,10824.31,4,5,5,455,Champions
U07407,Premium,80,16,10827.17,4,4,5,445,Champions
U11968,VIP,215,38,10837.56,3,5,5,355,Clients fidèles
U11521,Budget,115,14,10841.07,4,4,5,445,Champions
U04957,Premium,95,27,10841.41,4,5,5,455,Champions
U07313,Premium,31,22,10868.55,5,5,5,555,Champions
U04201,Premium,195,24,10869.02,3,5,5,355,Clients fidèles
U00963,Premium,458,26,10873.9,1,5,5,155,À risque
U05481,VIP,246,30,10877.9,2,5,5,255,À risque
U03981,Standard,12,15,10879.41,5,4,5,545,Champions
U03935,Budget,570,7,10881.66,1,2,5,125,Perdus
U10610,Premium,157,31,10885.09,3,5,5,355,Clients fidèles
U10375,VIP,276,42,10901.89,2,5,5,255,À risque
U03070,Premium,70,17,10903.45,4,4,5,445,Champions
U04870,VIP,94,76,10904.1,4,5,5,455,Champions
U06883,Premium,94,25,10909.64,4,5,5,455,Champions
U11599,Premium,33,23,10910.63,5,5,5,555,Champions
U01413,Inconnu,103,17,10914.5,4,4,5,445,Champions
U11861,Premium,35,15,10924.78,5,4,5,545,Champions
U10171,Premium,33,13,10940.36,5,4,5,545,Champions
U06042,VIP,341,33,10947.61,2,5,5,255,À risque
U10896,Premium,63,23,10947.9,4,5,5,455,Champions
U04053,Budget,612,8,10953.33,1,3,5,135,À risque
U02938,Standard,136,8,10956.04,3,3,5,335,Clients fidèles
U09610,VIP,122,38,10962.54,4,5,5,455,Champions
U01998,VIP,95,34,10968.18,4,5,5,455,Champions
U07432,Inconnu,73,18,10975.78,4,4,5,445,Champions
U10416,Standard,0,12,10981.0,5,4,5,545,Champions
U00970,Standard,94,11,10983.83,4,3,5,435,Clients fidèles
U00605,Standard,62,14,10991.91,4,4,5,445,Champions
U09764,Premium,426,20,10994.6,1,5,5,155,À risque
U03168,Inconnu,160,13,10996.94,3,4,5,345,Clients fidèles
U04142,Premium,283,18,11007.52,2,4,5,245,À risque
U07923,VIP,73,33,11008.02,4,5,5,455,Champions
U04188,VIP,122,47,11009.83,4,5,5,455,Champions
U01614,Standard,132,10,11010.61,3,3,5,335,Clients fidèles
U10167,Standard,215,11,11021.5,3,3,5,335,Clients fidèles
U03338,Budget,108,8,11023.57,4,3,5,435,Clients fidèles
U03450,Budget,65,13,11028.91,4,4,5,445,Champions
U09872,Premium,281,28,11029.46,2,5,5,255,À risque
U08679,Premium,93,32,11036.17,4,5,5,455,Champions
U05496,Premium,214,37,11039.25,3,5,5,355,Clients fidèles
U10927,VIP,551,31,11043.32,1,5,5,155,À risque
U06471,Inconnu,218,30,11050.79,3,5,5,355,Clients fidèles
U03601,Standard,0,9,11051.27,5,3,5,535,Clients fidèles
U00085,VIP,64,37,11054.27,4,5,5,455,Champions
U04784,Premium,184,18,11054.46,3,4,5,345,Clients fidèles
U11551,Premium,61,17,11055.18,4,4,5,445,Champions
U03522,Inconnu,400,24,11059.03,1,5,5,155,À risque
U05147,Premium,97,13,11060.15,4,4,5,445,Champions
U10552,Premium,123,38,11060.15,4,5,5,455,Champions
U03626,Premium,312,30,11069.1,2,5,5,255,À risque
U09880,Premium,154,18,11073.52,3,4,5,345,Clients fidèles
U11456,VIP,3,54,11075.03,5,5,5,555,Champions
U01812,Budget,306,11,11077.88,2,3,5,235,À risque
U08003,Standard,0,17,11083.77,5,4,5,545,Champions
U10863,Budget,122,8,11117.81,4,3,5,435,Clients fidèles
U05452,VIP,63,40,11118.61,4,5,5,455,Champions
U07564,VIP,32,28,11120.1,5,5,5,555,Champions
U07813,VIP,337,26,11128.59,2,5,5,255,À risque
U10773,Inconnu,159,26,11129.52,3,5,5,355,Clients fidèles
U02588,VIP,153,21,11136.03,3,5,5,355,Clients fidèles
U07799,Standard,0,17,11136.12,5,4,5,545,Champions
U03602,Premium,4,22,11141.26,5,5,5,555,Champions
U10163,Premium,226,32,11147.26,3,5,5,355,Clients fidèles
U10457,Inconnu,251,16,11150.49,2,4,5,245,À risque
U04226,VIP,93,38,11152.6,4,5,5,455,Champions
U10667,Premium,62,22,11161.99,4,5,5,455,Champions
U05657,Premium,278,29,11164.52,2,5,5,255,À risque
U02817,VIP,156,40,11170.97,3,5,5,355,Clients fidèles
U05705,VIP,123,40,11175.9,4,5,5,455,Champions
U02868,VIP,216,33,11187.5,3,5,5,355,Clients fidèles
U09158,VIP,75,54,11200.37,4,5,5,455,Champions
U01574,Premium,525,15,11211.94,1,4,5,145,À risque
U08340,Premium,467,15,11239.31,1,4,5,145,À risque
U09257,Premium,6,17,11240.4,5,4,5,545,Champions
U10316,Premium,276,24,11244.84,2,5,5,255,À risque
U01688,Premium,4,13,11249.9,5,4,5,545,Champions
U07511,Premium,365,29,11250.64,2,5,5,255,À risque
U07477,Inconnu,0,37,11257.95,5,5,5,555,Champions
U05790,Premium,384,18,11262.0,1,4,5,145,À risque
U02912,Standard,459,5,11270.01,1,2,5,125,Perdus
U06599,Standard,297,12,11273.81,2,4,5,245,À risque
U02273,VIP,190,50,11274.34,3,5,5,355,Clients fidèles
U07556,Standard,157,10,11279.13,3,3,5,335,Clients fidèles
U04842,Standard,9,10,11279.83,5,3,5,535,Clients fidèles
U03269,Premium,63,18,11283.8,4,4,5,445,Champions
U11655,VIP,33,41,11284.03,5,5,5,555,Champions
U04219,Inconnu,220,27,11286.43,3,5,5,355,Clients fidèles
U08856,Premium,581,18,11310.24,1,4,5,145,À risque
U02959,Premium,459,24,11319.98,1,5,5,155,À risque
U10182,Standard,33,16,11320.75,5,4,5,545,Champions
U09530,VIP,184,32,11323.02,3,5,5,355,Clients fidèles
U06997,Premium,155,23,11327.14,3,5,5,355,Clients fidèles
U09235,Standard,1,18,11342.99,5,4,5,545,Champions
U11070,VIP,189,36,11347.07,3,5,5,355,Clients fidèles
U04927,Inconnu,92,54,11347.4,4,5,5,455,Champions
U09748,Premium,248,13,11353.48,2,4,5,245,À risque
U09164,VIP,65,34,11362.74,4,5,5,455,Champions
U11078,Budget,130,17,11377.49,3,4,5,345,Clients fidèles
U05766,Premium,185,17,11377.8,3,4,5,345,Clients fidèles
U05153,VIP,337,49,11380.73,2,5,5,255,À risque
U06630,Standard,248,14,11380.95,2,4,5,245,À risque
U11358,VIP,93,31,11388.27,4,5,5,455,Champions
U01919,Standard,278,19,11388.77,2,4,5,245,À risque
U08725,Premium,321,21,11397.41,2,5,5,255,À risque
U11581,Premium,160,15,11401.33,3,4,5,345,Clients fidèles
U02694,VIP,99,15,11402.49,4,4,5,445,Champions
U04499,Standard,141,17,11411.96,3,4,5,345,Clients fidèles
U06236,VIP,31,50,11417.54,5,5,5,555,Champions
U02769,Premium,124,17,11420.09,4,4,5,445,Champions
U02772,VIP,0,43,11422.63,5,5,5,555,Champions
U06948,VIP,101,70,11455.05,4,5,5,455,Champions
U05809,Standard,6,12,11462.35,5,4,5,545,Champions
U06850,Premium,344,28,11466.71,2,5,5,255,À risque
U00325,VIP,336,39,11473.05,2,5,5,255,À risque
U07110,Premium,466,15,11477.92,1,4,5,145,À risque
U06397,Standard,130,20,11503.27,3,5,5,355,Clients fidèles
U11335,Inconnu,67,52,11512.24,4,5,5,455,Champions
U08165,VIP,491,45,11522.91,1,5,5,155,À risque
U02477,Standard,276,12,11524.06,2,4,5,245,À risque
U09544,Premium,186,18,11524.12,3,4,5,345,Clients fidèles
U03061,Standard,73,25,11525.23,4,5,5,455,Champions
U08882,VIP,65,20,11527.37,4,5,5,455,Champions
U07623,Premium,34,20,11534.61,5,5,5,555,Champions
U06523,Premium,165,35,11537.47,3,5,5,355,Clients fidèles
U11038,Standard,260,18,11549.18,2,4,5,245,À risque
U08984,Budget,519,10,11550.46,1,3,5,135,À risque
U09260,Standard,250,12,11568.68,2,4,5,245,À risque
U05672,Premium,36,21,11570.34,5,5,5,555,Champions
U01522,Premium,314,25,11574.2,2,5,5,255,À risque
U07320,Premium,64,35,11582.71,4,5,5,455,Champions
U05855,VIP,188,57,11599.77,3,5,5,355,Clients fidèles
U02822,Premium,647,11,11607.45,1,3,5,135,À risque
U07277,Premium,126,30,11610.1,4,5,5,455,Champions
U09923,Standard,625,12,11623.83,1,4,5,145,À risque
U06949,Standard,63,18,11640.34,4,4,5,445,Champions
U10192,Premium,220,12,11646.3,3,4,5,345,Clients fidèles
U06170,Budget,9,15,11649.96,5,4,5,545,Champions
U10484,Premium,97,21,11651.69,4,5,5,455,Champions
U08019,Premium,31,31,11652.0,5,5,5,555,Champions
U02676,Premium,62,26,11653.75,4,5,5,455,Champions
U08557,Standard,32,20,11654.75,5,5,5,555,Champions
U11529,Inconnu,53,18,11679.49,4,4,5,445,Champions
U02041,Standard,252,26,11681.02,2,5,5,255,À risque
U08603,VIP,94,27,11683.07,4,5,5,455,Champions
U03211,Premium,277,20,11695.0,2,5,5,255,À risque
U00856,Standard,193,11,11698.15,3,3,5,335,Clients fidèles
U07179,Standard,230,18,11701.13,3,4,5,345,Clients fidèles
U00592,Standard,200,15,11708.22,3,4,5,345,Clients fidèles
U01123,VIP,338,48,11710.9,2,5,5,255,À risque
U05598,Premium,109,29,11711.5,4,5,5,455,Champions
U02362,Premium,462,12,11717.77,1,4,5,145,À risque
U05848,Budget,31,14,11718.07,5,4,5,545,Champions
U07798,Premium,308,16,11732.88,2,4,5,245,À risque
U07939,Premium,408,13,11743.75,1,4,5,145,À risque
U04061,Standard,39,30,11745.9,5,5,5,555,Champions
U11373,Premium,216,14,11746.09,3,4,5,345,Clients fidèles
U08873,VIP,32,28,11749.92,5,5,5,555,Champions
U08889,Premium,124,24,11759.77,4,5,5,455,Champions
U00267,Premium,76,25,11763.48,4,5,5,455,Champions
U06654,Standard,99,12,11772.49,4,4,5,445,Champions
U11672,Standard,247,19,11782.9,2,5,5,255,À risque
U07193,Premium,100,24,11789.79,4,5,5,455,Champions
U02268,Budget,326,15,11794.21,2,4,5,245,À risque
U10514,Premium,186,20,11801.04,3,5,5,355,Clients fidèles
U05811,VIP,94,43,11805.39,4,5,5,455,Champions
U07586,Premium,477,16,11807.25,1,4,5,145,À risque
U10840,Premium,192,24,11810.24,3,5,5,355,Clients fidèles
U03479,Premium,156,33,11811.03,3,5,5,355,Clients fidèles
U06865,Premium,71,25,11827.48,4,5,5,455,Champions
U00865,VIP,426,25,11835.29,1,5,5,155,À risque
U10774,Standard,140,11,11838.04,3,3,5,335,Clients fidèles
U05278,Premium,334,33,11852.9,2,5,5,255,À risque
U03706,Premium,16,27,11856.14,5,5,5,555,Champions
U10763,Standard,336,9,11860.03,2,3,5,235,À risque
U10348,Standard,268,19,11863.62,2,5,5,255,À risque
U07184,VIP,34,30,11866.2,5,5,5,555,Champions
U10403,Standard,520,22,11875.44,1,5,5,155,À risque
U07371,Standard,229,13,11876.25,3,4,5,345,Clients fidèles
U03005,Standard,252,18,11883.2,2,4,5,245,À risque
U02718,Inconnu,156,24,11886.84,3,5,5,355,Clients fidèles
U09396,VIP,186,51,11892.5,3,5,5,355,Clients fidèles
U00835,Premium,74,37,11898.59,4,5,5,455,Champions
U06395,Standard,31,25,11912.64,5,5,5,555,Champions
U03873,Premium,10,22,11945.11,5,5,5,555,Champions
U08947,VIP,335,41,11945.62,2,5,5,255,À risque
U10715,VIP,309,33,11952.09,2,5,5,255,À risque
U00929,Standard,97,24,11962.32,4,5,5,455,Champions
U06797,Premium,17,18,11962.46,5,4,5,545,Champions
U08597,Premium,139,15,11968.35,3,4,5,345,Clients fidèles
U11985,Premium,33,27,11969.82,5,5,5,555,Champions
U01442,Premium,34,21,11972.13,5,5,5,555,Champions
U11919,Premium,250,10,11978.45,2,3,5,235,À risque
U09928,Premium,39,21,11984.16,5,5,5,555,Champions
U09750,Premium,66,27,11984.3,4,5,5,455,Champions
U07036,Standard,84,12,11985.94,4,4,5,445,Champions
U09934,VIP,94,25,11986.4,4,5,5,455,Champions
U07119,Premium,163,16,11991.42,3,4,5,345,Clients fidèles
U02040,Premium,66,23,11992.63,4,5,5,455,Champions
U11995,Standard,8,20,12006.1,5,5,5,555,Champions
U06964,Premium,1,24,12010.62,5,5,5,555,Champions
U11159,Standard,34,19,12012.89,5,5,5,555,Champions
U00384,VIP,433,53,12016.45,1,5,5,155,À risque
U09126,Premium,186,18,12027.8,3,4,5,345,Clients fidèles
U11932,Budget,78,2,12039.1,4,1,5,415,Nouveaux
U11136,Premium,314,38,12043.19,2,5,5,255,À risque
U07861,VIP,279,35,12055.44,2,5,5,255,À risque
U11330,Premium,189,14,12088.15,3,4,5,345,Clients fidèles
U02311,VIP,312,41,12104.78,2,5,5,255,À risque
U01482,Premium,216,24,12107.45,3,5,5,355,Clients fidèles
U10179,Premium,402,27,12107.45,1,5,5,155,À risque
U02652,Premium,214,28,12108.95,3,5,5,355,Clients fidèles
U00168,Standard,28,22,12110.7,5,5,5,555,Champions
U06181,Budget,245,10,12116.11,3,3,5,335,Clients fidèles
U02866,Premium,155,26,12128.86,3,5,5,355,Clients fidèles
U03309,VIP,187,57,12162.51,3,5,5,355,Clients fidèles
U02237,VIP,3,34,12170.16,5,5,5,555,Champions
U11498,Standard,189,18,12180.84,3,4,5,345,Clients fidèles
U10929,Premium,1,17,12183.89,5,4,5,545,Champions
U11710,Premium,435,22,12185.29,1,5,5,155,À risque
U05127,VIP,123,37,12197.04,4,5,5,455,Champions
U03842,Premium,2,36,12198.48,5,5,5,555,Champions
U08224,Standard,43,10,12203.02,5,3,5,535,Clients fidèles
U00243,Premium,105,20,12213.38,4,5,5,455,Champions
U10733,Premium,7,16,12219.41,5,4,5,545,Champions
U11193,VIP,32,25,12220.18,5,5,5,555,Champions
U08036,Premium,3,18,12226.71,5,4,5,545,Champions
U11905,Premium,375,12,12228.64,2,4,5,245,À risque
U05113,Premium,430,19,12233.31,1,5,5,155,À risque
U11416,Premium,221,27,12239.38,3,5,5,355,Clients fidèles
U09752,VIP,31,36,12248.6,5,5,5,555,Champions
U10283,Standard,160,16,12253.13,3,4,5,345,Clients fidèles
U11465,Standard,279,9,12266.57,2,3,5,235,À risque
U00289,Premium,94,11,12289.7,4,3,5,435,Clients fidèles
U07733,VIP,277,33,12299.37,2,5,5,255,À risque
U11364,Premium,462,24,12318.11,1,5,5,155,À risque
U11676,Standard,95,16,12319.15,4,4,5,445,Champions
U02554,Premium,283,20,12333.18,2,5,5,255,À risque
U06747,VIP,154,40,12344.41,3,5,5,355,Clients fidèles
U03107,Premium,1,16,12345.51,5,4,5,545,Champions
U08596,Standard,314,18,12355.11,2,4,5,245,À risque
U07925,Premium,289,18,12355.42,2,4,5,245,À risque
U05122,Premium,133,12,12355.51,3,4,5,345,Clients fidèles
U07875,Standard,4,11,12379.27,5,3,5,535,Clients fidèles
U03027,VIP,276,50,12386.5,2,5,5,255,À risque
U07641,Premium,3,18,12387.21,5,4,5,545,Champions
U08068,VIP,3,44,12392.6,5,5,5,555,Champions
U04256,Standard,198,15,12406.78,3,4,5,345,Clients fidèles
U06147,VIP,463,29,12410.02,1,5,5,155,À risque
U02168,VIP,92,63,12415.26,4,5,5,455,Champions
U08442,VIP,335,45,12416.68,2,5,5,255,À risque
U09446,Standard,75,17,12420.85,4,4,5,445,Champions
U08060,Standard,2,16,12430.69,5,4,5,545,Champions
U05284,Premium,190,17,12436.41,3,4,5,345,Clients fidèles
U11247,Standard,92,19,12450.73,4,5,5,455,Champions
U03758,VIP,214,20,12454.9,3,5,5,355,Clients fidèles
U02531,Standard,366,12,12464.04,2,4,5,245,À risque
U04958,VIP,96,23,12469.2,4,5,5,455,Champions
U10602,VIP,154,52,12469.4,3,5,5,355,Clients fidèles
U09506,VIP,123,46,12470.1,4,5,5,455,Champions
U06072,Standard,4,19,12481.12,5,5,5,555,Champions
U08210,Premium,185,18,12488.25,3,4,5,345,Clients fidèles
U08418,VIP,1,49,12498.88,5,5,5,555,Champions
U10328,Standard,126,10,12499.76,4,3,5,435,Clients fidèles
U10479,Standard,69,29,12510.26,4,5,5,455,Champions
U11241,VIP,341,27,12511.69,2,5,5,255,À risque
U05908,Premium,65,22,12514.14,4,5,5,455,Champions
U09596,Inconnu,167,20,12523.29,3,5,5,355,Clients fidèles
U02079,Premium,249,36,12527.83,2,5,5,255,À risque
U01733,Premium,192,21,12537.83,3,5,5,355,Clients fidèles
U11938,VIP,126,37,12546.8,4,5,5,455,Champions
U01801,Standard,550,14,12554.16,1,4,5,145,À risque
U08355,VIP,245,43,12558.38,3,5,5,355,Clients fidèles
U03053,Premium,99,26,12569.99,4,5,5,455,Champions
U01068,VIP,154,39,12570.25,3,5,5,355,Clients fidèles
U00527,Premium,8,28,12585.26,5,5,5,555,Champions
U07401,Budget,4,8,12586.81,5,3,5,535,Clients fidèles
U08465,Standard,189,13,12604.22,3,4,5,345,Clients fidèles
U01979,VIP,32,36,12617.12,5,5,5,555,Champions
U06061,VIP,0,51,12649.48,5,5,5,555,Champions
U00059,Premium,492,22,12650.03,1,5,5,155,À risque
U10017,Premium,153,21,12650.61,3,5,5,355,Clients fidèles
U10921,Premium,308,16,12653.48,2,4,5,245,À risque
U10656,VIP,3,40,12668.34,5,5,5,555,Champions
U07571,VIP,124,62,12677.21,4,5,5,455,Champions
U09730,VIP,156,46,12678.59,3,5,5,355,Clients fidèles
U07337,Premium,460,38,12683.34,1,5,5,155,À risque
U03864,VIP,154,24,12691.6,3,5,5,355,Clients fidèles
U03175,Premium,277,27,12692.97,2,5,5,255,À risque
U09746,VIP,62,37,12696.03,4,5,5,455,Champions
U02025,Premium,0,32,12697.15,5,5,5,555,Champions
U09630,Premium,153,31,12699.71,3,5,5,355,Clients fidèles
U09354,Premium,221,19,12710.79,3,5,5,355,Clients fidèles
U02184,Standard,264,15,12711.85,2,4,5,245,À risque
U07438,VIP,284,55,12719.18,2,5,5,255,À risque
U07319,VIP,404,51,12719.54,1,5,5,155,À risque
U09805,Premium,155,21,12725.23,3,5,5,355,Clients fidèles
U01338,VIP,0,47,12729.19,5,5,5,555,Champions
U11509,Premium,397,15,12731.53,1,4,5,145,À risque
U02057,Premium,62,28,12738.45,4,5,5,455,Champions
U10477,VIP,221,46,12743.05,3,5,5,355,Clients fidèles
U00805,Premium,247,18,12744.34,2,4,5,245,À risque
U11671,Standard,134,10,12762.5,3,3,5,335,Clients fidèles
U03122,Premium,166,29,12765.47,3,5,5,355,Clients fidèles
U03903,Premium,190,22,12767.4,3,5,5,355,Clients fidèles
U11018,Budget,6,15,12776.61,5,4,5,545,Champions
U06554,Premium,69,19,12800.48,4,5,5,455,Champions
U04920,Standard,289,16,12828.87,2,4,5,245,À risque
U01195,Premium,279,17,12831.58,2,4,5,245,À risque
U04579,Standard,158,19,12833.22,3,4,5,345,Clients fidèles
U11462,Premium,154,21,12838.35,3,5,5,355,Clients fidèles
U04183,VIP,338,38,12839.4,2,5,5,255,À risque
U04209,Premium,92,22,12843.3,4,5,5,455,Champions
U01319,VIP,276,28,12855.83,2,5,5,255,À risque
U09625,Premium,246,21,12858.37,3,5,5,355,Clients fidèles
U06553,Premium,277,27,12861.28,2,5,5,255,À risque
U08088,Premium,284,33,12885.6,2,5,5,255,À risque
U09433,Standard,1,13,12895.59,5,4,5,545,Champions
U03371,Standard,100,16,12898.41,4,4,5,445,Champions
U04698,VIP,278,66,12915.78,2,5,5,255,À risque
U02068,Premium,193,25,12917.79,3,5,5,355,Clients fidèles
U05043,VIP,0,55,12918.55,5,5,5,555,Champions
U04178,Premium,102,10,12926.06,4,3,5,435,Clients fidèles
U10365,VIP,31,49,12930.62,5,5,5,555,Champions
U01008,VIP,321,37,12950.2,2,5,5,255,À risque
U06318,VIP,5,28,12954.12,5,5,5,555,Champions
U06507,Standard,98,13,12956.59,4,4,5,445,Champions
U10578,VIP,337,31,12972.23,2,5,5,255,À risque
U03608,Standard,98,11,12985.91,4,3,5,435,Clients fidèles
U01246,VIP,61,28,12994.73,4,5,5,455,Champions
U09919,Inconnu,261,17,12995.11,2,4,5,245,À risque
U01440,Premium,62,23,13011.41,4,5,5,455,Champions
U04048,Premium,63,19,13024.13,4,4,5,445,Champions
U06171,Standard,36,13,13024.46,5,4,5,545,Champions
U10294,VIP,253,46,13034.39,2,5,5,255,À risque
U02056,Inconnu,340,8,13089.52,2,3,5,235,À risque
U07397,VIP,34,34,13109.89,5,5,5,555,Champions
U02078,Premium,48,25,13120.65,4,5,5,455,Champions
U06394,Premium,260,24,13120.9,2,5,5,255,À risque
U01189,Premium,34,41,13122.13,5,5,5,555,Champions
U10448,Standard,93,20,13125.32,4,5,5,455,Champions
U03349,Standard,406,12,13131.98,1,4,5,145,À risque
U09545,VIP,31,29,13146.39,5,5,5,555,Champions
U09450,Premium,250,18,13148.23,2,4,5,245,À risque
U02799,VIP,92,32,13156.7,4,5,5,455,Champions
U07143,VIP,311,24,13181.87,2,5,5,255,À risque
U01717,Premium,154,37,13198.03,3,5,5,355,Clients fidèles
U04687,VIP,334,42,13200.64,2,5,5,255,À risque
U01497,Premium,33,26,13223.91,5,5,5,555,Champions
U00775,Premium,8,20,13227.3,5,5,5,555,Champions
U00794,VIP,3,37,13236.13,5,5,5,555,Champions
U02690,Premium,40,38,13268.93,5,5,5,555,Champions
U11549,VIP,122,53,13270.06,4,5,5,455,Champions
U00791,Premium,342,27,13273.68,2,5,5,255,À risque
U00552,Standard,43,28,13282.42,5,5,5,555,Champions
U03134,Premium,3,22,13286.33,5,5,5,555,Champions
U07398,VIP,214,35,13301.0,3,5,5,355,Clients fidèles
U02036,VIP,459,34,13301.21,1,5,5,155,À risque
U01435,VIP,98,13,13307.8,4,4,5,445,Champions
U00462,Standard,252,14,13313.15,2,4,5,245,À risque
U01836,Premium,153,29,13320.67,3,5,5,355,Clients fidèles
U08579,Premium,123,33,13321.98,4,5,5,455,Champions
U04300,Standard,1,16,13325.98,5,4,5,545,Champions
U07506,Standard,283,24,13333.61,2,5,5,255,À risque
U00914,Budget,92,8,13335.45,4,3,5,435,Clients fidèles
U07475,Premium,61,27,13340.81,4,5,5,455,Champions
U08491,Premium,2,25,13350.63,5,5,5,555,Champions
U07043,VIP,217,46,13354.25,3,5,5,355,Clients fidèles
U02672,Premium,396,34,13356.75,1,5,5,155,À risque
U03540,Standard,322,12,13370.31,2,4,5,245,À risque
U03047,Premium,403,33,13371.61,1,5,5,155,À risque
U02215,Premium,126,36,13394.04,4,5,5,455,Champions
U03131,Premium,130,32,13397.69,3,5,5,355,Clients fidèles
U01255,Premium,12,34,13398.82,5,5,5,555,Champions
U03538,VIP,228,17,13405.92,3,4,5,345,Clients fidèles
U06718,VIP,306,37,13407.43,2,5,5,255,À risque
U02876,Standard,173,24,13410.03,3,5,5,355,Clients fidèles
U04776,VIP,306,18,13444.31,2,4,5,245,À risque
U10839,Premium,154,28,13444.42,3,5,5,355,Clients fidèles
U07178,Premium,61,24,13447.69,4,5,5,455,Champions
U02091,Premium,226,28,13454.33,3,5,5,355,Clients fidèles
U09620,VIP,156,27,13456.62,3,5,5,355,Clients fidèles
U11109,VIP,369,39,13463.59,2,5,5,255,À risque
U01958,Premium,185,25,13468.5,3,5,5,355,Clients fidèles
U00206,Standard,249,12,13471.67,2,4,5,245,À risque
U10501,Premium,47,36,13478.13,5,5,5,555,Champions
U08654,VIP,68,35,13482.99,4,5,5,455,Champions
U09668,Budget,286,9,13485.87,2,3,5,235,À risque
U05611,Budget,67,12,13486.46,4,4,5,445,Champions
U01178,Premium,154,34,13492.35,3,5,5,355,Clients fidèles
U11180,Premium,415,31,13501.18,1,5,5,155,À risque
U09653,Premium,3,21,13504.78,5,5,5,555,Champions
U00655,Premium,327,26,13509.13,2,5,5,255,À risque
U09184,Premium,96,18,13527.83,4,4,5,445,Champions
U03006,Premium,21,25,13535.45,5,5,5,555,Champions
U07785,Premium,122,16,13544.68,4,4,5,445,Champions
U08951,VIP,33,24,13546.12,5,5,5,555,Champions
U04267,Premium,158,31,13574.9,3,5,5,355,Clients fidèles
U00285,VIP,396,27,13594.48,1,5,5,155,À risque
U03184,Standard,37,13,13601.8,5,4,5,545,Champions
U08009,Premium,189,25,13602.64,3,5,5,355,Clients fidèles
U11615,VIP,222,28,13627.17,3,5,5,355,Clients fidèles
U04375,Standard,169,21,13635.9,3,5,5,355,Clients fidèles
U03214,Premium,3,26,13643.58,5,5,5,555,Champions
U05400,Premium,189,21,13652.3,3,5,5,355,Clients fidèles
U00145,VIP,155,38,13653.67,3,5,5,355,Clients fidèles
U09285,Standard,221,20,13656.33,3,5,5,355,Clients fidèles
U08527,Premium,62,15,13659.08,4,4,5,445,Champions
U00704,Premium,159,29,13660.73,3,5,5,355,Clients fidèles
U07741,Premium,64,18,13679.35,4,4,5,445,Champions
U09375,VIP,2,14,13681.74,5,4,5,545,Champions
U00376,Premium,122,22,13683.18,4,5,5,455,Champions
U11482,VIP,153,54,13686.67,3,5,5,355,Clients fidèles
U03537,VIP,308,50,13691.05,2,5,5,255,À risque
U01662,Premium,459,37,13710.81,1,5,5,155,À risque
U04605,Premium,96,29,13717.28,4,5,5,455,Champions
U05788,Premium,308,27,13734.36,2,5,5,255,À risque
U06214,Premium,309,25,13740.14,2,5,5,255,À risque
U08485,Premium,44,23,13748.49,5,5,5,555,Champions
U09884,Standard,33,17,13765.12,5,4,5,545,Champions
U08075,VIP,245,58,13774.05,3,5,5,355,Clients fidèles
U04593,VIP,93,52,13807.35,4,5,5,455,Champions
U01299,Premium,460,19,13811.74,1,4,5,145,À risque
U03680,VIP,186,51,13815.36,3,5,5,355,Clients fidèles
U09656,VIP,371,60,13828.86,2,5,5,255,À risque
U02707,Premium,67,27,13838.88,4,5,5,455,Champions
U07422,Premium,344,24,13862.18,2,5,5,255,À risque
U05874,VIP,276,21,13875.82,2,5,5,255,À risque
U09726,Standard,11,16,13892.26,5,4,5,545,Champions
U00881,VIP,2,29,13897.11,5,5,5,555,Champions
U01571,Premium,94,31,13907.82,4,5,5,455,Champions
U09842,VIP,66,47,13932.57,4,5,5,455,Champions
U07385,VIP,31,40,13939.3,5,5,5,555,Champions
U02347,Premium,615,10,13947.49,1,3,5,135,À risque
U04276,Premium,279,21,13949.81,2,5,5,255,À risque
U05487,VIP,99,22,13958.65,4,5,5,455,Champions
U02709,VIP,275,38,13960.38,2,5,5,255,À risque
U10822,Premium,129,30,14000.33,4,5,5,455,Champions
U10072,Premium,42,19,14009.69,5,5,5,555,Champions
U07491,VIP,374,30,14013.59,2,5,5,255,À risque
U04995,VIP,0,27,14017.98,5,5,5,555,Champions
U02844,VIP,216,37,14028.47,3,5,5,355,Clients fidèles
U01143,VIP,399,29,14042.78,1,5,5,155,À risque
U06916,VIP,158,47,14049.42,3,5,5,355,Clients fidèles
U11868,VIP,338,42,14058.82,2,5,5,255,À risque
U05567,Premium,94,32,14064.32,4,5,5,455,Champions
U00715,Premium,65,21,14078.27,4,5,5,455,Champions
U09434,Premium,32,22,14090.01,5,5,5,555,Champions
U03265,VIP,132,35,14109.79,3,5,5,355,Clients fidèles
U11503,Premium,192,26,14129.69,3,5,5,355,Clients fidèles
U01552,VIP,7,37,14142.44,5,5,5,555,Champions
U08899,Premium,10,26,14144.19,5,5,5,555,Champions
U09964,VIP,184,78,14146.01,3,5,5,355,Clients fidèles
U01724,VIP,33,38,14155.05,5,5,5,555,Champions
U07310,Premium,434,23,14155.38,1,5,5,155,À risque
U02736,Budget,162,15,14170.03,3,4,5,345,Clients fidèles
U11934,Budget,487,10,14176.39,1,3,5,135,À risque
U05783,Premium,431,22,14185.95,1,5,5,155,À risque
U05410,Premium,411,24,14198.07,1,5,5,155,À risque
U07408,Premium,372,22,14200.26,2,5,5,255,À risque
U03973,Premium,184,37,14227.32,3,5,5,355,Clients fidèles
U11102,VIP,457,37,14237.54,1,5,5,155,À risque
U07122,Premium,403,14,14239.59,1,4,5,145,À risque
U11120,Premium,3,22,14256.45,5,5,5,555,Champions
U09345,Premium,125,23,14270.77,4,5,5,455,Champions
U08460,VIP,338,48,14282.36,2,5,5,255,À risque
U11543,Premium,102,20,14289.6,4,5,5,455,Champions
U08183,VIP,186,45,14297.91,3,5,5,355,Clients fidèles
U09389,Premium,306,30,14298.44,2,5,5,255,À risque
U06972,VIP,36,43,14309.51,5,5,5,555,Champions
U00756,Premium,530,12,14323.89,1,4,5,145,À risque
U09641,VIP,277,28,14329.89,2,5,5,255,À risque
U10847,VIP,124,39,14347.29,4,5,5,455,Champions
U01981,Premium,1,31,14359.02,5,5,5,555,Champions
U05201,VIP,62,47,14359.03,4,5,5,455,Champions
U01092,VIP,189,40,14360.3,3,5,5,355,Clients fidèles
U08986,Standard,178,14,14361.41,3,4,5,345,Clients fidèles
U07380,Premium,31,25,14370.28,5,5,5,555,Champions
U01013,Budget,400,10,14383.78,1,3,5,135,À risque
U03858,VIP,33,35,14412.74,5,5,5,555,Champions
U11819,Standard,196,10,14421.72,3,3,5,335,Clients fidèles
U01883,VIP,32,30,14422.22,5,5,5,555,Champions
U08443,VIP,93,33,14433.88,4,5,5,455,Champions
U11530,Standard,124,24,14434.16,4,5,5,455,Champions
U10006,Premium,93,18,14443.11,4,4,5,445,Champions
U01797,Standard,92,14,14444.26,4,4,5,445,Champions
U05234,Premium,38,24,14446.82,5,5,5,555,Champions
U09008,VIP,4,31,14456.81,5,5,5,555,Champions
U05758,VIP,246,60,14461.92,2,5,5,255,À risque
U09060,VIP,33,30,14467.99,5,5,5,555,Champions
U04596,Premium,2,31,14486.3,5,5,5,555,Champions
U03708,Standard,201,14,14498.06,3,4,5,345,Clients fidèles
U02313,Standard,61,12,14511.99,4,4,5,445,Champions
U02819,Premium,95,22,14518.03,4,5,5,455,Champions
U02310,VIP,220,29,14531.41,3,5,5,355,Clients fidèles
U09850,Standard,188,16,14535.96,3,4,5,345,Clients fidèles
U01696,VIP,186,43,14556.0,3,5,5,355,Clients fidèles
U07630,VIP,0,50,14558.11,5,5,5,555,Champions
U02568,VIP,3,21,14559.64,5,5,5,555,Champions
U10034,Premium,80,27,14559.78,4,5,5,455,Champions
U06070,Standard,225,12,14594.27,3,4,5,345,Clients fidèles
U06073,Premium,62,25,14595.72,4,5,5,455,Champions
U03030,Budget,344,11,14600.1,2,3,5,235,À risque
U05591,Premium,187,25,14600.96,3,5,5,355,Clients fidèles
U03698,Budget,383,12,14605.54,2,4,5,245,À risque
U01128,VIP,334,30,14623.69,2,5,5,255,À risque
U11593,Inconnu,335,14,14627.68,2,4,5,245,À risque
U05483,Premium,64,28,14629.27,4,5,5,455,Champions
U06178,Premium,488,17,14640.15,1,4,5,145,À risque
U06262,Standard,6,12,14651.67,5,4,5,545,Champions
U07538,Premium,161,32,14659.93,3,5,5,355,Clients fidèles
U05510,VIP,99,34,14660.08,4,5,5,455,Champions
U10950,VIP,11,49,14665.86,5,5,5,555,Champions
U00502,Premium,2,25,14672.1,5,5,5,555,Champions
U05618,VIP,214,38,14677.98,3,5,5,355,Clients fidèles
U10005,Standard,265,15,14678.44,2,4,5,245,À risque
U05585,VIP,92,41,14708.45,4,5,5,455,Champions
U06458,Premium,153,36,14718.48,3,5,5,355,Clients fidèles
U03643,VIP,217,28,14728.09,3,5,5,355,Clients fidèles
U03422,Premium,521,21,14729.25,1,5,5,155,À risque
U04960,Standard,278,26,14733.02,2,5,5,255,À risque
U10544,Premium,65,26,14735.73,4,5,5,455,Champions
U10492,Budget,51,14,14738.59,4,4,5,445,Champions
U00983,VIP,0,39,14750.34,5,5,5,555,Champions
U00789,Premium,245,18,14759.22,3,4,5,345,Clients fidèles
U09604,VIP,155,47,14766.68,3,5,5,355,Clients fidèles
U04405,Premium,226,33,14769.59,3,5,5,355,Clients fidèles
U07016,Budget,199,11,14787.99,3,3,5,335,Clients fidèles
U08701,Premium,94,30,14804.91,4,5,5,455,Champions
U11464,VIP,489,38,14814.72,1,5,5,155,À risque
U07892,VIP,335,61,14817.99,2,5,5,255,À risque
U03640,VIP,62,46,14827.13,4,5,5,455,Champions
U08270,Premium,412,24,14848.38,1,5,5,155,À risque
U05350,Premium,31,36,14853.52,5,5,5,555,Champions
U11716,Premium,46,15,14857.85,5,4,5,545,Champions
U06108,Premium,184,39,14858.65,3,5,5,355,Clients fidèles
U08427,Premium,525,13,14861.63,1,4,5,145,À risque
U08151,VIP,96,50,14869.62,4,5,5,455,Champions
U00637,VIP,61,33,14873.24,4,5,5,455,Champions
U05121,Standard,310,12,14887.73,2,4,5,245,À risque
U03777,Standard,70,14,14888.49,4,4,5,445,Champions
U04438,Premium,39,27,14892.26,5,5,5,555,Champions
U10788,Premium,249,29,14897.2,2,5,5,255,À risque
U00871,Standard,7,17,14906.43,5,4,5,545,Champions
U10143,VIP,306,28,14910.95,2,5,5,255,À risque
U09223,Premium,219,18,14911.15,3,4,5,345,Clients fidèles
U07428,VIP,457,30,14938.03,1,5,5,155,À risque
U08375,VIP,4,19,14954.3,5,5,5,555,Champions
U08098,Premium,356,20,14972.25,2,5,5,255,À risque
U03743,Premium,62,19,14990.96,4,4,5,445,Champions
U10995,VIP,93,52,15014.42,4,5,5,455,Champions
U11864,Premium,62,16,15022.86,4,4,5,445,Champions
U04892,Premium,335,19,15026.72,2,5,5,255,À risque
U11694,VIP,157,22,15045.23,3,5,5,355,Clients fidèles
U03955,Premium,248,22,15055.64,2,5,5,255,À risque
U05241,Premium,252,22,15058.8,2,5,5,255,À risque
U10132,Standard,155,26,15083.54,3,5,5,355,Clients fidèles
U10727,Premium,312,21,15086.05,2,5,5,255,À risque
U07854,Premium,316,27,15090.34,2,5,5,255,À risque
U01771,VIP,187,36,15091.42,3,5,5,355,Clients fidèles
U05207,Standard,321,15,15092.54,2,4,5,245,À risque
U00081,VIP,101,31,15101.75,4,5,5,455,Champions
U07916,VIP,184,34,15108.77,3,5,5,355,Clients fidèles
U07047,Premium,129,27,15124.55,3,5,5,355,Clients fidèles
U09627,VIP,33,22,15124.84,5,5,5,555,Champions
U07415,VIP,136,45,15130.74,3,5,5,355,Clients fidèles
U05381,Standard,17,7,15134.81,5,2,5,525,Nouveaux
U08908,Premium,163,16,15149.97,3,4,5,345,Clients fidèles
U04479,Inconnu,122,37,15151.71,4,5,5,455,Champions
U03860,VIP,232,45,15159.06,3,5,5,355,Clients fidèles
U09428,Inconnu,215,17,15167.25,3,4,5,345,Clients fidèles
U05252,Standard,34,18,15183.79,5,4,5,545,Champions
U03164,Standard,284,22,15188.54,2,5,5,255,À risque
U00952,Standard,253,15,15189.11,2,4,5,245,À risque
U08737,Standard,361,17,15191.35,2,4,5,245,À risque
U06429,Premium,551,18,15208.16,1,4,5,145,À risque
U10720,Standard,68,18,15214.84,4,4,5,445,Champions
U03606,Budget,516,10,15220.18,1,3,5,135,À risque
U08756,VIP,94,33,15236.2,4,5,5,455,Champions
U04891,Premium,64,19,15249.59,4,5,5,455,Champions
U08070,VIP,61,37,15250.76,4,5,5,455,Champions
U00627,VIP,0,30,15252.96,5,5,5,555,Champions
U02990,Premium,64,25,15256.94,4,5,5,455,Champions
U01900,Inconnu,5,13,15267.4,5,4,5,545,Champions
U07853,VIP,341,38,15275.81,2,5,5,255,À risque
U02867,Premium,373,26,15292.31,2,5,5,255,À risque
U09046,Premium,63,25,15317.04,4,5,5,455,Champions
U10271,Inconnu,125,9,15322.49,4,3,5,435,Clients fidèles
U09784,Inconnu,15,20,15324.26,5,5,5,555,Champions
U06921,Premium,158,42,15327.11,3,5,5,355,Clients fidèles
U09669,Standard,260,11,15335.36,2,3,5,235,À risque
U07463,VIP,158,45,15339.82,3,5,5,355,Clients fidèles
U11354,Premium,246,34,15340.82,3,5,5,355,Clients fidèles
U07348,Standard,335,10,15341.16,2,3,5,235,À risque
U00394,Premium,61,30,15354.31,4,5,5,455,Champions
U00353,VIP,31,22,15362.61,5,5,5,555,Champions
U01762,VIP,126,35,15362.9,4,5,5,455,Champions
U01242,VIP,134,27,15411.58,3,5,5,355,Clients fidèles
U06448,Premium,336,25,15426.16,2,5,5,255,À risque
U09115,Premium,287,37,15433.84,2,5,5,255,À risque
U04882,VIP,189,50,15454.59,3,5,5,355,Clients fidèles
U02457,VIP,4,28,15479.18,5,5,5,555,Champions
U04098,Inconnu,92,36,15506.21,4,5,5,455,Champions
U10497,Standard,122,13,15516.17,4,4,5,445,Champions
U02492,Premium,43,35,15523.42,5,5,5,555,Champions
U03147,Premium,0,30,15524.24,5,5,5,555,Champions
U06071,VIP,94,33,15533.3,4,5,5,455,Champions
U00623,Standard,214,19,15550.92,3,4,5,345,Clients fidèles
U08390,Standard,310,17,15554.29,2,4,5,245,À risque
U10445,VIP,61,36,15554.67,4,5,5,455,Champions
U00297,Premium,33,25,15581.64,5,5,5,555,Champions
U02017,VIP,33,22,15590.85,5,5,5,555,Champions
U10503,VIP,63,39,15594.03,4,5,5,455,Champions
U11890,VIP,308,38,15622.18,2,5,5,255,À risque
U04056,Premium,34,38,15631.51,5,5,5,555,Champions
U09499,Standard,222,21,15642.84,3,5,5,355,Clients fidèles
U03857,VIP,97,43,15652.87,4,5,5,455,Champions
U09412,Premium,461,27,15653.93,1,5,5,155,À risque
U09490,Standard,393,14,15653.99,1,4,5,145,À risque
U03273,Premium,1,30,15666.11,5,5,5,555,Champions
U03504,Premium,192,23,15712.96,3,5,5,355,Clients fidèles
U01039,VIP,214,38,15723.23,3,5,5,355,Clients fidèles
U06900,VIP,33,31,15736.75,5,5,5,555,Champions
U01588,Premium,186,23,15746.69,3,5,5,355,Clients fidèles
U02681,Premium,139,23,15748.06,3,5,5,355,Clients fidèles
U03374,VIP,341,43,15749.02,2,5,5,255,À risque
U11230,Premium,1,17,15750.51,5,4,5,545,Champions
U03819,VIP,93,51,15798.54,4,5,5,455,Champions
U05535,VIP,458,37,15801.23,1,5,5,155,À risque
U02214,Premium,123,28,15815.12,4,5,5,455,Champions
U00008,VIP,8,35,15818.83,5,5,5,555,Champions
U05313,VIP,33,42,15825.68,5,5,5,555,Champions
U03031,Standard,32,12,15827.63,5,4,5,545,Champions
U04100,Premium,63,26,15829.96,4,5,5,455,Champions
U06333,Premium,322,30,15833.38,2,5,5,255,À risque
U08454,Premium,155,15,15837.2,3,4,5,345,Clients fidèles
U01650,VIP,185,50,15845.02,3,5,5,355,Clients fidèles
U02355,Standard,213,13,15858.54,3,4,5,345,Clients fidèles
U06864,VIP,1,60,15870.99,5,5,5,555,Champions
U01765,VIP,245,31,15892.42,3,5,5,355,Clients fidèles
U11916,Premium,185,32,15925.21,3,5,5,355,Clients fidèles
U07166,Premium,4,18,15938.61,5,4,5,545,Champions
U00798,Premium,156,24,15949.54,3,5,5,355,Clients fidèles
U11327,Budget,336,12,15959.19,2,4,5,245,À risque
U04667,VIP,41,29,16010.87,5,5,5,555,Champions
U02789,Premium,217,24,16018.47,3,5,5,355,Clients fidèles
U04047,VIP,214,37,16033.27,3,5,5,355,Clients fidèles
U02015,Premium,1,31,16108.85,5,5,5,555,Champions
U04430,VIP,126,30,16110.98,4,5,5,455,Champions
U07851,VIP,184,34,16114.29,3,5,5,355,Clients fidèles
U06146,Premium,249,33,16124.94,2,5,5,255,À risque
U11967,VIP,464,28,16147.25,1,5,5,155,À risque
U08541,Premium,61,30,16148.9,4,5,5,455,Champions
U11686,Budget,155,12,16161.88,3,4,5,345,Clients fidèles
U04259,Budget,424,12,16179.08,1,4,5,145,À risque
U00367,VIP,186,21,16187.14,3,5,5,355,Clients fidèles
U03477,Premium,586,13,16197.29,1,4,5,145,À risque
U01713,VIP,491,31,16216.45,1,5,5,155,À risque
U07114,VIP,35,54,16223.02,5,5,5,555,Champions
U08656,Budget,366,13,16223.26,2,4,5,245,À risque
U05227,Premium,32,25,16231.0,5,5,5,555,Champions
U07212,VIP,334,30,16261.68,2,5,5,255,À risque
U03425,Premium,371,30,16270.41,2,5,5,255,À risque
U11731,Inconnu,384,18,16277.41,1,4,5,145,À risque
U00131,VIP,96,38,16279.5,4,5,5,455,Champions
U10056,VIP,61,45,16290.24,4,5,5,455,Champions
U06338,Standard,292,8,16311.13,2,3,5,235,À risque
U09648,VIP,335,33,16316.79,2,5,5,255,À risque
U01281,Premium,338,24,16321.28,2,5,5,255,À risque
U04704,Premium,1,31,16331.42,5,5,5,555,Champions
U09871,Premium,127,22,16334.58,4,5,5,455,Champions
U11233,VIP,338,53,16341.73,2,5,5,255,À risque
U10357,VIP,122,32,16347.97,4,5,5,455,Champions
U11463,Standard,184,16,16350.7,3,4,5,345,Clients fidèles
U07344,VIP,158,21,16359.81,3,5,5,355,Clients fidèles
U04915,VIP,188,39,16362.88,3,5,5,355,Clients fidèles
U07515,Premium,218,24,16374.76,3,5,5,355,Clients fidèles
U10251,Standard,46,25,16400.15,5,5,5,555,Champions
U01244,Premium,36,22,16415.2,5,5,5,555,Champions
U09304,VIP,32,30,16455.34,5,5,5,555,Champions
U05109,VIP,1,39,16475.91,5,5,5,555,Champions
U07245,Premium,92,23,16553.34,4,5,5,455,Champions
U01433,Standard,196,19,16560.14,3,4,5,345,Clients fidèles
U08732,Premium,197,34,16592.05,3,5,5,355,Clients fidèles
U02346,Premium,249,27,16593.25,2,5,5,255,À risque
U05411,VIP,35,50,16595.63,5,5,5,555,Champions
U10440,Standard,124,24,16608.94,4,5,5,455,Champions
U06588,VIP,62,66,16624.97,4,5,5,455,Champions
U01813,VIP,367,36,16641.83,2,5,5,255,À risque
U02899,VIP,222,35,16643.32,3,5,5,355,Clients fidèles
U09465,Premium,77,24,16666.27,4,5,5,455,Champions
U04099,VIP,11,39,16699.55,5,5,5,555,Champions
U00271,Premium,15,35,16715.07,5,5,5,555,Champions
U02303,VIP,185,49,16744.61,3,5,5,355,Clients fidèles
U04128,VIP,334,44,16749.82,2,5,5,255,À risque
U09906,Standard,219,17,16753.13,3,4,5,345,Clients fidèles
U05107,Premium,39,27,16754.63,5,5,5,555,Champions
U04158,VIP,95,61,16766.89,4,5,5,455,Champions
U04680,Premium,31,28,16786.15,5,5,5,555,Champions
U08456,VIP,489,28,16786.55,1,5,5,155,À risque
U06187,Standard,285,15,16804.23,2,4,5,245,À risque
U08671,Premium,41,24,16845.54,5,5,5,555,Champions
U04175,Premium,224,38,16848.49,3,5,5,355,Clients fidèles
U10973,Standard,216,22,16880.5,3,5,5,355,Clients fidèles
U07232,VIP,96,43,16895.21,4,5,5,455,Champions
U11526,Standard,4,25,16930.16,5,5,5,555,Champions
U07009,Premium,153,31,16950.31,3,5,5,355,Clients fidèles
U09331,VIP,249,65,16954.25,2,5,5,255,À risque
U08777,VIP,398,43,16954.81,1,5,5,155,À risque
U11835,VIP,275,56,16963.8,2,5,5,255,À risque
U09893,Premium,281,13,16973.3,2,4,5,245,À risque
U04120,Standard,546,12,17002.19,1,4,5,145,À risque
U08615,VIP,31,23,17009.59,5,5,5,555,Champions
U09229,Premium,38,22,17020.2,5,5,5,555,Champions
U01383,VIP,308,38,17031.49,2,5,5,255,À risque
U02173,VIP,155,53,17032.89,3,5,5,355,Clients fidèles
U01269,VIP,66,48,17040.16,4,5,5,455,Champions
U10289,VIP,64,65,17064.59,4,5,5,455,Champions
U04037,Premium,123,22,17078.29,4,5,5,455,Champions
U11254,Premium,153,32,17092.91,3,5,5,355,Clients fidèles
U01296,VIP,93,38,17114.34,4,5,5,455,Champions
U09876,Premium,368,21,17141.41,2,5,5,255,À risque
U04140,VIP,127,51,17173.71,4,5,5,455,Champions
U03853,Standard,291,15,17174.96,2,4,5,245,À risque
U03218,Premium,2,32,17184.0,5,5,5,555,Champions
U07806,Budget,4,15,17204.96,5,4,5,545,Champions
U01511,Premium,159,24,17253.6,3,5,5,355,Clients fidèles
U08333,VIP,65,49,17261.31,4,5,5,455,Champions
U03872,Budget,556,5,17275.29,1,2,5,125,Perdus
U05645,VIP,94,60,17298.97,4,5,5,455,Champions
U04614,VIP,157,30,17304.86,3,5,5,355,Clients fidèles
U05304,Premium,35,25,17309.85,5,5,5,555,Champions
U09885,VIP,97,41,17310.36,4,5,5,455,Champions
U03798,Premium,1,31,17323.19,5,5,5,555,Champions
U00776,Premium,280,37,17342.01,2,5,5,255,À risque
U05904,VIP,465,43,17349.05,1,5,5,155,À risque
U05615,Premium,185,26,17370.82,3,5,5,355,Clients fidèles
U11706,Premium,93,24,17373.58,4,5,5,455,Champions
U10721,Premium,245,14,17377.61,3,4,5,345,Clients fidèles
U11125,Premium,69,35,17379.3,4,5,5,455,Champions
U10035,Premium,101,42,17382.96,4,5,5,455,Champions
U03150,VIP,155,37,17384.21,3,5,5,355,Clients fidèles
U07220,Premium,3,22,17392.38,5,5,5,555,Champions
U06527,Standard,280,24,17403.33,2,5,5,255,À risque
U10295,VIP,404,35,17403.91,1,5,5,155,À risque
U10008,VIP,461,41,17404.27,1,5,5,155,À risque
U06739,VIP,2,27,17418.05,5,5,5,555,Champions
U04764,VIP,217,23,17436.58,3,5,5,355,Clients fidèles
U09589,Premium,34,35,17467.28,5,5,5,555,Champions
U11908,VIP,219,38,17468.3,3,5,5,355,Clients fidèles
U05814,VIP,249,38,17476.68,2,5,5,255,À risque
U10782,VIP,399,58,17481.65,1,5,5,155,À risque
U03385,Inconnu,224,42,17498.86,3,5,5,355,Clients fidèles
U07896,VIP,186,40,17498.88,3,5,5,355,Clients fidèles
U00731,Premium,225,30,17530.41,3,5,5,355,Clients fidèles
U06734,Standard,216,10,17535.95,3,3,5,335,Clients fidèles
U03459,Premium,315,24,17545.4,2,5,5,255,À risque
U10527,VIP,3,29,17551.47,5,5,5,555,Champions
U00964,Premium,31,28,17561.09,5,5,5,555,Champions
U06808,Premium,249,21,17561.91,2,5,5,255,À risque
U09614,VIP,94,43,17592.04,4,5,5,455,Champions
U00015,Premium,3,31,17614.21,5,5,5,555,Champions
U09972,Premium,125,33,17623.95,4,5,5,455,Champions
U02723,VIP,3,28,17665.35,5,5,5,555,Champions
U05111,VIP,248,28,17671.23,2,5,5,255,À risque
U07482,Premium,125,22,17681.44,4,5,5,455,Champions
U04199,Budget,140,15,17688.92,3,4,5,345,Clients fidèles
U04778,VIP,247,47,17693.97,2,5,5,255,À risque
U03676,Inconnu,10,79,17698.17,5,5,5,555,Champions
U01316,Premium,396,16,17708.47,1,4,5,145,À risque
U03661,Standard,4,16,17709.41,5,4,5,545,Champions
U11312,Premium,368,37,17712.38,2,5,5,255,À risque
U07950,Standard,312,9,17714.98,2,3,5,235,À risque
U10553,Standard,36,13,17724.21,5,4,5,545,Champions
U03012,VIP,34,51,17727.69,5,5,5,555,Champions
U03580,VIP,275,41,17740.69,2,5,5,255,À risque
U05876,VIP,157,30,17770.35,3,5,5,355,Clients fidèles
U04114,Standard,251,38,17787.5,2,5,5,255,À risque
U02517,Premium,185,24,17856.82,3,5,5,355,Clients fidèles
U07054,VIP,92,56,17866.06,4,5,5,455,Champions
U10290,Premium,168,27,17903.65,3,5,5,355,Clients fidèles
U08697,VIP,308,39,17910.35,2,5,5,255,À risque
U11162,Standard,280,14,17918.05,2,4,5,245,À risque
U01618,VIP,61,39,17944.28,4,5,5,455,Champions
U01373,Premium,336,24,17953.38,2,5,5,255,À risque
U04635,VIP,158,39,18003.59,3,5,5,355,Clients fidèles
U08620,VIP,33,33,18007.76,5,5,5,555,Champions
U07634,VIP,123,45,18047.59,4,5,5,455,Champions
U08540,Premium,1,27,18058.7,5,5,5,555,Champions
U00669,Premium,33,17,18060.62,5,4,5,545,Champions
U11467,VIP,66,69,18079.07,4,5,5,455,Champions
U08879,VIP,459,29,18089.86,1,5,5,155,À risque
U09102,Premium,100,32,18094.12,4,5,5,455,Champions
U01701,Premium,128,24,18112.32,4,5,5,455,Champions
U06339,Premium,39,46,18131.41,5,5,5,555,Champions
U02787,Standard,232,14,18135.28,3,4,5,345,Clients fidèles
U01537,VIP,129,43,18169.37,3,5,5,355,Clients fidèles
U05417,Standard,185,15,18181.72,3,4,5,345,Clients fidèles
U09995,VIP,31,37,18184.51,5,5,5,555,Champions
U01293,VIP,4,20,18184.95,5,5,5,555,Champions
U07063,VIP,0,20,18198.05,5,5,5,555,Champions
U01211,VIP,2,38,18203.31,5,5,5,555,Champions
U09273,Premium,366,23,18224.06,2,5,5,255,À risque
U03731,VIP,34,41,18290.07,5,5,5,555,Champions
U01105,Standard,112,17,18292.24,4,4,5,445,Champions
U04090,Standard,129,22,18294.37,3,5,5,355,Clients fidèles
U11552,Premium,279,20,18294.57,2,5,5,255,À risque
U01973,VIP,3,23,18295.44,5,5,5,555,Champions
U00761,Premium,260,29,18304.3,2,5,5,255,À risque
U10659,Premium,36,26,18306.15,5,5,5,555,Champions
U08586,Premium,36,34,18308.63,5,5,5,555,Champions
U04447,Premium,248,20,18337.06,2,5,5,255,À risque
U09456,VIP,1,30,18357.5,5,5,5,555,Champions
U00732,VIP,37,42,18419.46,5,5,5,555,Champions
U05199,VIP,306,30,18431.43,2,5,5,255,À risque
U08338,Premium,173,18,18459.5,3,4,5,345,Clients fidèles
U07101,VIP,4,45,18509.2,5,5,5,555,Champions
U07038,VIP,32,31,18509.84,5,5,5,555,Champions
U03041,Premium,6,27,18516.02,5,5,5,555,Champions
U06315,VIP,491,35,18562.3,1,5,5,155,À risque
U10760,Standard,124,13,18596.35,4,4,5,445,Champions
U00461,Standard,306,11,18610.94,2,3,5,235,À risque
U00097,Premium,153,25,18620.07,3,5,5,355,Clients fidèles
U00949,VIP,63,27,18646.63,4,5,5,455,Champions
U08907,Premium,35,25,18655.09,5,5,5,555,Champions
U09860,VIP,67,46,18660.36,4,5,5,455,Champions
U05479,VIP,186,59,18722.71,3,5,5,355,Clients fidèles
U03718,Standard,1,28,18748.47,5,5,5,555,Champions
U05926,VIP,408,35,18763.88,1,5,5,155,À risque
U11100,VIP,184,50,18767.61,3,5,5,355,Clients fidèles
U05000,VIP,159,62,18776.42,3,5,5,355,Clients fidèles
U04141,Premium,97,18,18799.69,4,4,5,445,Champions
U01906,VIP,487,24,18821.82,1,5,5,155,À risque
U09154,VIP,31,41,18855.19,5,5,5,555,Champions
U01034,Premium,192,38,18860.46,3,5,5,355,Clients fidèles
U09337,Premium,153,36,18861.6,3,5,5,355,Clients fidèles
U04359,VIP,337,45,18874.6,2,5,5,255,À risque
U02487,VIP,457,36,18907.24,1,5,5,155,À risque
U11047,Premium,34,23,18913.41,5,5,5,555,Champions
U02985,VIP,378,36,18917.9,2,5,5,255,À risque
U10020,Premium,97,29,18945.38,4,5,5,455,Champions
U11889,VIP,215,52,19007.22,3,5,5,355,Clients fidèles
U02591,VIP,214,50,19012.04,3,5,5,355,Clients fidèles
U10388,VIP,92,38,19054.49,4,5,5,455,Champions
U01421,VIP,374,30,19064.98,2,5,5,255,À risque
U11359,VIP,4,47,19072.94,5,5,5,555,Champions
U11974,VIP,1,32,19078.13,5,5,5,555,Champions
U00979,Premium,61,23,19122.92,4,5,5,455,Champions
U02800,VIP,61,50,19176.3,4,5,5,455,Champions
U01425,Standard,11,13,19211.27,5,4,5,545,Champions
U09948,Premium,222,33,19222.2,3,5,5,355,Clients fidèles
U03651,Premium,247,19,19230.74,2,4,5,245,À risque
U09559,VIP,457,29,19244.4,1,5,5,155,À risque
U08402,VIP,214,47,19260.13,3,5,5,355,Clients fidèles
U00309,Premium,9,29,19265.3,5,5,5,555,Champions
U10284,Premium,218,26,19268.08,3,5,5,355,Clients fidèles
U04464,VIP,334,53,19327.19,2,5,5,255,À risque
U01857,VIP,214,36,19362.74,3,5,5,355,Clients fidèles
U06129,VIP,68,40,19371.41,4,5,5,455,Champions
U01147,Premium,0,27,19376.58,5,5,5,555,Champions
U09037,Standard,94,17,19425.52,4,4,5,445,Champions
U01240,Premium,158,26,19439.79,3,5,5,355,Clients fidèles
U05675,Premium,67,17,19508.91,4,4,5,445,Champions
U05817,Premium,344,33,19551.48,2,5,5,255,À risque
U05888,Premium,258,31,19553.19,2,5,5,255,À risque
U01036,VIP,66,31,19620.52,4,5,5,455,Champions
U04028,VIP,189,56,19629.2,3,5,5,355,Clients fidèles
U09849,VIP,316,51,19654.7,2,5,5,255,À risque
U00427,VIP,132,29,19655.54,3,5,5,355,Clients fidèles
U08264,Standard,584,12,19659.24,1,4,5,145,À risque
U07757,Standard,153,18,19663.27,3,4,5,345,Clients fidèles
U10617,VIP,61,45,19691.81,4,5,5,455,Champions
U04868,Premium,223,25,19769.6,3,5,5,355,Clients fidèles
U00745,Budget,70,15,19787.06,4,4,5,445,Champions
U06048,VIP,0,57,19787.19,5,5,5,555,Champions
U09361,Premium,189,30,19793.01,3,5,5,355,Clients fidèles
U01693,Premium,214,32,19796.74,3,5,5,355,Clients fidèles
U03384,Standard,370,14,19810.43,2,4,5,245,À risque
U04345,Premium,366,21,19843.72,2,5,5,255,À risque
U01595,Standard,340,16,19849.83,2,4,5,245,À risque
U01404,VIP,99,49,19896.13,4,5,5,455,Champions
U03775,VIP,279,46,19896.14,2,5,5,255,À risque
U03833,Premium,373,27,19909.2,2,5,5,255,À risque
U10817,VIP,95,42,19943.22,4,5,5,455,Champions
U02922,Inconnu,358,16,19945.2,2,4,5,245,À risque
U08565,Standard,215,23,19954.43,3,5,5,355,Clients fidèles
U00395,VIP,429,54,19955.51,1,5,5,155,À risque
U03939,VIP,61,51,19960.45,4,5,5,455,Champions
U06184,Premium,220,26,20028.31,3,5,5,355,Clients fidèles
U04381,Premium,349,27,20029.15,2,5,5,255,À risque
U11062,Standard,43,9,20046.51,5,3,5,535,Clients fidèles
U02221,VIP,154,45,20051.21,3,5,5,355,Clients fidèles
U03565,VIP,94,39,20082.19,4,5,5,455,Champions
U11103,Standard,320,10,20091.14,2,3,5,235,À risque
U03593,Premium,6,24,20132.91,5,5,5,555,Champions
U09155,VIP,524,22,20137.03,1,5,5,155,À risque
U01298,VIP,95,47,20142.37,4,5,5,455,Champions
U11767,VIP,62,49,20153.45,4,5,5,455,Champions
U11198,Premium,65,18,20161.86,4,4,5,445,Champions
U08073,Premium,135,26,20229.65,3,5,5,355,Clients fidèles
U00126,Premium,61,28,20231.18,4,5,5,455,Champions
U03948,VIP,96,45,20252.41,4,5,5,455,Champions
U08311,VIP,252,51,20277.01,2,5,5,255,À risque
U04303,Premium,431,40,20300.24,1,5,5,155,À risque
U08215,Premium,95,28,20363.81,4,5,5,455,Champions
U09138,VIP,4,20,20397.26,5,5,5,555,Champions
U04644,Standard,534,14,20437.9,1,4,5,145,À risque
U03874,Standard,367,25,20453.99,2,5,5,255,À risque
U11693,Premium,10,29,20460.81,5,5,5,555,Champions
U03063,Premium,245,23,20464.51,3,5,5,355,Clients fidèles
U02212,Premium,4,44,20470.76,5,5,5,555,Champions
U05943,VIP,36,21,20496.46,5,5,5,555,Champions
U05723,VIP,308,24,20499.6,2,5,5,255,À risque
U04164,Premium,396,30,20519.27,1,5,5,155,À risque
U00968,VIP,33,51,20564.8,5,5,5,555,Champions
U10812,VIP,33,41,20568.41,5,5,5,555,Champions
U03082,VIP,0,32,20571.68,5,5,5,555,Champions
U06902,Premium,488,19,20598.9,1,5,5,155,À risque
U11866,VIP,39,21,20690.38,5,5,5,555,Champions
U05505,Premium,427,22,20704.76,1,5,5,155,À risque
U09344,Premium,127,28,20724.4,4,5,5,455,Champions
U04921,VIP,31,30,20730.01,5,5,5,555,Champions
U04489,VIP,0,33,20746.83,5,5,5,555,Champions
U01390,Standard,98,15,20747.63,4,4,5,445,Champions
U09181,Premium,488,13,20748.07,1,4,5,145,À risque
U08707,Premium,156,39,20761.98,3,5,5,355,Clients fidèles
U04694,VIP,337,37,20781.69,2,5,5,255,À risque
U11086,Premium,154,20,20797.57,3,5,5,355,Clients fidèles
U03320,VIP,92,28,20804.13,4,5,5,455,Champions
U01473,Premium,306,25,20805.18,2,5,5,255,À risque
U01855,VIP,63,32,20890.25,4,5,5,455,Champions
U06920,Premium,218,28,20944.81,3,5,5,355,Clients fidèles
U00196,Premium,32,30,20945.17,5,5,5,555,Champions
U09841,VIP,8,20,20976.23,5,5,5,555,Champions
U09402,Premium,276,22,21006.2,2,5,5,255,À risque
U10372,VIP,66,47,21036.07,4,5,5,455,Champions
U00216,Budget,125,21,21068.73,4,5,5,455,Champions
U11115,VIP,4,23,21078.63,5,5,5,555,Champions
U06781,Standard,70,11,21097.06,4,3,5,435,Clients fidèles
U05407,Standard,361,22,21104.84,2,5,5,255,À risque
U10326,Premium,341,27,21105.46,2,5,5,255,À risque
U10978,Standard,369,28,21150.93,2,5,5,255,À risque
U09399,VIP,459,30,21154.16,1,5,5,155,À risque
U08644,Premium,348,33,21171.15,2,5,5,255,À risque
U11642,Premium,185,29,21190.79,3,5,5,355,Clients fidèles
U04556,VIP,99,37,21217.62,4,5,5,455,Champions
U02887,Standard,340,23,21234.1,2,5,5,255,À risque
U06057,VIP,32,40,21262.89,5,5,5,555,Champions
U08313,Premium,62,31,21303.93,4,5,5,455,Champions
U01748,VIP,1,20,21316.37,5,5,5,555,Champions
U11793,VIP,281,26,21317.19,2,5,5,255,À risque
U09076,Standard,160,14,21373.11,3,4,5,345,Clients fidèles
U11513,VIP,38,29,21374.67,5,5,5,555,Champions
U04814,VIP,93,58,21408.11,4,5,5,455,Champions
U03613,VIP,65,16,21419.62,4,4,5,445,Champions
U08099,Premium,496,24,21432.34,1,5,5,155,À risque
U08885,VIP,248,65,21437.09,2,5,5,255,À risque
U06769,Premium,188,21,21466.67,3,5,5,355,Clients fidèles
U07374,Premium,334,21,21490.99,2,5,5,255,À risque
U10704,Premium,0,26,21538.97,5,5,5,555,Champions
U00433,VIP,12,36,21555.77,5,5,5,555,Champions
U00037,Premium,1,25,21636.69,5,5,5,555,Champions
U08205,VIP,155,44,21644.45,3,5,5,355,Clients fidèles
U02208,Premium,188,32,21733.71,3,5,5,355,Clients fidèles
U05574,Premium,64,22,21743.33,4,5,5,455,Champions
U00659,VIP,31,38,21753.08,5,5,5,555,Champions
U01344,VIP,42,32,21757.54,5,5,5,555,Champions
U10777,Premium,457,27,21816.63,1,5,5,155,À risque
U02046,Premium,337,16,21918.67,2,4,5,245,À risque
U11633,VIP,524,25,21936.07,1,5,5,155,À risque
U05408,VIP,32,63,21967.88,5,5,5,555,Champions
U06222,VIP,34,50,21970.76,5,5,5,555,Champions
U09189,Premium,96,27,21989.88,4,5,5,455,Champions
U03531,Premium,10,31,22018.31,5,5,5,555,Champions
U02062,VIP,34,60,22063.19,5,5,5,555,Champions
U01596,VIP,335,35,22087.59,2,5,5,255,À risque
U11743,VIP,31,50,22107.71,5,5,5,555,Champions
U03224,VIP,61,29,22131.48,4,5,5,455,Champions
U11789,Premium,365,25,22150.4,2,5,5,255,À risque
U06987,Standard,37,15,22157.43,5,4,5,545,Champions
U06442,Premium,35,18,22186.76,5,4,5,545,Champions
U08804,VIP,0,57,22191.3,5,5,5,555,Champions
U07728,VIP,33,22,22228.59,5,5,5,555,Champions
U04692,Inconnu,345,37,22235.83,2,5,5,255,À risque
U00215,Premium,186,19,22256.86,3,4,5,345,Clients fidèles
U02205,VIP,34,37,22331.03,5,5,5,555,Champions
U05800,Premium,221,30,22350.94,3,5,5,355,Clients fidèles
U10877,VIP,96,34,22384.82,4,5,5,455,Champions
U06182,VIP,0,36,22417.75,5,5,5,555,Champions
U11439,Premium,97,29,22419.42,4,5,5,455,Champions
U00515,Premium,217,21,22427.09,3,5,5,355,Clients fidèles
U05200,Premium,155,32,22440.75,3,5,5,355,Clients fidèles
U07524,VIP,222,57,22446.37,3,5,5,355,Clients fidèles
U07588,VIP,66,26,22456.92,4,5,5,455,Champions
U09829,Inconnu,86,21,22499.21,4,5,5,455,Champions
U00092,VIP,226,44,22568.76,3,5,5,355,Clients fidèles
U02596,VIP,6,47,22703.08,5,5,5,555,Champions
U06065,VIP,3,48,22730.44,5,5,5,555,Champions
U08759,VIP,31,45,22746.52,5,5,5,555,Champions
U01790,VIP,1,29,22758.72,5,5,5,555,Champions
U10399,Budget,63,21,22763.99,4,5,5,455,Champions
U05915,Premium,38,28,22765.87,5,5,5,555,Champions
U03234,VIP,306,27,22775.74,2,5,5,255,À risque
U08040,Standard,435,6,22779.95,1,2,5,125,Perdus
U00678,Premium,519,20,22846.43,1,5,5,155,À risque
U05057,Premium,4,19,22870.04,5,5,5,555,Champions
U02536,VIP,154,44,22941.58,3,5,5,355,Clients fidèles
U08993,VIP,7,55,22944.84,5,5,5,555,Champions
U06476,VIP,156,60,22948.84,3,5,5,355,Clients fidèles
U05382,Standard,214,13,22953.89,3,4,5,345,Clients fidèles
U00007,Premium,6,25,23028.96,5,5,5,555,Champions
U05438,VIP,399,29,23046.61,1,5,5,155,À risque
U10040,VIP,63,51,23057.61,4,5,5,455,Champions
U06979,Premium,338,41,23081.28,2,5,5,255,À risque
U06601,VIP,161,36,23116.47,3,5,5,355,Clients fidèles
U11776,Premium,92,29,23118.1,4,5,5,455,Champions
U01233,VIP,3,36,23121.95,5,5,5,555,Champions
U04819,Premium,281,49,23123.36,2,5,5,255,À risque
U01087,VIP,92,38,23125.16,4,5,5,455,Champions
U07259,Premium,41,25,23130.61,5,5,5,555,Champions
U03554,Premium,99,39,23138.9,4,5,5,455,Champions
U09404,VIP,369,51,23144.39,2,5,5,255,À risque
U00594,Standard,470,15,23165.92,1,4,5,145,À risque
U07838,VIP,377,39,23185.54,2,5,5,255,À risque
U01282,VIP,2,28,23322.54,5,5,5,555,Champions
U04524,Standard,369,2,23370.0,2,1,5,215,Perdus
U09445,VIP,251,43,23384.17,2,5,5,255,À risque
U03905,Standard,36,21,23416.4,5,5,5,555,Champions
U06201,Premium,95,23,23441.54,4,5,5,455,Champions
U03832,Premium,47,33,23482.66,4,5,5,455,Champions
U01678,VIP,0,36,23491.25,5,5,5,555,Champions
U05780,VIP,215,37,23519.11,3,5,5,355,Clients fidèles
U10063,VIP,219,53,23520.78,3,5,5,355,Clients fidèles
U05706,Standard,435,21,23566.27,1,5,5,155,À risque
U00457,VIP,248,49,23581.93,2,5,5,255,À risque
U08211,Premium,98,20,23607.89,4,5,5,455,Champions
U02089,Premium,384,23,23643.62,1,5,5,155,À risque
U08530,Premium,0,35,23694.4,5,5,5,555,Champions
U08626,Standard,286,17,23703.97,2,4,5,245,À risque
U05660,Premium,281,27,23774.19,2,5,5,255,À risque
U07865,Budget,34,15,23857.76,5,4,5,545,Champions
U02107,Premium,43,23,23926.89,5,5,5,555,Champions
U07770,VIP,126,52,23954.53,4,5,5,455,Champions
U09067,VIP,2,49,23991.95,5,5,5,555,Champions
U00828,Premium,7,19,24063.77,5,4,5,545,Champions
U03721,VIP,64,53,24071.77,4,5,5,455,Champions
U06317,Premium,186,31,24072.13,3,5,5,355,Clients fidèles
U08902,Premium,612,21,24086.18,1,5,5,155,À risque
U10674,Premium,0,30,24098.7,5,5,5,555,Champions
U10420,Standard,271,28,24164.1,2,5,5,255,À risque
U05110,VIP,33,34,24213.28,5,5,5,555,Champions
U07351,VIP,61,51,24236.67,4,5,5,455,Champions
U04410,Premium,137,29,24258.28,3,5,5,355,Clients fidèles
U05196,VIP,192,42,24299.76,3,5,5,355,Clients fidèles
U10442,VIP,65,13,24306.98,4,4,5,445,Champions
U04563,Premium,76,19,24363.1,4,4,5,445,Champions
U05169,VIP,33,30,24416.56,5,5,5,555,Champions
U06368,VIP,3,45,24454.59,5,5,5,555,Champions
U00829,VIP,214,50,24461.03,3,5,5,355,Clients fidèles
U09904,VIP,217,45,24579.38,3,5,5,355,Clients fidèles
U01250,Premium,62,43,24644.14,4,5,5,455,Champions
U00508,Standard,48,16,24650.15,4,4,5,445,Champions
U07614,VIP,63,30,24716.0,4,5,5,455,Champions
U02748,VIP,35,31,24859.08,5,5,5,555,Champions
U03577,Premium,412,16,24954.98,1,4,5,145,À risque
U04092,VIP,1,49,24966.58,5,5,5,555,Champions
U07456,VIP,337,55,24972.44,2,5,5,255,À risque
U09066,Premium,188,40,24979.92,3,5,5,355,Clients fidèles
U10468,VIP,124,42,24986.41,4,5,5,455,Champions
U04337,Premium,253,23,25051.3,2,5,5,255,À risque
U02550,VIP,37,47,25111.69,5,5,5,555,Champions
U04853,Premium,34,29,25172.54,5,5,5,555,Champions
U11397,Premium,1,24,25237.38,5,5,5,555,Champions
U09808,Premium,96,31,25267.28,4,5,5,455,Champions
U10410,Premium,31,33,25341.2,5,5,5,555,Champions
U05823,Premium,2,28,25350.79,5,5,5,555,Champions
U08089,Premium,102,34,25361.47,4,5,5,455,Champions
U02284,VIP,366,51,25368.52,2,5,5,255,À risque
U07333,VIP,4,53,25390.05,5,5,5,555,Champions
U03641,VIP,3,46,25475.36,5,5,5,555,Champions
U09565,VIP,62,46,25498.13,4,5,5,455,Champions
U09206,VIP,190,36,25605.29,3,5,5,355,Clients fidèles
U00155,Premium,128,37,25635.8,4,5,5,455,Champions
U08589,Premium,141,23,25639.62,3,5,5,355,Clients fidèles
U04541,Premium,248,26,25667.09,2,5,5,255,À risque
U04466,Premium,401,13,25667.74,1,4,5,145,À risque
U11963,VIP,487,36,25732.58,1,5,5,155,À risque
U01212,VIP,314,39,25862.43,2,5,5,255,À risque
U11624,VIP,98,46,25902.29,4,5,5,455,Champions
U10968,Premium,71,38,25944.02,4,5,5,455,Champions
U05303,Premium,316,22,26096.7,2,5,5,255,À risque
U11807,Premium,11,25,26107.24,5,5,5,555,Champions
U11209,VIP,276,39,26107.48,2,5,5,255,À risque
U02712,VIP,308,58,26120.98,2,5,5,255,À risque
U11490,VIP,252,51,26122.99,2,5,5,255,À risque
U08608,Premium,129,12,26212.44,3,4,5,345,Clients fidèles
U08376,VIP,64,32,26301.16,4,5,5,455,Champions
U04370,VIP,39,33,26326.84,5,5,5,555,Champions
U11496,VIP,31,36,26334.29,5,5,5,555,Champions
U06913,Premium,17,33,26392.07,5,5,5,555,Champions
U11737,Premium,309,31,26432.8,2,5,5,255,À risque
U10465,VIP,249,46,26517.0,2,5,5,255,À risque
U00257,Standard,283,21,26536.2,2,5,5,255,À risque
U07444,VIP,99,45,26538.26,4,5,5,455,Champions
U11338,VIP,128,40,26540.24,4,5,5,455,Champions
U02350,VIP,338,37,26579.06,2,5,5,255,À risque
U02688,VIP,154,56,26579.93,3,5,5,355,Clients fidèles
U11349,Premium,92,50,26663.57,4,5,5,455,Champions
U10470,VIP,219,42,26713.71,3,5,5,355,Clients fidèles
U09628,VIP,250,43,26781.08,2,5,5,255,À risque
U11222,VIP,95,50,26855.34,4,5,5,455,Champions
U09063,VIP,249,41,27105.91,2,5,5,255,À risque
U05387,VIP,95,64,27171.95,4,5,5,455,Champions
U10317,Inconnu,101,29,27188.76,4,5,5,455,Champions
U08516,VIP,35,46,27262.92,5,5,5,555,Champions
U11722,Inconnu,36,51,27295.98,5,5,5,555,Champions
U00478,VIP,215,42,27306.61,3,5,5,355,Clients fidèles
U02781,Standard,44,9,27354.59,5,3,5,535,Clients fidèles
U03071,Premium,63,28,27382.5,4,5,5,455,Champions
U02832,VIP,185,50,27407.14,3,5,5,355,Clients fidèles
U00822,VIP,157,53,27407.96,3,5,5,355,Clients fidèles
U01169,VIP,277,50,27453.09,2,5,5,255,À risque
U07224,VIP,5,52,27513.44,5,5,5,555,Champions
U02851,Premium,63,27,27660.55,4,5,5,455,Champions
U01763,VIP,31,35,27687.35,5,5,5,555,Champions
U09599,Premium,125,28,27765.37,4,5,5,455,Champions
U02803,Premium,92,35,27855.26,4,5,5,455,Champions
U07973,Premium,521,13,27947.06,1,4,5,145,À risque
U06717,VIP,2,51,28085.71,5,5,5,555,Champions
U04672,VIP,155,58,28137.23,3,5,5,355,Clients fidèles
U08991,Premium,173,24,28237.48,3,5,5,355,Clients fidèles
U04993,Budget,30,5,28248.17,5,2,5,525,Nouveaux
U01673,VIP,63,35,28379.38,4,5,5,455,Champions
U11508,Premium,67,52,28453.21,4,5,5,455,Champions
U01505,VIP,128,40,28474.68,4,5,5,455,Champions
U03679,VIP,32,29,28603.03,5,5,5,555,Champions
U05732,Premium,63,24,28616.15,4,5,5,455,Champions
U10195,VIP,34,47,28694.79,5,5,5,555,Champions
U01965,VIP,95,56,28783.62,4,5,5,455,Champions
U06585,VIP,221,60,28886.2,3,5,5,355,Clients fidèles
U10517,VIP,34,69,29012.24,5,5,5,555,Champions
U00670,VIP,37,38,29032.53,5,5,5,555,Champions
U03785,VIP,127,41,29073.65,4,5,5,455,Champions
U10003,VIP,487,59,29153.44,1,5,5,155,À risque
U04356,Premium,193,28,29260.39,3,5,5,355,Clients fidèles
U11961,Inconnu,130,51,29303.3,3,5,5,355,Clients fidèles
U10444,VIP,125,33,29315.52,4,5,5,455,Champions
U03400,Premium,185,28,29422.84,3,5,5,355,Clients fidèles
U01094,Premium,8,38,29528.93,5,5,5,555,Champions
U08459,VIP,66,26,29617.14,4,5,5,455,Champions
U03208,VIP,250,59,29620.1,2,5,5,255,À risque
U00783,VIP,61,36,29643.86,4,5,5,455,Champions
U10363,VIP,428,36,29689.24,1,5,5,155,À risque
U10366,Standard,551,5,29727.35,1,2,5,125,Perdus
U09024,Premium,215,38,29847.78,3,5,5,355,Clients fidèles
U06142,VIP,68,29,29860.5,4,5,5,455,Champions
U10425,VIP,365,39,29901.67,2,5,5,255,À risque
U02480,Budget,587,13,29989.31,1,4,5,145,À risque
U11357,Premium,135,18,29989.55,3,4,5,345,Clients fidèles
U07541,VIP,129,42,30201.42,3,5,5,355,Clients fidèles
U05650,VIP,122,54,30429.77,4,5,5,455,Champions
U10607,VIP,369,54,30464.46,2,5,5,255,À risque
U04686,VIP,155,36,30594.68,3,5,5,355,Clients fidèles
U11514,VIP,96,49,30797.74,4,5,5,455,Champions
U02594,VIP,123,57,30902.25,4,5,5,455,Champions
U02476,VIP,93,55,31164.51,4,5,5,455,Champions
U04210,VIP,160,52,31367.36,3,5,5,355,Clients fidèles
U03302,VIP,124,72,31551.62,4,5,5,455,Champions
U08682,Premium,186,25,31845.62,3,5,5,355,Clients fidèles
U09360,VIP,6,44,31883.44,5,5,5,555,Champions
U00023,VIP,63,39,32175.15,4,5,5,455,Champions
U11794,Premium,400,20,32183.48,1,5,5,155,À risque
U09146,Inconnu,215,43,32284.86,3,5,5,355,Clients fidèles
U03953,Premium,137,29,32421.05,3,5,5,355,Clients fidèles
U08330,VIP,94,39,32457.44,4,5,5,455,Champions
U11140,VIP,31,63,32588.83,5,5,5,555,Champions
U04544,Premium,123,33,32729.06,4,5,5,455,Champions
U03587,VIP,198,39,33184.31,3,5,5,355,Clients fidèles
U08499,VIP,250,48,33232.68,2,5,5,255,À risque
U02467,VIP,220,47,33239.3,3,5,5,355,Clients fidèles
U08669,VIP,432,36,33328.03,1,5,5,155,À risque
U11267,Premium,191,28,33566.88,3,5,5,355,Clients fidèles
U02116,Premium,185,29,33688.81,3,5,5,355,Clients fidèles
U04554,VIP,131,28,34013.84,3,5,5,355,Clients fidèles
U09666,Premium,63,32,34087.53,4,5,5,455,Champions
U02127,Premium,313,34,34102.16,2,5,5,255,À risque
U08953,Premium,3,29,34261.15,5,5,5,555,Champions
U05246,VIP,248,32,34345.56,2,5,5,255,À risque
U03892,VIP,198,69,34377.67,3,5,5,355,Clients fidèles
U05353,VIP,4,43,34380.78,5,5,5,555,Champions
U00465,Premium,280,36,34462.65,2,5,5,255,À risque
U03616,Premium,5,36,34505.58,5,5,5,555,Champions
U10614,Standard,224,21,34631.09,3,5,5,355,Clients fidèles
U06106,Premium,76,28,34645.23,4,5,5,455,Champions
U01928,VIP,64,42,34812.83,4,5,5,455,Champions
U04292,VIP,93,38,34831.6,4,5,5,455,Champions
U11653,VIP,94,33,35093.88,4,5,5,455,Champions
U04234,Standard,370,13,35257.81,2,4,5,245,À risque
U04951,Premium,61,39,35313.13,4,5,5,455,Champions
U11065,VIP,366,38,35735.69,2,5,5,255,À risque
U11787,VIP,189,46,36266.23,3,5,5,355,Clients fidèles
U09703,VIP,187,36,36511.5,3,5,5,355,Clients fidèles
U04925,VIP,335,50,36529.11,2,5,5,255,À risque
U11902,VIP,396,37,36840.28,1,5,5,155,À risque
U05522,Budget,167,9,36890.01,3,3,5,335,Clients fidèles
U00067,VIP,68,55,37016.72,4,5,5,455,Champions
U03510,VIP,61,48,37315.7,4,5,5,455,Champions
U01342,VIP,62,31,37715.9,4,5,5,455,Champions
U11146,Premium,396,24,37726.28,1,5,5,155,À risque
U06580,Premium,6,34,38147.8,5,5,5,555,Champions
U08105,VIP,214,46,38196.33,3,5,5,355,Clients fidèles
U05648,VIP,1,61,38470.82,5,5,5,555,Champions
U00824,VIP,309,53,38790.72,2,5,5,255,À risque
U06890,VIP,431,38,38827.15,1,5,5,155,À risque
U02963,VIP,155,48,38958.26,3,5,5,355,Clients fidèles
U04241,VIP,275,48,38985.55,2,5,5,255,À risque
U09368,VIP,1,42,39223.78,5,5,5,555,Champions
U07788,VIP,247,46,39269.22,2,5,5,255,À risque
U11820,Premium,96,41,39557.59,4,5,5,455,Champions
U02411,VIP,2,50,39644.43,5,5,5,555,Champions
U04293,Premium,102,42,40084.09,4,5,5,455,Champions
U06503,Premium,92,37,40091.96,4,5,5,455,Champions
U04179,VIP,92,56,40604.36,4,5,5,455,Champions
U00817,VIP,276,30,40851.2,2,5,5,255,À risque
U03306,VIP,215,54,41739.81,3,5,5,355,Clients fidèles
U08841,Inconnu,579,33,41838.64,1,5,5,155,À risque
U05247,VIP,188,76,43891.23,3,5,5,355,Clients fidèles
U09369,VIP,489,37,44439.36,1,5,5,155,À risque
U03797,VIP,92,46,44521.37,4,5,5,455,Champions
U04433,VIP,123,61,45198.46,4,5,5,455,Champions
U06814,VIP,31,55,45222.51,5,5,5,555,Champions
U04169,VIP,1,50,45729.32,5,5,5,555,Champions
U03532,VIP,426,59,46220.5,1,5,5,155,À risque
U10739,VIP,308,57,46250.48,2,5,5,255,À risque
U05528,VIP,65,58,46293.58,4,5,5,455,Champions
U10728,VIP,256,42,47020.98,2,5,5,255,À risque
U04086,Inconnu,153,43,47141.56,3,5,5,355,Clients fidèles
U03007,VIP,97,51,47339.96,4,5,5,455,Champions
U00098,VIP,217,34,48314.73,3,5,5,355,Clients fidèles
U09474,VIP,125,53,48547.87,4,5,5,455,Champions
U03980,VIP,3,52,50122.27,5,5,5,555,Champions
U04002,VIP,38,64,50405.6,5,5,5,555,Champions
U04060,VIP,184,52,51783.7,3,5,5,355,Clients fidèles
U07221,VIP,9,51,53424.85,5,5,5,555,Champions
U11033,VIP,250,45,54619.18,2,5,5,255,À risque
U07411,VIP,278,54,55733.94,2,5,5,255,À risque
U02611,VIP,306,47,57665.53,2,5,5,255,À risque
U08317,VIP,186,49,59574.63,3,5,5,355,Clients fidèles
U04730,VIP,184,38,69292.19,3,5,5,355,Clients fidèles
U04772,VIP,155,52,70875.96,3,5,5,355,Clients fidèles
U11865,VIP,2,42,89158.7,5,5,5,555,Champions
